{"name":"Bambadinca","display_name":"Bambadinca, Sector de Bambadinca, Região de Bafatá, Província Leste, Guiné-Bissau","address":{"town":"Bambadinca","state":"Região de Bafatá","ISO3166-2-lvl4":"GW-BA","region":"Província Leste","ISO3166-2-lvl3":"GW-L","country":"Guiné-Bissau","country_code":"gw"},"osm_type":"node","osm_id":1944642904,"type":"town","location":[-14.860555,12.023539],"bbox":[-14.900555,11.983539,-14.820555,12.063539],"border":{"name":"Sector de Bambadinca","other_names":{"name:pt":"Sector de Bambadinca","alt":"Bambadinca"},"display_name":"Sector de Bambadinca, Região de Bafatá, Província Leste, Guiné-Bissau","address":{"town":"Sector de Bambadinca","state":"Região de Bafatá","ISO3166-2-lvl4":"GW-BA","region":"Província Leste","ISO3166-2-lvl3":"GW-L","country":"Guiné-Bissau","country_code":"gw"},"osm_type":"relation","osm_id":1761588,"type":"administrative","location":[-14.860555,12.023539],"bbox":[-15.07257,11.7956231,-14.71699,12.20489]}}
{"name":"Bigene","display_name":"Bigene, Sector de Bigene, Região de Cacheu, Província Norte, Guiné-Bissau","address":{"town":"Bigene","state":"Região de Cacheu","ISO3166-2-lvl4":"GW-CA","region":"Província Norte","ISO3166-2-lvl3":"GW-N","country":"Guiné-Bissau","country_code":"gw"},"osm_type":"node","osm_id":2298095019,"type":"town","location":[-15.535395,12.439277],"bbox":[-15.575395,12.399277,-15.495395,12.479277],"border":{"name":"Sector de Bigene","other_names":{"name:pt":"Sector de Bigene","alt":"Bigene"},"display_name":"Sector de Bigene, Região de Cacheu, Província Norte, Guiné-Bissau","address":{"town":"Sector de Bigene","state":"Região de Cacheu","ISO3166-2-lvl4":"GW-CA","region":"Província Norte","ISO3166-2-lvl3":"GW-N","country":"Guiné-Bissau","country_code":"gw"},"osm_type":"relation","osm_id":1761590,"type":"administrative","location":[-15.535395,12.439277],"bbox":[-16.0847676,12.2183658,-15.47995,12.5153384]}}
{"name":"Bijine","display_name":"Bijine, Sector de Galomaro, Região de Bafatá, Província Leste, Guiné-Bissau","address":{"town":"Bijine","county":"Sector de Galomaro","state":"Região de Bafatá","ISO3166-2-lvl4":"GW-BA","region":"Província Leste","ISO3166-2-lvl3":"GW-L","country":"Guiné-Bissau","country_code":"gw"},"osm_type":"node","osm_id":3054802407,"type":"town","location":[-14.6869158,12.1030266],"bbox":[-14.7269158,12.0630266,-14.6469158,12.1430266]}
{"name":"Binar","display_name":"Binar, Sector de Nhacra, Região de Oio, Província Norte, Guiné-Bissau","address":{"town":"Binar","state":"Região de Oio","ISO3166-2-lvl4":"GW-OI","region":"Província Norte","ISO3166-2-lvl3":"GW-N","country":"Guiné-Bissau","country_code":"gw"},"osm_type":"node","osm_id":1944611280,"type":"town","location":[-15.6232455,12.0947181],"bbox":[-15.6632455,12.0547181,-15.5832455,12.1347181]}
{"name":"Bissorã","display_name":"Bissorã, Sector de Bissorã, Região de Oio, Província Norte, Guiné-Bissau","address":{"town":"Bissorã","county":"Sector de Bissorã","state":"Região de Oio","ISO3166-2-lvl4":"GW-OI","region":"Província Norte","ISO3166-2-lvl3":"GW-N","country":"Guiné-Bissau","country_code":"gw"},"population":50774,"osm_type":"node","osm_id":1944578267,"type":"town","location":[-15.4507416,12.2235221],"bbox":[-15.4907416,12.1835221,-15.4107416,12.2635221]}
{"name":"Boé","display_name":"Boé, Sector de Madina do Boé, Região de Gabu, Província Leste, Guiné-Bissau","address":{"town":"Boé","state":"Região de Gabu","ISO3166-2-lvl4":"GW-GA","region":"Província Leste","ISO3166-2-lvl3":"GW-L","country":"Guiné-Bissau","country_code":"gw"},"osm_type":"node","osm_id":1944704308,"type":"town","location":[-14.210941,11.747412],"bbox":[-14.250941,11.707412,-14.170941,11.787412],"border":{"name":"Sector de Madina do Boé","other_names":{"name:pt":"Sector de Madina do Boé","alt":"Boé"},"display_name":"Sector de Madina do Boé, Região de Gabu, Província Leste, Guiné-Bissau","address":{"town":"Sector de Madina do Boé","state":"Região de Gabu","ISO3166-2-lvl4":"GW-GA","region":"Província Leste","ISO3166-2-lvl3":"GW-L","country":"Guiné-Bissau","country_code":"gw"},"osm_type":"relation","osm_id":1761593,"type":"administrative","location":[-14.210941,11.747412],"bbox":[-14.4364576,11.5567467,-13.6963488,12.1500525]}}
{"name":"Bolama","display_name":"Bolama, Sector de Bolama, Região de Bolama, Província Sul, Guiné-Bissau","address":{"town":"Bolama","county":"Sector de Bolama","state":"Região de Bolama","ISO3166-2-lvl4":"GW-BL","region":"Província Sul","ISO3166-2-lvl3":"GW-S","country":"Guiné-Bissau","country_code":"gw"},"osm_type":"node","osm_id":1440998537,"type":"town","location":[-15.475261,11.57763],"bbox":[-15.515261,11.53763,-15.435261,11.61763]}
{"name":"Buba","display_name":"Buba, Sector de Buba, Região de Quinara, Província Sul, Guiné-Bissau","address":{"town":"Buba","state":"Região de Quinara","ISO3166-2-lvl4":"GW-QU","region":"Província Sul","ISO3166-2-lvl3":"GW-S","country":"Guiné-Bissau","country_code":"gw"},"osm_type":"node","osm_id":1440998555,"type":"town","location":[-14.994788,11.591979],"bbox":[-15.034788,11.551979,-14.954788,11.631979],"border":{"name":"Sector de Buba","other_names":{"name:pt":"Sector de Buba","alt":"Buba"},"display_name":"Sector de Buba, Região de Quinara, Província Sul, Guiné-Bissau","address":{"town":"Sector de Buba","state":"Região de Quinara","ISO3166-2-lvl4":"GW-QU","region":"Província Sul","ISO3166-2-lvl3":"GW-S","country":"Guiné-Bissau","country_code":"gw"},"osm_type":"relation","osm_id":1761594,"type":"administrative","location":[-14.994788,11.591979],"bbox":[-15.1272945,11.4055109,-14.8236115,11.7956231]}}
{"name":"Bubaque","display_name":"Bubaque, Sector de Bubaque, Região de Bolama, Província Sul, 1214, Guiné-Bissau","address":{"town":"Bubaque","county":"Sector de Bubaque","state":"Região de Bolama","ISO3166-2-lvl4":"GW-BL","region":"Província Sul","ISO3166-2-lvl3":"GW-S","postcode":"1214","country":"Guiné-Bissau","country_code":"gw"},"population":3500,"osm_type":"node","osm_id":10277751748,"type":"town","location":[-15.8312425,11.3000802],"bbox":[-15.8712425,11.2600802,-15.7912425,11.3400802]}
{"name":"Bula","display_name":"Bula, Sector de Bula, Região de Cacheu, Província Norte, Guiné-Bissau","address":{"town":"Bula","state":"Região de Cacheu","ISO3166-2-lvl4":"GW-CA","region":"Província Norte","ISO3166-2-lvl3":"GW-N","country":"Guiné-Bissau","country_code":"gw"},"osm_type":"node","osm_id":1944611270,"type":"town","location":[-15.711007,12.108565],"bbox":[-15.751007,12.068565,-15.671007,12.148565],"border":{"name":"Sector de Bula","other_names":{"name:pt":"Sector de Bula","alt":"Bula"},"display_name":"Sector de Bula, Região de Cacheu, Província Norte, Guiné-Bissau","address":{"town":"Sector de Bula","state":"Região de Cacheu","ISO3166-2-lvl4":"GW-CA","region":"Província Norte","ISO3166-2-lvl3":"GW-N","country":"Guiné-Bissau","country_code":"gw"},"osm_type":"relation","osm_id":1761596,"type":"administrative","location":[-15.711007,12.108565],"bbox":[-15.9475941,11.9739641,-15.6212067,12.314631]}}
{"name":"Cacheu","display_name":"Cacheu, Sector de Cacheu, Região de Cacheu, Província Norte, Guiné-Bissau","address":{"town":"Cacheu","county":"Sector de Cacheu","state":"Região de Cacheu","ISO3166-2-lvl4":"GW-CA","region":"Província Norte","ISO3166-2-lvl3":"GW-N","country":"Guiné-Bissau","country_code":"gw"},"osm_type":"node","osm_id":2293469593,"type":"town","location":[-16.1648911,12.274246],"bbox":[-16.2048911,12.234246,-16.1248911,12.314246]}
{"name":"Cacine","display_name":"Cacine, Sector de Cacine, Região de Tombali, Província Sul, Guiné-Bissau","address":{"town":"Cacine","county":"Sector de Cacine","state":"Região de Tombali","ISO3166-2-lvl4":"GW-TO","region":"Província Sul","ISO3166-2-lvl3":"GW-S","country":"Guiné-Bissau","country_code":"gw"},"osm_type":"node","osm_id":1440998579,"type":"town","location":[-15.02007,11.12915],"bbox":[-15.06007,11.08915,-14.98007,11.16915]}
{"name":"Caió","display_name":"Caió, Sector de Caió, Região de Cacheu, Província Norte, Guiné-Bissau","address":{"town":"Caió","state":"Região de Cacheu","ISO3166-2-lvl4":"GW-CA","region":"Província Norte","ISO3166-2-lvl3":"GW-N","country":"Guiné-Bissau","country_code":"gw"},"osm_type":"node","osm_id":1440998598,"type":"town","location":[-16.20014,11.930685],"bbox":[-16.24014,11.890685,-16.16014,11.970685],"border":{"name":"Sector de Caió","other_names":{"name:pt":"Sector de Caió","alt":"Caió"},"display_name":"Sector de Caió, Região de Cacheu, Província Norte, Guiné-Bissau","address":{"town":"Sector de Caió","state":"Região de Cacheu","ISO3166-2-lvl4":"GW-CA","region":"Província Norte","ISO3166-2-lvl3":"GW-N","country":"Guiné-Bissau","country_code":"gw"},"osm_type":"relation","osm_id":1761599,"type":"administrative","location":[-16.20014,11.930685],"bbox":[-16.3610565,11.7491007,-15.9773505,12.0343871]}}
{"name":"Canchungo","display_name":"Canchungo, Sector de Canchungo, Região de Cacheu, Província Norte, Guiné-Bissau","address":{"town":"Canchungo","county":"Sector de Canchungo","state":"Região de Cacheu","ISO3166-2-lvl4":"GW-CA","region":"Província Norte","ISO3166-2-lvl3":"GW-N","country":"Guiné-Bissau","country_code":"gw"},"osm_type":"node","osm_id":2297815355,"type":"town","location":[-16.031912,12.066422],"bbox":[-16.071912,12.026422,-15.991912,12.106422]}
{"name":"Catió","display_name":"Catió, Sector de Catió, Região de Tombali, Província Sul, Guiné-Bissau","address":{"town":"Catió","state":"Região de Tombali","ISO3166-2-lvl4":"GW-TO","region":"Província Sul","ISO3166-2-lvl3":"GW-S","country":"Guiné-Bissau","country_code":"gw"},"osm_type":"node","osm_id":1440998628,"type":"town","location":[-15.2547152,11.2835568],"bbox":[-15.2947152,11.2435568,-15.2147152,11.3235568],"border":{"name":"Sector de Catió","other_names":{"name:pt":"Sector de Catió","alt":"Catió"},"display_name":"Sector de Catió, Região de Tombali, Província Sul, Guiné-Bissau","address":{"town":"Sector de Catió","state":"Região de Tombali","ISO3166-2-lvl4":"GW-TO","region":"Província Sul","ISO3166-2-lvl3":"GW-S","country":"Guiné-Bissau","country_code":"gw"},"osm_type":"relation","osm_id":1761602,"type":"administrative","location":[-15.2547152,11.2835568],"bbox":[-15.4462744,11.2067255,-15.0861044,11.479806]}}
{"name":"Contuboel","display_name":"Contuboel, Sector de Contuboel, Região de Bafatá, Província Leste, Guiné-Bissau","address":{"town":"Contuboel","county":"Sector de Contuboel","state":"Região de Bafatá","ISO3166-2-lvl4":"GW-BA","region":"Província Leste","ISO3166-2-lvl3":"GW-L","country":"Guiné-Bissau","country_code":"gw"},"osm_type":"node","osm_id":7600905073,"type":"town","location":[-14.5603502,12.3755089],"bbox":[-14.6003502,12.3355089,-14.5203502,12.4155089]}
{"name":"Cufar","display_name":"Cufar, Sector de Catió, Região de Tombali, Província Sul, Guiné-Bissau","address":{"town":"Cufar","state":"Região de Tombali","ISO3166-2-lvl4":"GW-TO","region":"Província Sul","ISO3166-2-lvl3":"GW-S","country":"Guiné-Bissau","country_code":"gw"},"osm_type":"node","osm_id":3844208941,"type":"town","location":[-15.18001,11.271728],"bbox":[-15.22001,11.231728,-15.14001,11.311728]}
{"name":"Cuntuba","display_name":"Cuntuba, Sector de Gã-Mamudo, Região de Bafatá, Província Leste, Guiné-Bissau","address":{"town":"Cuntuba","state":"Região de Bafatá","ISO3166-2-lvl4":"GW-BA","region":"Província Leste","ISO3166-2-lvl3":"GW-L","country":"Guiné-Bissau","country_code":"gw"},"population":2034,"osm_type":"node","osm_id":5667419034,"type":"town","location":[-14.7080447,12.2280281],"bbox":[-14.7480447,12.1880281,-14.6680447,12.2680281]}
{"name":"Empada","display_name":"Empada, Sector de Empada, Região de Quinara, Província Sul, Guiné-Bissau","address":{"town":"Empada","county":"Sector de Empada","state":"Região de Quinara","ISO3166-2-lvl4":"GW-QU","region":"Província Sul","ISO3166-2-lvl3":"GW-S","country":"Guiné-Bissau","country_code":"gw"},"osm_type":"node","osm_id":3803732657,"type":"town","location":[-15.227461,11.541162],"bbox":[-15.267461,11.501162,-15.187461,11.581162]}
{"name":"Farim","display_name":"Farim, Sector de Farim, Região de Oio, Província Norte, Guiné-Bissau","address":{"town":"Farim","county":"Sector de Farim","state":"Região de Oio","ISO3166-2-lvl4":"GW-OI","region":"Província Norte","ISO3166-2-lvl3":"GW-N","country":"Guiné-Bissau","country_code":"gw"},"population":6405,"osm_type":"node","osm_id":1944611258,"type":"town","location":[-15.2196439,12.4823646],"bbox":[-15.2596439,12.4423646,-15.1796439,12.5223646]}
{"name":"Fulacunda","display_name":"Fulacunda, Sector de Fulacunda, Região de Quinara, Província Sul, Guiné-Bissau","address":{"town":"Fulacunda","state":"Região de Quinara","ISO3166-2-lvl4":"GW-QU","region":"Província Sul","ISO3166-2-lvl3":"GW-S","country":"Guiné-Bissau","country_code":"gw"},"osm_type":"node","osm_id":1440998649,"type":"town","location":[-15.1720999,11.774895],"bbox":[-15.2120999,11.734895,-15.1320999,11.814895],"border":{"name":"Sector de Fulacunda","other_names":{"name:pt":"Sector de Fulacunda","alt":"Fulacunda"},"display_name":"Sector de Fulacunda, Região de Quinara, Província Sul, Guiné-Bissau","address":{"town":"Sector de Fulacunda","state":"Região de Quinara","ISO3166-2-lvl4":"GW-QU","region":"Província Sul","ISO3166-2-lvl3":"GW-S","country":"Guiné-Bissau","country_code":"gw"},"osm_type":"relation","osm_id":1761606,"type":"administrative","location":[-15.1720999,11.774895],"bbox":[-15.30072,11.6263845,-15.0014592,11.9573562]}}
{"name":"Gã-Mamudo","display_name":"Gã-Mamudo, Sector de Gã-Mamudo, Região de Bafatá, Província Leste, Guiné-Bissau","address":{"town":"Gã-Mamudo","state":"Região de Bafatá","ISO3166-2-lvl4":"GW-BA","region":"Província Leste","ISO3166-2-lvl3":"GW-L","country":"Guiné-Bissau","country_code":"gw"},"population":605,"osm_type":"node","osm_id":5667321867,"type":"town","location":[-14.7265085,12.2713222],"bbox":[-14.7665085,12.2313222,-14.6865085,12.3113222],"border":{"name":"Sector de Gã-Mamudo","other_names":{"name:pt":"Sector de Gã-Mamudo","alt":"Gã-Mamudo"},"display_name":"Sector de Gã-Mamudo, Região de Bafatá, Província Leste, Guiné-Bissau","address":{"town":"Sector de Gã-Mamudo","state":"Região de Bafatá","ISO3166-2-lvl4":"GW-BA","region":"Província Leste","ISO3166-2-lvl3":"GW-L","country":"Guiné-Bissau","country_code":"gw"},"population":605,"osm_type":"relation","osm_id":1761609,"type":"administrative","location":[-14.7265085,12.2713222],"bbox":[-14.97644,12.09913,-14.6508658,12.5150555]}}
{"name":"Galomaro","display_name":"Galomaro, Sector de Galomaro, Região de Bafatá, Província Leste, Guiné-Bissau","address":{"town":"Galomaro","county":"Sector de Galomaro","state":"Região de Bafatá","ISO3166-2-lvl4":"GW-BA","region":"Província Leste","ISO3166-2-lvl3":"GW-L","country":"Guiné-Bissau","country_code":"gw"},"osm_type":"node","osm_id":3054802537,"type":"town","location":[-14.6371254,11.9529086],"bbox":[-14.6771254,11.9129086,-14.5971254,11.9929086]}
{"name":"Ingoré","display_name":"Ingoré, Sector de Bigene, Região de Cacheu, Província Norte, Guiné-Bissau","address":{"town":"Ingoré","state":"Região de Cacheu","ISO3166-2-lvl4":"GW-CA","region":"Província Norte","ISO3166-2-lvl3":"GW-N","country":"Guiné-Bissau","country_code":"gw"},"osm_type":"node","osm_id":2298095047,"type":"town","location":[-15.7986924,12.4077277],"bbox":[-15.8386924,12.3677277,-15.7586924,12.4477277]}
{"name":"Jabicunda","display_name":"Jabicunda, Sector de Bafatá, Região de Bafatá, Província Leste, Guiné-Bissau","address":{"town":"Jabicunda","county":"Sector de Bafatá","state":"Região de Bafatá","ISO3166-2-lvl4":"GW-BA","region":"Província Leste","ISO3166-2-lvl3":"GW-L","country":"Guiné-Bissau","country_code":"gw"},"osm_type":"node","osm_id":3054801540,"type":"town","location":[-14.5489655,12.3218283],"bbox":[-14.5889655,12.2818283,-14.5089655,12.3618283]}
{"name":"Mansabá","other_names":{"name:pt":"Mansabá","alt_name":"Mansabã"},"display_name":"Mansabá, Sector de Mansabá, Região de Oio, Província Norte, Guiné-Bissau","address":{"town":"Mansabá","county":"Sector de Mansabá","state":"Região de Oio","ISO3166-2-lvl4":"GW-OI","region":"Província Norte","ISO3166-2-lvl3":"GW-N","country":"Guiné-Bissau","country_code":"gw"},"osm_type":"node","osm_id":1944611269,"type":"town","location":[-15.1712726,12.2950027],"bbox":[-15.2112726,12.2550027,-15.1312726,12.3350027]}
{"name":"Mansoa","other_names":{"name:ko":"만소아"},"display_name":"Mansoa, Sector de Mansoa, Região de Oio, Província Norte, Guiné-Bissau","address":{"town":"Mansoa","state":"Região de Oio","ISO3166-2-lvl4":"GW-OI","region":"Província Norte","ISO3166-2-lvl3":"GW-N","country":"Guiné-Bissau","country_code":"gw"},"osm_type":"node","osm_id":1562926028,"type":"town","location":[-15.316344,12.06661],"bbox":[-15.356344,12.02661,-15.276344,12.10661],"border":{"name":"Sector de Mansoa","other_names":{"name:pt":"Sector de Mansoa","name:ko":"만소아","alt":"Mansoa"},"display_name":"Sector de Mansoa, Região de Oio, Província Norte, Guiné-Bissau","address":{"town":"Sector de Mansoa","state":"Região de Oio","ISO3166-2-lvl4":"GW-OI","region":"Província Norte","ISO3166-2-lvl3":"GW-N","country":"Guiné-Bissau","country_code":"gw"},"osm_type":"relation","osm_id":1761611,"type":"administrative","location":[-15.316344,12.06661],"bbox":[-15.4592478,11.9083327,-14.9405383,12.20889]}}
{"name":"Nhacra","display_name":"Nhacra, Sector de Nhacra, Região de Oio, Província Norte, Guiné-Bissau","address":{"town":"Nhacra","state":"Região de Oio","ISO3166-2-lvl4":"GW-OI","region":"Província Norte","ISO3166-2-lvl3":"GW-N","country":"Guiné-Bissau","country_code":"gw"},"osm_type":"node","osm_id":1440998660,"type":"town","location":[-15.5378614,11.9589273],"bbox":[-15.5778614,11.9189273,-15.4978614,11.9989273],"border":{"name":"Sector de Nhacra","other_names":{"name:pt":"Sector de Nhacra","alt":"Nhacra"},"display_name":"Sector de Nhacra, Região de Oio, Província Norte, Guiné-Bissau","address":{"town":"Sector de Nhacra","state":"Região de Oio","ISO3166-2-lvl4":"GW-OI","region":"Província Norte","ISO3166-2-lvl3":"GW-N","country":"Guiné-Bissau","country_code":"gw"},"osm_type":"relation","osm_id":1761612,"type":"administrative","location":[-15.5378614,11.9589273],"bbox":[-15.6769369,11.8901234,-15.3936072,12.21727]}}
{"name":"Pirada","display_name":"Pirada, Sector de Pirada, Região de Gabu, Província Leste, Guiné-Bissau","address":{"town":"Pirada","county":"Sector de Pirada","state":"Região de Gabu","ISO3166-2-lvl4":"GW-GA","region":"Província Leste","ISO3166-2-lvl3":"GW-L","country":"Guiné-Bissau","country_code":"gw"},"osm_type":"node","osm_id":2299114800,"type":"town","location":[-14.15473,12.663468],"bbox":[-14.19473,12.623468,-14.11473,12.703468]}
{"name":"Pitche","display_name":"Pitche, Sector de Pitche, Região de Gabu, Província Leste, Guiné-Bissau","address":{"town":"Pitche","state":"Região de Gabu","ISO3166-2-lvl4":"GW-GA","region":"Província Leste","ISO3166-2-lvl3":"GW-L","country":"Guiné-Bissau","country_code":"gw"},"osm_type":"node","osm_id":1944704595,"type":"town","location":[-13.954994,12.326137],"bbox":[-13.994994,12.286137,-13.914994,12.366137],"border":{"name":"Sector de Pitche","other_names":{"name:pt":"Sector de Pitche","alt":"Pitche"},"display_name":"Sector de Pitche, Região de Gabu, Província Leste, Guiné-Bissau","address":{"town":"Sector de Pitche","state":"Região de Gabu","ISO3166-2-lvl4":"GW-GA","region":"Província Leste","ISO3166-2-lvl3":"GW-L","country":"Guiné-Bissau","country_code":"gw"},"osm_type":"relation","osm_id":1761613,"type":"administrative","location":[-13.954994,12.326137],"bbox":[-14.1743795,12.1237585,-13.6348777,12.677311]}}
{"name":"Prabis","display_name":"Prabis, Sector de Prabis, Região de Biombo, Província Norte, Guiné-Bissau","address":{"town":"Prabis","county":"Sector de Prabis","state":"Região de Biombo","ISO3166-2-lvl4":"GW-BM","region":"Província Norte","ISO3166-2-lvl3":"GW-N","country":"Guiné-Bissau","country_code":"gw"},"osm_type":"node","osm_id":1440998674,"type":"town","location":[-15.7401575,11.8005341],"bbox":[-15.7801575,11.7605341,-15.7001575,11.8405341]}
{"name":"Quebo","display_name":"Quebo, Sector de Quebo, Região de Tombali, Província Sul, Guiné-Bissau","address":{"town":"Quebo","county":"Sector de Quebo","state":"Região de Tombali","ISO3166-2-lvl4":"GW-TO","region":"Província Sul","ISO3166-2-lvl3":"GW-S","country":"Guiné-Bissau","country_code":"gw"},"osm_type":"node","osm_id":1440998680,"type":"town","location":[-14.7678444,11.5388759],"bbox":[-14.8078444,11.4988759,-14.7278444,11.5788759]}
{"name":"Quinhamel","display_name":"Quinhamel, Sector de Quinhamel, Região de Biombo, Província Norte, Guiné-Bissau","address":{"town":"Quinhamel","state":"Região de Biombo","ISO3166-2-lvl4":"GW-BM","region":"Província Norte","ISO3166-2-lvl3":"GW-N","country":"Guiné-Bissau","country_code":"gw"},"osm_type":"node","osm_id":1440998683,"type":"town","location":[-15.851309,11.894183],"bbox":[-15.891309,11.854183,-15.811309,11.934183],"border":{"name":"Sector de Quinhamel","other_names":{"name:pt":"Sector de Quinhamel","alt":"Quinhamel"},"display_name":"Sector de Quinhamel, Região de Biombo, Província Norte, Guiné-Bissau","address":{"town":"Sector de Quinhamel","state":"Região de Biombo","ISO3166-2-lvl4":"GW-BM","region":"Província Norte","ISO3166-2-lvl3":"GW-N","country":"Guiné-Bissau","country_code":"gw"},"osm_type":"relation","osm_id":1761617,"type":"administrative","location":[-15.851309,11.894183],"bbox":[-15.9678919,11.7342474,-15.7111363,12.0171996]}}
{"name":"Safim","display_name":"Safim, Sector de Safim, Região de Biombo, Província Norte, Guiné-Bissau","address":{"town":"Safim","state":"Região de Biombo","ISO3166-2-lvl4":"GW-BM","region":"Província Norte","ISO3166-2-lvl3":"GW-N","country":"Guiné-Bissau","country_code":"gw"},"osm_type":"node","osm_id":1440998693,"type":"town","location":[-15.615397,11.931923],"bbox":[-15.655397,11.891923,-15.575397,11.971923],"border":{"name":"Sector de Safim","other_names":{"name:pt":"Sector de Safim","alt":"Safim"},"display_name":"Sector de Safim, Região de Biombo, Província Norte, Guiné-Bissau","address":{"town":"Sector de Safim","state":"Região de Biombo","ISO3166-2-lvl4":"GW-BM","region":"Província Norte","ISO3166-2-lvl3":"GW-N","country":"Guiné-Bissau","country_code":"gw"},"osm_type":"relation","osm_id":1761618,"type":"administrative","location":[-15.615397,11.931923],"bbox":[-15.7286232,11.8578094,-15.597598,12.0289641]}}
{"name":"São Domingos","display_name":"São Domingos, Sector de São Domingos, Região de Cacheu, Província Norte, Guiné-Bissau","address":{"town":"São Domingos","state":"Região de Cacheu","ISO3166-2-lvl4":"GW-CA","region":"Província Norte","ISO3166-2-lvl3":"GW-N","country":"Guiné-Bissau","country_code":"gw"},"osm_type":"node","osm_id":293456184,"type":"town","location":[-16.196593,12.402654],"bbox":[-16.236593,12.362654,-16.156593,12.442654],"border":{"name":"Sector de São Domingos","other_names":{"name:pt":"Sector de São Domingos","alt":"São Domingos"},"display_name":"Sector de São Domingos, Região de Cacheu, Província Norte, Guiné-Bissau","address":{"town":"Sector de São Domingos","state":"Região de Cacheu","ISO3166-2-lvl4":"GW-CA","region":"Província Norte","ISO3166-2-lvl3":"GW-N","country":"Guiné-Bissau","country_code":"gw"},"osm_type":"relation","osm_id":1761620,"type":"administrative","location":[-16.196593,12.402654],"bbox":[-16.7172593,12.1432124,-16.0222666,12.4724485]}}
{"display_name":"Sector de Bafatá, Região de Bafatá, Província Leste, Guiné-Bissau","address":{"county":"Sector de Bafatá","state":"Região de Bafatá","ISO3166-2-lvl4":"GW-BA","region":"Província Leste","ISO3166-2-lvl3":"GW-L","country":"Guiné-Bissau","country_code":"gw"},"osm_type":"way","osm_id":786459650,"type":"town","location":[-14.513854003314622,12.16077485],"bbox":[-14.5154695,12.1578906,-14.5118922,12.1642179]}
{"display_name":"Sector de Contuboel, Região de Bafatá, Província Leste, Guiné-Bissau","address":{"county":"Sector de Contuboel","state":"Região de Bafatá","ISO3166-2-lvl4":"GW-BA","region":"Província Leste","ISO3166-2-lvl3":"GW-L","country":"Guiné-Bissau","country_code":"gw"},"osm_type":"node","osm_id":3647833942,"type":"town","location":[-14.6574623,12.6169507],"bbox":[-14.6974623,12.5769507,-14.6174623,12.6569507]}
{"display_name":"Sector de Galomaro, Região de Bafatá, Província Leste, Guiné-Bissau","address":{"county":"Sector de Galomaro","state":"Região de Bafatá","ISO3166-2-lvl4":"GW-BA","region":"Província Leste","ISO3166-2-lvl3":"GW-L","country":"Guiné-Bissau","country_code":"gw"},"osm_type":"node","osm_id":3940421217,"type":"town","location":[-14.6025521,11.9447828],"bbox":[-14.6425521,11.9047828,-14.5625521,11.9847828]}
{"display_name":"Sector de Nhacra, Região de Oio, Província Norte, Guiné-Bissau","address":{"town":"Sector de Nhacra","state":"Região de Oio","ISO3166-2-lvl4":"GW-OI","region":"Província Norte","ISO3166-2-lvl3":"GW-N","country":"Guiné-Bissau","country_code":"gw"},"osm_type":"node","osm_id":8680414818,"type":"town","location":[-15.5716984,11.981263],"bbox":[-15.6116984,11.941263,-15.5316984,12.021263]}
{"display_name":"Sector de Sonaco, Região de Gabu, Província Leste, Guiné-Bissau","address":{"county":"Sector de Sonaco","state":"Região de Gabu","ISO3166-2-lvl4":"GW-GA","region":"Província Leste","ISO3166-2-lvl3":"GW-L","country":"Guiné-Bissau","country_code":"gw"},"osm_type":"node","osm_id":3054802150,"type":"town","location":[-14.3578409,12.5931417],"bbox":[-14.3978409,12.5531417,-14.3178409,12.6331417]}
{"name":"Sonaco","display_name":"Sonaco, Sector de Sonaco, Região de Gabu, Província Leste, Guiné-Bissau","address":{"town":"Sonaco","county":"Sector de Sonaco","state":"Região de Gabu","ISO3166-2-lvl4":"GW-GA","region":"Província Leste","ISO3166-2-lvl3":"GW-L","country":"Guiné-Bissau","country_code":"gw"},"osm_type":"node","osm_id":3054802020,"type":"town","location":[-14.4838361,12.3951689],"bbox":[-14.5238361,12.3551689,-14.4438361,12.4351689]}
{"name":"Tite","display_name":"Tite, Sector de Tite, Região de Quinara, Província Sul, Guiné-Bissau","address":{"town":"Tite","county":"Sector de Tite","state":"Região de Quinara","ISO3166-2-lvl4":"GW-QU","region":"Província Sul","ISO3166-2-lvl3":"GW-S","country":"Guiné-Bissau","country_code":"gw"},"osm_type":"node","osm_id":1440998707,"type":"town","location":[-15.399514,11.780287],"bbox":[-15.439514,11.740287,-15.359514,11.820287]}
{"name":"Xitole","display_name":"Xitole, Sector de Xitole, Região de Bafatá, Província Leste, Guiné-Bissau","address":{"town":"Xitole","county":"Sector de Xitole","state":"Região de Bafatá","ISO3166-2-lvl4":"GW-BA","region":"Província Leste","ISO3166-2-lvl3":"GW-L","country":"Guiné-Bissau","country_code":"gw"},"osm_type":"node","osm_id":3802484319,"type":"town","location":[-14.8144697,11.7349442],"bbox":[-14.8544697,11.6949442,-14.7744697,11.7749442]}
