{"name":"Anse Ger","display_name":"Anse Ger, Micoud, LC14 201, Saint Lucia","address":{"village":"Anse Ger","state":"Micoud","ISO3166-2-lvl4":"LC-08","postcode":"LC14 201","country":"Saint Lucia","country_code":"lc"},"osm_type":"node","osm_id":6546129587,"type":"village","location":[-60.9190822,13.7983653],"bbox":[-60.9390822,13.7783653,-60.8990822,13.8183653]}
{"name":"Au Leon","display_name":"Au Leon, Dennery, LC17 401, Saint Lucia","address":{"village":"Au Leon","state":"Dennery","ISO3166-2-lvl4":"LC-05","postcode":"LC17 401","country":"Saint Lucia","country_code":"lc"},"osm_type":"node","osm_id":6337335897,"type":"village","location":[-60.9067627,13.9480341],"bbox":[-60.9267627,13.9280341,-60.8867627,13.9680341]}
{"name":"Babonneau","display_name":"Babonneau, Castries, LC02 101, Saint Lucia","address":{"village":"Babonneau","state":"Castries","ISO3166-2-lvl4":"LC-02","postcode":"LC02 101","country":"Saint Lucia","country_code":"lc"},"osm_type":"node","osm_id":3818902255,"type":"village","location":[-60.9453718,14.0044403],"bbox":[-60.9653718,13.9844403,-60.9253718,14.0244403]}
{"name":"Balata","display_name":"Balata, Castries, LC02 101, Saint Lucia","address":{"village":"Balata","state":"Castries","ISO3166-2-lvl4":"LC-02","postcode":"LC02 101","country":"Saint Lucia","country_code":"lc"},"osm_type":"node","osm_id":6335611445,"type":"village","location":[-60.955225,14.0135434],"bbox":[-60.975225,13.9935434,-60.935225,14.0335434]}
{"name":"Beausejour","other_names":{"name:en":"Beausejour","name:acf":"Boséjou","name:gcf":"Boséjou"},"display_name":"Beausejour, Gros Islet, LC01 601, Saint Lucia","address":{"village":"Beausejour","state":"Gros Islet","ISO3166-2-lvl4":"LC-06","postcode":"LC01 601","country":"Saint Lucia","country_code":"lc"},"osm_type":"node","osm_id":3997864713,"type":"village","location":[-60.9384496,14.0761935],"bbox":[-60.9584496,14.0561935,-60.9184496,14.0961935]}
{"name":"Bellevue","other_names":{"name:en":"Bellevue","name:gcf":"Bèlvi"},"display_name":"Bellevue, Vieux Fort, LC14 201, Saint Lucia","address":{"village":"Bellevue","state":"Vieux Fort","ISO3166-2-lvl4":"LC-11","postcode":"LC14 201","country":"Saint Lucia","country_code":"lc"},"osm_type":"node","osm_id":6337230902,"type":"village","location":[-60.9558829,13.7921244],"bbox":[-60.9758829,13.7721244,-60.9358829,13.8121244]}
{"name":"Belvedere","other_names":{"name:en":"Belvedere","name:acf":"Bèlvèdè","name:gcf":"Bèlvèdè"},"display_name":"Belvedere, Soufrière, LC00 124, Saint Lucia","address":{"village":"Belvedere","state":"Soufrière","ISO3166-2-lvl4":"LC-10","postcode":"LC00 124","country":"Saint Lucia","country_code":"lc"},"osm_type":"node","osm_id":4003241476,"type":"village","location":[-61.056162,13.8920245],"bbox":[-61.076162,13.8720245,-61.036162,13.9120245]}
{"name":"Bexon","display_name":"Bexon, Castries, LC06 201, Saint Lucia","address":{"village":"Bexon","state":"Castries","ISO3166-2-lvl4":"LC-02","postcode":"LC06 201","country":"Saint Lucia","country_code":"lc"},"osm_type":"node","osm_id":6335688485,"type":"village","location":[-60.9752292,13.9591858],"bbox":[-60.9952292,13.9391858,-60.9552292,13.9791858]}
{"name":"Black Bay","display_name":"Black Bay, Vieux Fort, LC11 101, Saint Lucia","address":{"village":"Black Bay","state":"Vieux Fort","ISO3166-2-lvl4":"LC-11","postcode":"LC11 101","country":"Saint Lucia","country_code":"lc"},"osm_type":"node","osm_id":4699619070,"type":"village","location":[-60.9747736,13.7457417],"bbox":[-60.9947736,13.7257417,-60.9547736,13.7657417]}
{"name":"Blanchard","display_name":"Blanchard, Micoud, LC14 201, Saint Lucia","address":{"village":"Blanchard","state":"Micoud","ISO3166-2-lvl4":"LC-08","postcode":"LC14 201","country":"Saint Lucia","country_code":"lc"},"osm_type":"node","osm_id":6337230899,"type":"village","location":[-60.9466495,13.8064064],"bbox":[-60.9666495,13.7864064,-60.9266495,13.8264064]}
{"name":"Bois D'orange","display_name":"Bois D'orange, Gros Islet, LC01 501, Saint Lucia","address":{"village":"Bois D'orange","state":"Gros Islet","ISO3166-2-lvl4":"LC-06","postcode":"LC01 501","country":"Saint Lucia","country_code":"lc"},"population":1130,"osm_type":"node","osm_id":7920987482,"type":"village","location":[-60.9607744,14.0567636],"bbox":[-60.9807744,14.0367636,-60.9407744,14.0767636]}
{"name":"Bouton","display_name":"Bouton, Soufrière, LC00 124, Saint Lucia","address":{"village":"Bouton","state":"Soufrière","ISO3166-2-lvl4":"LC-10","postcode":"LC00 124","country":"Saint Lucia","country_code":"lc"},"osm_type":"node","osm_id":6335959698,"type":"village","location":[-61.0706163,13.8795585],"bbox":[-61.0906163,13.8595585,-61.0506163,13.8995585]}
{"name":"Cantonnement","display_name":"Cantonnement, Vieux Fort, LC11 101, Saint Lucia","address":{"village":"Cantonnement","state":"Vieux Fort","ISO3166-2-lvl4":"LC-11","postcode":"LC11 101","country":"Saint Lucia","country_code":"lc"},"osm_type":"node","osm_id":6337163808,"type":"village","location":[-60.9770799,13.7573032],"bbox":[-60.9970799,13.7373032,-60.9570799,13.7773032]}
{"display_name":"Castries, Saint Lucia","address":{"state":"Castries","ISO3166-2-lvl4":"LC-02","country":"Saint Lucia","country_code":"lc"},"osm_type":"way","osm_id":450104656,"type":"village","location":[-61.00871138400879,13.99039855],"bbox":[-61.0109237,13.9861165,-61.0049913,13.9947066]}
{"name":"Ciceron","display_name":"Ciceron, Castries, LC33 311, Saint Lucia","address":{"village":"Ciceron","state":"Castries","ISO3166-2-lvl4":"LC-02","postcode":"LC33 311","country":"Saint Lucia","country_code":"lc"},"osm_type":"node","osm_id":4470258842,"type":"village","location":[-61.0080602,13.9900635],"bbox":[-61.0280602,13.9700635,-60.9880602,14.0100635]}
{"name":"Conway","display_name":"Conway, Castries, LC04 201, Saint Lucia","address":{"village":"Conway","state":"Castries","ISO3166-2-lvl4":"LC-02","postcode":"LC04 201","country":"Saint Lucia","country_code":"lc"},"osm_type":"node","osm_id":4028609633,"type":"village","location":[-61.0089733,13.9916326],"bbox":[-61.0289733,13.9716326,-60.9889733,14.0116326]}
{"name":"Coolie Town","display_name":"Coolie Town, Castries, LC00 123, Saint Lucia","address":{"village":"Coolie Town","state":"Castries","ISO3166-2-lvl4":"LC-02","postcode":"LC00 123","country":"Saint Lucia","country_code":"lc"},"osm_type":"node","osm_id":6336091839,"type":"village","location":[-61.014601,13.957912],"bbox":[-61.034601,13.937912,-60.994601,13.977912]}
{"name":"Corinth","display_name":"Corinth, Gros Islet, LC01 201, Saint Lucia","address":{"village":"Corinth","state":"Gros Islet","ISO3166-2-lvl4":"LC-06","postcode":"LC01 201","country":"Saint Lucia","country_code":"lc"},"osm_type":"node","osm_id":6337387500,"type":"village","location":[-60.962251,14.0467378],"bbox":[-60.982251,14.0267378,-60.942251,14.0667378]}
{"name":"Country Village","display_name":"Country Village, Castries, LC33 311, Saint Lucia","address":{"village":"Country Village","state":"Castries","ISO3166-2-lvl4":"LC-02","postcode":"LC33 311","country":"Saint Lucia","country_code":"lc"},"osm_type":"node","osm_id":4023594683,"type":"village","location":[-60.9790428,13.9755714],"bbox":[-60.9990428,13.9555714,-60.9590428,13.9955714]}
{"name":"Derniere Riviere","display_name":"Derniere Riviere, Dennery, LC17 401, Saint Lucia","address":{"village":"Derniere Riviere","state":"Dennery","ISO3166-2-lvl4":"LC-05","postcode":"LC17 401","country":"Saint Lucia","country_code":"lc"},"osm_type":"node","osm_id":6337744350,"type":"village","location":[-60.924482,13.9517831],"bbox":[-60.944482,13.9317831,-60.904482,13.9717831]}
{"name":"Desruisseaux","display_name":"Desruisseaux, Micoud, LC14 201, Saint Lucia","address":{"village":"Desruisseaux","state":"Micoud","ISO3166-2-lvl4":"LC-08","postcode":"LC14 201","country":"Saint Lucia","country_code":"lc"},"osm_type":"node","osm_id":6546129591,"type":"village","location":[-60.9339452,13.7977123],"bbox":[-60.9539452,13.7777123,-60.9139452,13.8177123]}
{"name":"Eau Piquant / St Urbain","display_name":"Eau Piquant / St Urbain, Vieux Fort, LC12 201, Saint Lucia","address":{"village":"Eau Piquant / St Urbain","state":"Vieux Fort","ISO3166-2-lvl4":"LC-11","postcode":"LC12 201","country":"Saint Lucia","country_code":"lc"},"osm_type":"node","osm_id":6337163806,"type":"village","location":[-60.9445427,13.7609892],"bbox":[-60.9645427,13.7409892,-60.9245427,13.7809892]}
{"name":"Fond Staint Jacques","display_name":"Fond Staint Jacques, Soufrière, Saint Lucia","address":{"village":"Fond Staint Jacques","state":"Soufrière","ISO3166-2-lvl4":"LC-10","country":"Saint Lucia","country_code":"lc"},"osm_type":"node","osm_id":2258269132,"type":"village","location":[-61.0215415,13.836653],"bbox":[-61.0415415,13.816653,-61.0015415,13.856653]}
{"name":"Forestierre","display_name":"Forestierre, Castries, LC06 401, Saint Lucia","address":{"village":"Forestierre","state":"Castries","ISO3166-2-lvl4":"LC-02","postcode":"LC06 401","country":"Saint Lucia","country_code":"lc"},"osm_type":"node","osm_id":6335611443,"type":"village","location":[-60.9553226,13.9752563],"bbox":[-60.9753226,13.9552563,-60.9353226,13.9952563]}
{"name":"Goodlands","other_names":{"name:en":"Goodlands","name:acf":"Goudland"},"display_name":"Goodlands, Castries, LC04 201, Saint Lucia","address":{"village":"Goodlands","state":"Castries","ISO3166-2-lvl4":"LC-02","postcode":"LC04 201","country":"Saint Lucia","country_code":"lc"},"osm_type":"node","osm_id":4031562064,"type":"village","location":[-61.001035,13.9947767],"bbox":[-61.021035,13.9747767,-60.981035,14.0147767]}
{"name":"Grande Riviere","other_names":{"name:en":"Grande Riviere","name:acf":"Grann wivyè","name:gcf":"Gran Rivyè"},"display_name":"Grande Riviere, Dennery, LC17 401, Saint Lucia","address":{"village":"Grande Riviere","state":"Dennery","ISO3166-2-lvl4":"LC-05","postcode":"LC17 401","country":"Saint Lucia","country_code":"lc"},"osm_type":"node","osm_id":6337335893,"type":"village","location":[-60.9333233,13.9330848],"bbox":[-60.9533233,13.9130848,-60.9133233,13.9530848]}
{"name":"Grande Riviere","other_names":{"name:en":"Grande Riviere","name:acf":"Grann wivyè","name:gcf":"Gran Rivyè"},"display_name":"Grande Riviere, Gros Islet, LC01 201, Saint Lucia","address":{"village":"Grande Riviere","state":"Gros Islet","ISO3166-2-lvl4":"LC-06","postcode":"LC01 201","country":"Saint Lucia","country_code":"lc"},"osm_type":"node","osm_id":6337387510,"type":"village","location":[-60.9501192,14.0355904],"bbox":[-60.9701192,14.0155904,-60.9301192,14.0555904]}
{"display_name":"Gros Islet, LC01 601, Saint Lucia","address":{"state":"Gros Islet","ISO3166-2-lvl4":"LC-06","postcode":"LC01 601","country":"Saint Lucia","country_code":"lc"},"population":1000,"osm_type":"node","osm_id":7921003296,"type":"village","location":[-60.9403803,14.1001797],"bbox":[-60.9603803,14.0801797,-60.9203803,14.1201797]}
{"name":"Gros Islet","other_names":{"name:en":"Gros Islet","name:fr":"Gros Îlet","name:acf":"Gwo lilèt","name:gcf":"Gwo lilèt"},"display_name":"Gros Islet, Saint Lucia","address":{"town":"Gros Islet","state":"Gros Islet","ISO3166-2-lvl4":"LC-06","country":"Saint Lucia","country_code":"lc"},"population":21660,"osm_type":"relation","osm_id":9316447,"type":"village","location":[-60.9524988,14.0801333],"bbox":[-60.9542086,14.0789727,-60.9471705,14.0834053]}
{"name":"Jacmel","display_name":"Jacmel, Castries, LC00 123, Saint Lucia","address":{"village":"Jacmel","state":"Castries","ISO3166-2-lvl4":"LC-02","postcode":"LC00 123","country":"Saint Lucia","country_code":"lc"},"population":627,"osm_type":"node","osm_id":3994595334,"type":"village","location":[-61.0152938,13.949975],"bbox":[-61.0352938,13.929975,-60.9952938,13.969975]}
{"name":"L'Abbayée","display_name":"L'Abbayée, Castries, LC05 201, Saint Lucia","address":{"village":"L'Abbayée","state":"Castries","ISO3166-2-lvl4":"LC-02","postcode":"LC05 201","country":"Saint Lucia","country_code":"lc"},"population":1093,"osm_type":"node","osm_id":6335121126,"type":"village","location":[-60.9762512,13.9438362],"bbox":[-60.9962512,13.9238362,-60.9562512,13.9638362]}
{"name":"La Guerre","other_names":{"name:en":"La Guerre","name:acf":"Ladjè","name:gcf":"Lagè"},"display_name":"La Guerre, Gros Islet, LC02 101, Saint Lucia","address":{"village":"La Guerre","state":"Gros Islet","ISO3166-2-lvl4":"LC-06","postcode":"LC02 101","country":"Saint Lucia","country_code":"lc"},"osm_type":"node","osm_id":6335665234,"type":"village","location":[-60.9294442,14.0214252],"bbox":[-60.9494442,14.0014252,-60.9094442,14.0414252]}
{"name":"Millet","display_name":"Millet, Anse La Raye, LC05 201, Saint Lucia","address":{"village":"Millet","state":"Anse La Raye","ISO3166-2-lvl4":"LC-01","postcode":"LC05 201","country":"Saint Lucia","country_code":"lc"},"population":1001,"osm_type":"node","osm_id":4357865477,"type":"village","location":[-60.9950153,13.902526],"bbox":[-61.0150153,13.882526,-60.9750153,13.922526]}
{"name":"Mon Repos","display_name":"Mon Repos, Micoud, LC15 201, Saint Lucia","address":{"village":"Mon Repos","state":"Micoud","ISO3166-2-lvl4":"LC-08","postcode":"LC15 201","country":"Saint Lucia","country_code":"lc"},"osm_type":"node","osm_id":3994574957,"type":"village","location":[-60.9034185,13.8578801],"bbox":[-60.9234185,13.8378801,-60.8834185,13.8778801]}
{"name":"Monchy","display_name":"Monchy, Gros Islet, LC01 301, Saint Lucia","address":{"village":"Monchy","state":"Gros Islet","ISO3166-2-lvl4":"LC-06","postcode":"LC01 301","country":"Saint Lucia","country_code":"lc"},"osm_type":"node","osm_id":3994575158,"type":"village","location":[-60.9300306,14.0533356],"bbox":[-60.9500306,14.0333356,-60.9100306,14.0733356]}
{"name":"Monkey Town","display_name":"Monkey Town, Castries, LC33 311, Saint Lucia","address":{"village":"Monkey Town","state":"Castries","ISO3166-2-lvl4":"LC-02","postcode":"LC33 311","country":"Saint Lucia","country_code":"lc"},"osm_type":"node","osm_id":4028613889,"type":"village","location":[-61.0077048,13.9893365],"bbox":[-61.0277048,13.9693365,-60.9877048,14.0093365]}
{"name":"Morne Fortune","display_name":"Morne Fortune, Castries, LC04 201, Saint Lucia","address":{"village":"Morne Fortune","state":"Castries","ISO3166-2-lvl4":"LC-02","postcode":"LC04 201","country":"Saint Lucia","country_code":"lc"},"osm_type":"node","osm_id":3997651472,"type":"village","location":[-60.9987166,13.9948388],"bbox":[-61.0187166,13.9748388,-60.9787166,14.0148388]}
{"name":"Paix Bouche","display_name":"Paix Bouche, Gros Islet, LC02 101, Saint Lucia","address":{"village":"Paix Bouche","state":"Gros Islet","ISO3166-2-lvl4":"LC-06","postcode":"LC02 101","country":"Saint Lucia","country_code":"lc"},"osm_type":"node","osm_id":6335167856,"type":"village","location":[-60.9388159,14.018391],"bbox":[-60.9588159,13.998391,-60.9188159,14.038391]}
{"name":"Piaye","display_name":"Piaye, Laborie, LC11 101, Saint Lucia","address":{"village":"Piaye","state":"Laborie","ISO3166-2-lvl4":"LC-07","postcode":"LC11 101","country":"Saint Lucia","country_code":"lc"},"osm_type":"node","osm_id":3997651127,"type":"village","location":[-61.019963,13.7539505],"bbox":[-61.039963,13.7339505,-60.999963,13.7739505]}
{"name":"Pierrot","display_name":"Pierrot, Vieux Fort, LC12 201, Saint Lucia","address":{"village":"Pierrot","state":"Vieux Fort","ISO3166-2-lvl4":"LC-11","postcode":"LC12 201","country":"Saint Lucia","country_code":"lc"},"osm_type":"node","osm_id":6337163807,"type":"village","location":[-60.9439264,13.7690491],"bbox":[-60.9639264,13.7490491,-60.9239264,13.7890491]}
{"name":"Praslin","display_name":"Praslin, Micoud, LC15 201, Saint Lucia","address":{"village":"Praslin","state":"Micoud","ISO3166-2-lvl4":"LC-08","postcode":"LC15 201","country":"Saint Lucia","country_code":"lc"},"osm_type":"node","osm_id":3994577457,"type":"village","location":[-60.8986846,13.8741636],"bbox":[-60.9186846,13.8541636,-60.8786846,13.8941636]}
{"name":"Richefond","display_name":"Richefond, Dennery, LC17 401, Saint Lucia","address":{"village":"Richefond","state":"Dennery","ISO3166-2-lvl4":"LC-05","postcode":"LC17 401","country":"Saint Lucia","country_code":"lc"},"osm_type":"node","osm_id":6337335894,"type":"village","location":[-60.9203748,13.936016],"bbox":[-60.9403748,13.916016,-60.9003748,13.956016]}
{"name":"Rodney Bay","display_name":"Rodney Bay, Gros Islet, LC01 601, Saint Lucia","address":{"village":"Rodney Bay","state":"Gros Islet","ISO3166-2-lvl4":"LC-06","postcode":"LC01 601","country":"Saint Lucia","country_code":"lc"},"osm_type":"node","osm_id":3994580740,"type":"village","location":[-60.9526913,14.0748298],"bbox":[-60.9726913,14.0548298,-60.9326913,14.0948298]}
