{"name":"Acul-du-Nord","other_names":{"name:ht":"Akil Dinò"},"display_name":"Acul-du-Nord, Commune d'Acul-du-Nord, Arrondissement d'Acul-du-Nord, Département du Nord, Ayiti","address":{"town":"Acul-du-Nord","state_district":"Arrondissement d'Acul-du-Nord","state":"Département du Nord","ISO3166-2-lvl4":"HT-ND","country":"Ayiti","country_code":"ht"},"osm_type":"node","osm_id":618028176,"type":"town","location":[-72.3184496,19.6822529],"bbox":[-72.3584496,19.6422529,-72.2784496,19.7222529],"border":{"name":"Commune d'Acul-du-Nord","other_names":{"name:ht":"Akil Dinò","alt":"Acul-du-Nord"},"display_name":"Commune d'Acul-du-Nord, Arrondissement d'Acul-du-Nord, Département du Nord, Ayiti","address":{"town":"Commune d'Acul-du-Nord","state_district":"Arrondissement d'Acul-du-Nord","state":"Département du Nord","ISO3166-2-lvl4":"HT-ND","country":"Ayiti","country_code":"ht"},"population":43118,"osm_type":"relation","osm_id":392034,"type":"administrative","location":[-72.3184496,19.6822529],"bbox":[-72.4118018,19.5579311,-72.2702372,19.782634]}}
{"name":"Anse-à-Pitres","display_name":"Anse-à-Pitres, Commune Anse-à-Pitres, Arrondissement Belle-Anse, Département du Sud-Est, Ayiti","address":{"town":"Anse-à-Pitres","city":"Commune Anse-à-Pitres","state_district":"Arrondissement Belle-Anse","state":"Département du Sud-Est","ISO3166-2-lvl4":"HT-SE","country":"Ayiti","country_code":"ht"},"osm_type":"node","osm_id":617862595,"type":"town","location":[-71.7623097,18.041972],"bbox":[-71.8023097,18.001972,-71.7223097,18.081972]}
{"name":"Anse-à-Veau","other_names":{"name:ht":"Ansavo"},"display_name":"Anse-à-Veau, Commune Anse-à-Veau, Arrondissement de l’Anse-à-Veau, Département des Nippes, Ayiti","address":{"town":"Anse-à-Veau","city":"Commune Anse-à-Veau","state_district":"Arrondissement de l’Anse-à-Veau","state":"Département des Nippes","ISO3166-2-lvl4":"HT-NI","country":"Ayiti","country_code":"ht"},"population":55138,"osm_type":"node","osm_id":2163280387,"type":"town","location":[-73.3452756,18.5034873],"bbox":[-73.3852756,18.4634873,-73.3052756,18.5434873]}
{"name":"Anse-d'Hainault","other_names":{"name:ht":"Ansdeno","name:ru":"Анс-д'Эно","name:gcf":"Lansdèno"},"display_name":"Anse-d'Hainault, Commune Anse-d'Hainault, Arrondissement d'Anse-d'Hainault, Département de la Grande-Anse, Ayiti","address":{"town":"Anse-d'Hainault","city":"Commune Anse-d'Hainault","state_district":"Arrondissement d'Anse-d'Hainault","state":"Département de la Grande-Anse","ISO3166-2-lvl4":"HT-GA","country":"Ayiti","country_code":"ht"},"osm_type":"node","osm_id":616590933,"type":"town","location":[-74.4519539,18.4858731],"bbox":[-74.4919539,18.4458731,-74.4119539,18.5258731]}
{"name":"Anse-Rouge","other_names":{"name:ht":"Ans Wouj","name:oc":"Carba Roja"},"display_name":"Anse-Rouge, Arrondissement Gros Morne, Département de l'Artibonite, Ayiti","address":{"town":"Anse-Rouge","state":"Département de l'Artibonite","ISO3166-2-lvl4":"HT-AR","country":"Ayiti","country_code":"ht"},"population":39500,"osm_type":"node","osm_id":618014753,"type":"town","location":[-73.0550684,19.6320067],"bbox":[-73.0950684,19.5920067,-73.0150684,19.6720067]}
{"name":"Aquin","other_names":{"name:fr":"Aquin","name:ht":"Aken"},"display_name":"Aquin, Commune d’Aquin, Arrondissement d’Aquin, Département du Sud, Ayiti","address":{"town":"Aquin","city":"Commune d’Aquin","state_district":"Arrondissement d’Aquin","state":"Département du Sud","ISO3166-2-lvl4":"HT-SD","country":"Ayiti","country_code":"ht"},"population":94773,"osm_type":"node","osm_id":616262652,"type":"town","location":[-73.394446,18.2809005],"bbox":[-73.434446,18.2409005,-73.354446,18.3209005]}
{"name":"Arcahaie","other_names":{"name:ht":"Lakayè"},"display_name":"Arcahaie, Commune Arcahaie, Arrondissement de l’Arcahaie, Département de l'Ouest, Ayiti","address":{"town":"Arcahaie","city":"Commune Arcahaie","state_district":"Arrondissement de l’Arcahaie","state":"Département de l'Ouest","ISO3166-2-lvl4":"HT-OU","country":"Ayiti","country_code":"ht"},"population":118500,"osm_type":"node","osm_id":295323346,"type":"town","location":[-72.5118375,18.7701904],"bbox":[-72.5518375,18.7301904,-72.4718375,18.8101904]}
{"name":"Aubry","display_name":"Aubry, Commune Cabaret, Arrondissement de l’Arcahaie, Département de l'Ouest, Ayiti","address":{"town":"Aubry","city":"Commune Cabaret","state_district":"Arrondissement de l’Arcahaie","state":"Département de l'Ouest","ISO3166-2-lvl4":"HT-OU","country":"Ayiti","country_code":"ht"},"osm_type":"node","osm_id":295323576,"type":"town","location":[-72.3754494,18.7216452],"bbox":[-72.4154494,18.6816452,-72.3354494,18.7616452]}
{"name":"Bahon","other_names":{"name:oc":"Bahon"},"display_name":"Bahon, Commune Bahon, Arrondissement Grande-Rivière-du-Nord, Département du Nord, Ayiti","address":{"town":"Bahon","city":"Commune Bahon","state_district":"Arrondissement Grande-Rivière-du-Nord","state":"Département du Nord","ISO3166-2-lvl4":"HT-ND","country":"Ayiti","country_code":"ht"},"osm_type":"node","osm_id":616594584,"type":"town","location":[-72.115515,19.4702162],"bbox":[-72.155515,19.4302162,-72.075515,19.5102162]}
{"name":"Baie-de-Henne","other_names":{"name:ht":"Be de Hèn","name:oc":"Alandament de Henna"},"display_name":"Baie-de-Henne, Commune Baie de Henne, Arrondissement Môle-Saint-Nicolas, Département du Nord-Ouest, Ayiti","address":{"town":"Baie-de-Henne","city":"Commune Baie de Henne","state_district":"Arrondissement Môle-Saint-Nicolas","state":"Département du Nord-Ouest","ISO3166-2-lvl4":"HT-NO","country":"Ayiti","country_code":"ht"},"population":24800,"osm_type":"node","osm_id":618014750,"type":"town","location":[-73.2097894,19.6638592],"bbox":[-73.2497894,19.6238592,-73.1697894,19.7038592]}
{"name":"Bainet","display_name":"Bainet, Commune Bainet, Arrondissement de Bainet, Département du Sud-Est, Ayiti","address":{"town":"Bainet","city":"Commune Bainet","state_district":"Arrondissement de Bainet","state":"Département du Sud-Est","ISO3166-2-lvl4":"HT-SE","country":"Ayiti","country_code":"ht"},"osm_type":"node","osm_id":614854968,"type":"town","location":[-72.7517144,18.1848637],"bbox":[-72.7917144,18.1448637,-72.7117144,18.2248637]}
{"name":"Banane","display_name":"Banane, Commune Anse-à-Pitres, Arrondissement Belle-Anse, Département du Sud-Est, Ayiti","address":{"town":"Banane","city":"Commune Anse-à-Pitres","state_district":"Arrondissement Belle-Anse","state":"Département du Sud-Est","ISO3166-2-lvl4":"HT-SE","country":"Ayiti","country_code":"ht"},"population":2897,"osm_type":"node","osm_id":9906486347,"type":"town","location":[-71.7608709,18.1441852],"bbox":[-71.8008709,18.1041852,-71.7208709,18.1841852]}
{"name":"Bannique","other_names":{"name:ht":"Banik"},"display_name":"Bannique, Commune de Saint-Marc, Arrondissement de Saint-Marc, Département de l'Artibonite, Ayiti","address":{"town":"Bannique","city":"Commune de Saint-Marc","state_district":"Arrondissement de Saint-Marc","state":"Département de l'Artibonite","ISO3166-2-lvl4":"HT-AR","country":"Ayiti","country_code":"ht"},"osm_type":"node","osm_id":1695323919,"type":"town","location":[-72.6901398,19.0865008],"bbox":[-72.7301398,19.0465008,-72.6501398,19.1265008]}
{"name":"Baradères","other_names":{"name:fr":"Baradères","name:ht":"Baradè"},"display_name":"Baradères, Commune Baraderès, Arrondissement de Baradères, Département des Nippes, Ayiti","address":{"town":"Baradères","city":"Commune Baraderès","state_district":"Arrondissement de Baradères","state":"Département des Nippes","ISO3166-2-lvl4":"HT-NI","country":"Ayiti","country_code":"ht"},"osm_type":"node","osm_id":617914635,"type":"town","location":[-73.6387023,18.4829408],"bbox":[-73.6787023,18.4429408,-73.5987023,18.5229408]}
{"name":"Bas-Limbé","other_names":{"name:oc":"Bais Lembe","loc_name":"Ba Lenbe"},"display_name":"Bas-Limbé, Commune Bas-Limbé, Arrondissement Limbé, Département du Nord, Ayiti","address":{"town":"Bas-Limbé","state_district":"Arrondissement Limbé","state":"Département du Nord","ISO3166-2-lvl4":"HT-ND","country":"Ayiti","country_code":"ht"},"osm_type":"node","osm_id":618028179,"type":"town","location":[-72.3831701,19.7700443],"bbox":[-72.4231701,19.7300443,-72.3431701,19.8100443],"border":{"name":"Commune Bas-Limbé","other_names":{"name:oc":"Bais Lembe","loc_name":"Ba Lenbe","alt":"Bas-Limbé"},"display_name":"Commune Bas-Limbé, Arrondissement Limbé, Département du Nord, Ayiti","address":{"town":"Commune Bas-Limbé","state_district":"Arrondissement Limbé","state":"Département du Nord","ISO3166-2-lvl4":"HT-ND","country":"Ayiti","country_code":"ht"},"population":16118,"osm_type":"relation","osm_id":388595,"type":"administrative","location":[-72.3831701,19.7700443],"bbox":[-72.4301117,19.7068927,-72.3540169,19.8175927]}}
{"name":"Bassin-Bleu","other_names":{"name:ht":"Basen Ble","name:oc":"Bacin Blau"},"display_name":"Bassin-Bleu, Commune Bassin Bleu, Arrondissement Port-de-Paix, Département du Nord-Ouest, Ayiti","address":{"town":"Bassin-Bleu","city":"Commune Bassin Bleu","state_district":"Arrondissement Port-de-Paix","state":"Département du Nord-Ouest","ISO3166-2-lvl4":"HT-NO","country":"Ayiti","country_code":"ht"},"population":57700,"osm_type":"node","osm_id":627946786,"type":"town","location":[-72.7991735,19.7805382],"bbox":[-72.8391735,19.7405382,-72.7591735,19.8205382]}
{"name":"Belladère","other_names":{"name:es":"Veladero","name:ht":"Beladè","name:oc":"Veradèra"},"display_name":"Belladère, Commune de Belladère, Arrondissement Lascahobas, Département du Centre, Ayiti","address":{"town":"Belladère","city":"Commune de Belladère","state_district":"Arrondissement Lascahobas","state":"Département du Centre","ISO3166-2-lvl4":"HT-CE","country":"Ayiti","country_code":"ht"},"population":25698,"osm_type":"node","osm_id":616637006,"type":"town","location":[-71.7636303,18.8660303],"bbox":[-71.8036303,18.8260303,-71.7236303,18.9060303]}
{"name":"Belle-Anse","display_name":"Belle-Anse, Commune Belle Anse, Arrondissement Belle-Anse, Département du Sud-Est, Ayiti","address":{"town":"Belle-Anse","city":"Commune Belle Anse","state_district":"Arrondissement Belle-Anse","state":"Département du Sud-Est","ISO3166-2-lvl4":"HT-SE","country":"Ayiti","country_code":"ht"},"population":15969,"osm_type":"node","osm_id":614867157,"type":"town","location":[-72.0661883,18.2383019],"bbox":[-72.1061883,18.1983019,-72.0261883,18.2783019]}
{"name":"Beraca","display_name":"Beraca, Commune de Port-de-Paix, Arrondissement Port-de-Paix, Département du Nord-Ouest, Ayiti","address":{"town":"Beraca","city":"Commune de Port-de-Paix","state_district":"Arrondissement Port-de-Paix","state":"Département du Nord-Ouest","ISO3166-2-lvl4":"HT-NO","country":"Ayiti","country_code":"ht"},"osm_type":"node","osm_id":1437169468,"type":"town","location":[-72.7757312,19.9469074],"bbox":[-72.8157312,19.9069074,-72.7357312,19.9869074]}
{"name":"Bois Neuf","other_names":{"name:ht":"Bwa Nèf"},"display_name":"Bois Neuf, Commune de Saint-Marc, Arrondissement de Saint-Marc, Département de l'Artibonite, Ayiti","address":{"town":"Bois Neuf","city":"Commune de Saint-Marc","state_district":"Arrondissement de Saint-Marc","state":"Département de l'Artibonite","ISO3166-2-lvl4":"HT-AR","country":"Ayiti","country_code":"ht"},"osm_type":"node","osm_id":1714880795,"type":"town","location":[-72.7448225,19.0209521],"bbox":[-72.7848225,18.9809521,-72.7048225,19.0609521]}
{"name":"Bombardopolis","other_names":{"name:ht":"Bonbad","name:oc":"Bombardopòlis"},"display_name":"Bombardopolis, Commune Bombardopolis, Arrondissement Môle-Saint-Nicolas, Département du Nord-Ouest, Ayiti","address":{"town":"Bombardopolis","city":"Commune Bombardopolis","state_district":"Arrondissement Môle-Saint-Nicolas","state":"Département du Nord-Ouest","ISO3166-2-lvl4":"HT-NO","country":"Ayiti","country_code":"ht"},"population":34800,"osm_type":"node","osm_id":620529081,"type":"town","location":[-73.3374997,19.6911404],"bbox":[-73.3774997,19.6511404,-73.2974997,19.7311404]}
{"name":"Cabaret","other_names":{"name:ht":"Kabarè"},"display_name":"Cabaret, Commune Cabaret, Arrondissement de l’Arcahaie, Département de l'Ouest, Ayiti","address":{"town":"Cabaret","city":"Commune Cabaret","state_district":"Arrondissement de l’Arcahaie","state":"Département de l'Ouest","ISO3166-2-lvl4":"HT-OU","country":"Ayiti","country_code":"ht"},"population":62000,"osm_type":"node","osm_id":295322491,"type":"town","location":[-72.4181932,18.7343259],"bbox":[-72.4581932,18.6943259,-72.3781932,18.7743259]}
{"name":"Camp-Marie","other_names":{"name:ht":"Kan Mari"},"display_name":"Camp-Marie, Commune de Saint-Marc, Arrondissement de Saint-Marc, Département de l'Artibonite, Ayiti","address":{"town":"Camp-Marie","city":"Commune de Saint-Marc","state_district":"Arrondissement de Saint-Marc","state":"Département de l'Artibonite","ISO3166-2-lvl4":"HT-AR","country":"Ayiti","country_code":"ht"},"osm_type":"node","osm_id":1693992156,"type":"town","location":[-72.7334503,19.0402917],"bbox":[-72.7734503,19.0002917,-72.6934503,19.0802917]}
{"name":"Cange","other_names":{"name:ht":"Kanj","name:oc":"Canja"},"display_name":"Cange, Commune Thomonde, Arrondissement de Hinche, Département du Centre, Ayiti","address":{"town":"Cange","city":"Commune Thomonde","state_district":"Arrondissement de Hinche","state":"Département du Centre","ISO3166-2-lvl4":"HT-CE","country":"Ayiti","country_code":"ht"},"osm_type":"node","osm_id":2314414664,"type":"town","location":[-71.9935934,18.9319436],"bbox":[-72.0335934,18.8919436,-71.9535934,18.9719436]}
{"name":"Capotille","other_names":{"name:oc":"Capòtilha"},"display_name":"Capotille, Commune Capotille, Arrondissement Ouanaminthe, Département du Nord-Est, Ayiti","address":{"town":"Capotille","city":"Commune Capotille","state_district":"Arrondissement Ouanaminthe","state":"Département du Nord-Est","ISO3166-2-lvl4":"HT-NE","country":"Ayiti","country_code":"ht"},"osm_type":"node","osm_id":618032580,"type":"town","location":[-71.6932074,19.4461098],"bbox":[-71.7332074,19.4061098,-71.6532074,19.4861098]}
{"name":"Caracol","other_names":{"name:es":"Caracoll","name:ht":"Karakòl","name:oc":"Caracòl"},"display_name":"Caracol, Commune Caracol, Arrondissement Trou-du-Nord, Département du Nord-Est, Ayiti","address":{"town":"Caracol","city":"Commune Caracol","state_district":"Arrondissement Trou-du-Nord","state":"Département du Nord-Est","ISO3166-2-lvl4":"HT-NE","country":"Ayiti","country_code":"ht"},"osm_type":"node","osm_id":618028180,"type":"town","location":[-72.0179456,19.6938645],"bbox":[-72.0579456,19.6538645,-71.9779456,19.7338645]}
{"name":"Carice","other_names":{"name:oc":"Carice"},"display_name":"Carice, Commune Carice, Arrondissement Vallières, Département du Nord-Est, Ayiti","address":{"town":"Carice","city":"Commune Carice","state_district":"Arrondissement Vallières","state":"Département du Nord-Est","ISO3166-2-lvl4":"HT-NE","country":"Ayiti","country_code":"ht"},"osm_type":"node","osm_id":618032577,"type":"town","location":[-71.8312794,19.3782747],"bbox":[-71.8712794,19.3382747,-71.7912794,19.4182747]}
{"name":"Cavaillon","other_names":{"name:ht":"Kavayon"},"display_name":"Cavaillon, Commune Cavaillon, Arrondissement d’Aquin, Département du Sud, Ayiti","address":{"town":"Cavaillon","city":"Commune Cavaillon","state_district":"Arrondissement d’Aquin","state":"Département du Sud","ISO3166-2-lvl4":"HT-SD","country":"Ayiti","country_code":"ht"},"osm_type":"node","osm_id":616288502,"type":"town","location":[-73.6536976,18.2996035],"bbox":[-73.6936976,18.2596035,-73.6136976,18.3396035]}
{"name":"Cayes-Jacmel","other_names":{"name:fr":"Cayes Jacmel","name:ht":"Kay Jacmèl"},"display_name":"Cayes-Jacmel, Commune Cayes-Jacmel, Arrondissement de Jacmel, Département du Sud-Est, 9139, Ayiti","address":{"town":"Cayes-Jacmel","city":"Commune Cayes-Jacmel","state_district":"Arrondissement de Jacmel","state":"Département du Sud-Est","ISO3166-2-lvl4":"HT-SE","postcode":"9139","country":"Ayiti","country_code":"ht"},"population":25588,"osm_type":"node","osm_id":614502598,"type":"town","location":[-72.3965289,18.2313486],"bbox":[-72.4365289,18.1913486,-72.3565289,18.2713486]}
{"name":"Cerca-la-Source","other_names":{"name:es":"Cerca la Fuente","name:ht":"Sèka Sous la"},"display_name":"Cerca-la-Source, Commune Cerca-la-Source, Arrondissement Cerca-la-Source, Département du Centre, Ayiti","address":{"town":"Cerca-la-Source","city":"Commune Cerca-la-Source","state_district":"Arrondissement Cerca-la-Source","state":"Département du Centre","ISO3166-2-lvl4":"HT-CE","country":"Ayiti","country_code":"ht"},"osm_type":"node","osm_id":618044768,"type":"town","location":[-71.7904885,19.1659775],"bbox":[-71.8304885,19.1259775,-71.7504885,19.2059775]}
{"name":"Chalon","display_name":"Chalon, Commune Miragoâne, Arrondissement de Miragoâne, Département des Nippes, Ayiti","address":{"town":"Chalon","city":"Commune Miragoâne","state_district":"Arrondissement de Miragoâne","state":"Département des Nippes","ISO3166-2-lvl4":"HT-NI","country":"Ayiti","country_code":"ht"},"osm_type":"node","osm_id":618421108,"type":"town","location":[-73.089723,18.4101438],"bbox":[-73.129723,18.3701438,-73.049723,18.4501438]}
{"name":"Chansolme","other_names":{"name:ht":"Chansòl","name:oc":"Chansòlme"},"display_name":"Chansolme, Commune Chansolme, Arrondissement Port-de-Paix, Département du Nord-Ouest, Ayiti","address":{"town":"Chansolme","city":"Commune Chansolme","state_district":"Arrondissement Port-de-Paix","state":"Département du Nord-Ouest","ISO3166-2-lvl4":"HT-NO","country":"Ayiti","country_code":"ht"},"population":27600,"osm_type":"node","osm_id":618014755,"type":"town","location":[-72.8359376,19.8795867],"bbox":[-72.8759376,19.8395867,-72.7959376,19.9195867]}
{"name":"Chardonnières","display_name":"Chardonnières, Commune Chardonnieres, Arrondissement des Chardonnières, Département du Sud, Ayiti","address":{"town":"Chardonnières","city":"Commune Chardonnieres","state_district":"Arrondissement des Chardonnières","state":"Département du Sud","ISO3166-2-lvl4":"HT-SD","country":"Ayiti","country_code":"ht"},"osm_type":"node","osm_id":616580202,"type":"town","location":[-74.1624563,18.2741528],"bbox":[-74.2024563,18.2341528,-74.1224563,18.3141528]}
{"name":"Cité Soleil","other_names":{"name:ht":"Site Soley","name:hu":"Port-au-Prince","name:ja":"シテ・ソレイユ","name:ru":"Сите-Солей"},"display_name":"Cité Soleil, Arrondissement de Port-au-Prince, Département de l'Ouest, 6130, Ayiti","address":{"town":"Cité Soleil","city":"Arrondissement de Port-au-Prince","state":"Département de l'Ouest","ISO3166-2-lvl4":"HT-OU","postcode":"6130","country":"Ayiti","country_code":"ht"},"osm_type":"node","osm_id":613013023,"type":"town","location":[-72.3355123,18.5783693],"bbox":[-72.3755123,18.5383693,-72.2955123,18.6183693]}
{"name":"Colline des Chênes","display_name":"Colline des Chênes, Commune de Grand Gosier, Arrondissement Belle-Anse, Département du Sud-Est, Ayiti","address":{"town":"Colline des Chênes","city":"Commune de Grand Gosier","state_district":"Arrondissement Belle-Anse","state":"Département du Sud-Est","ISO3166-2-lvl4":"HT-SE","country":"Ayiti","country_code":"ht"},"population":15986,"osm_type":"node","osm_id":616680855,"type":"town","location":[-71.9050956,18.240303],"bbox":[-71.9450956,18.200303,-71.8650956,18.280303]}
{"name":"Corail","other_names":{"name:gcf":"Coray"},"display_name":"Corail, Commune Corail, Arrondissement de Corail, Département de la Grande-Anse, Ayiti","address":{"town":"Corail","city":"Commune Corail","state_district":"Arrondissement de Corail","state":"Département de la Grande-Anse","ISO3166-2-lvl4":"HT-GA","country":"Ayiti","country_code":"ht"},"osm_type":"node","osm_id":617914155,"type":"town","location":[-73.8892689,18.5669609],"bbox":[-73.9292689,18.5269609,-73.8492689,18.6069609]}
{"name":"Côteaux","other_names":{"alt_name":"Les Coteaux"},"display_name":"Côteaux, Commune Coteaux, Arrondissement des Côteaux, Département du Sud, Ayiti","address":{"town":"Côteaux","city":"Commune Coteaux","state_district":"Arrondissement des Côteaux","state":"Département du Sud","ISO3166-2-lvl4":"HT-SD","country":"Ayiti","country_code":"ht"},"osm_type":"node","osm_id":617911035,"type":"town","location":[-74.0400722,18.2062955],"bbox":[-74.0800722,18.1662955,-74.0000722,18.2462955]}
{"name":"Dame-Marie","display_name":"Dame-Marie, Commune Dame-Marie, Arrondissement d'Anse-d'Hainault, Département de la Grande-Anse, Ayiti","address":{"town":"Dame-Marie","city":"Commune Dame-Marie","state_district":"Arrondissement d'Anse-d'Hainault","state":"Département de la Grande-Anse","ISO3166-2-lvl4":"HT-GA","country":"Ayiti","country_code":"ht"},"population":27127,"osm_type":"node","osm_id":617136951,"type":"town","location":[-74.4189848,18.561306],"bbox":[-74.4589848,18.521306,-74.3789848,18.601306]}
{"name":"Dérac","other_names":{"name:oc":"Derac","official_name":"Ville Industrielle de Dérac"},"display_name":"Dérac, Commune Fort-Liberté, Arrondissement de Fort-Liberté, Département du Nord-Est, Ayiti","address":{"town":"Dérac","city":"Commune Fort-Liberté","state_district":"Arrondissement de Fort-Liberté","state":"Département du Nord-Est","ISO3166-2-lvl4":"HT-NE","country":"Ayiti","country_code":"ht"},"osm_type":"node","osm_id":2682948312,"type":"town","location":[-71.8147254,19.6550924],"bbox":[-71.8547254,19.6150924,-71.7747254,19.6950924]}
{"name":"Deschapelles","other_names":{"name:ht":"Dechapèl","name:oc":"De Capelas"},"display_name":"Deschapelles, Commune de Verrettes, Arrondissement de Saint-Marc, Département de l'Artibonite, Ayiti","address":{"town":"Deschapelles","city":"Commune de Verrettes","state_district":"Arrondissement de Saint-Marc","state":"Département de l'Artibonite","ISO3166-2-lvl4":"HT-AR","country":"Ayiti","country_code":"ht"},"osm_type":"node","osm_id":615074980,"type":"town","location":[-72.4907084,19.0748942],"bbox":[-72.5307084,19.0348942,-72.4507084,19.1148942]}
{"name":"Desdunes","other_names":{"name:en":"Desdunes","name:ht":"Dedin","name:oc":"De Dunas"},"display_name":"Desdunes, Commune Desdunes, Arrondissement de Dessalines, Département de l'Artibonite, Ayiti","address":{"town":"Desdunes","city":"Commune Desdunes","state_district":"Arrondissement de Dessalines","state":"Département de l'Artibonite","ISO3166-2-lvl4":"HT-AR","country":"Ayiti","country_code":"ht"},"population":33700,"osm_type":"node","osm_id":613231353,"type":"town","location":[-72.6460478,19.295496],"bbox":[-72.6860478,19.255496,-72.6060478,19.335496]}
{"name":"Dessalines","other_names":{"name:ht":"Desalin","name:oc":"De Salinas","alt_name":"Marchand-Dessalines;Dessalines-Marchandes"},"display_name":"Dessalines, Commune de Dessalines, Arrondissement de Dessalines, Département de l'Artibonite, 4310, Ayiti","address":{"town":"Dessalines","city":"Commune de Dessalines","state_district":"Arrondissement de Dessalines","state":"Département de l'Artibonite","ISO3166-2-lvl4":"HT-AR","postcode":"4310","country":"Ayiti","country_code":"ht"},"population":26219,"osm_type":"node","osm_id":1903213973,"type":"town","location":[-72.5170223,19.2613129],"bbox":[-72.5570223,19.2213129,-72.4770223,19.3013129]}
{"name":"Dlemeche","display_name":"Dlemeche, Commune de Dessalines, Arrondissement de Dessalines, Département de l'Artibonite, 4310, Ayiti","address":{"town":"Dlemeche","city":"Commune de Dessalines","state_district":"Arrondissement de Dessalines","state":"Département de l'Artibonite","ISO3166-2-lvl4":"HT-AR","postcode":"4310","country":"Ayiti","country_code":"ht"},"osm_type":"node","osm_id":1747932496,"type":"town","location":[-72.4890563,19.1965885],"bbox":[-72.5290563,19.1565885,-72.4490563,19.2365885]}
{"name":"Dondon","other_names":{"name:ht":"Dondon","name:oc":"Dondon"},"display_name":"Dondon, Commune Dondon, Arrondissement Saint-Raphaël, Département du Nord, Ayiti","address":{"town":"Dondon","city":"Commune Dondon","state_district":"Arrondissement Saint-Raphaël","state":"Département du Nord","ISO3166-2-lvl4":"HT-ND","country":"Ayiti","country_code":"ht"},"population":25486,"osm_type":"node","osm_id":614934420,"type":"town","location":[-72.2427229,19.5274372],"bbox":[-72.2827229,19.4874372,-72.2027229,19.5674372]}
{"name":"Ennery","other_names":{"name:ht":"Ènry","name:oc":"Ènari"},"display_name":"Ennery, Commune d’Ennery, Arrondissement des Gonaïves, Département de l'Artibonite, Ayiti","address":{"town":"Ennery","city":"Commune d’Ennery","state_district":"Arrondissement des Gonaïves","state":"Département de l'Artibonite","ISO3166-2-lvl4":"HT-AR","country":"Ayiti","country_code":"ht"},"population":56600,"osm_type":"node","osm_id":617522098,"type":"town","location":[-72.4849369,19.4845825],"bbox":[-72.5249369,19.4445825,-72.4449369,19.5245825]}
{"name":"Étroits","other_names":{"name:ru":"Этруа"},"display_name":"Étroits, Commune Anse-à-Galets, Arrondissement de La Gonâve, Département de l'Ouest, 6510, Ayiti","address":{"town":"Étroits","city":"Commune Anse-à-Galets","state_district":"Arrondissement de La Gonâve","state":"Département de l'Ouest","ISO3166-2-lvl4":"HT-OU","postcode":"6510","country":"Ayiti","country_code":"ht"},"osm_type":"node","osm_id":616722118,"type":"town","location":[-72.9487504,18.8628282],"bbox":[-72.9887504,18.8228282,-72.9087504,18.9028282]}
{"name":"Fond-des-Blancs","display_name":"Fond-des-Blancs, Commune d’Aquin, Arrondissement d’Aquin, Département du Sud, Ayiti","address":{"town":"Fond-des-Blancs","city":"Commune d’Aquin","state_district":"Arrondissement d’Aquin","state":"Département du Sud","ISO3166-2-lvl4":"HT-SD","country":"Ayiti","country_code":"ht"},"osm_type":"node","osm_id":617885461,"type":"town","location":[-73.125654,18.2773319],"bbox":[-73.165654,18.2373319,-73.085654,18.3173319]}
{"name":"Fonds-des-Nègres","other_names":{"name:ht":"Fondènèg"},"display_name":"Fonds-des-Nègres, Commune Fonds-des-Nègres, Arrondissement de Miragoâne, Département des Nippes, Ayiti","address":{"town":"Fonds-des-Nègres","state_district":"Arrondissement de Miragoâne","state":"Département des Nippes","ISO3166-2-lvl4":"HT-NI","country":"Ayiti","country_code":"ht"},"population":30387,"osm_type":"node","osm_id":618253996,"type":"town","location":[-73.2411257,18.3587761],"bbox":[-73.2811257,18.3187761,-73.2011257,18.3987761],"border":{"name":"Commune Fonds-des-Nègres","other_names":{"name:ht":"Fondènèg","alt":"Fonds-des-Nègres"},"display_name":"Commune Fonds-des-Nègres, Arrondissement de Miragoâne, Département des Nippes, Ayiti","address":{"town":"Commune Fonds-des-Nègres","state_district":"Arrondissement de Miragoâne","state":"Département des Nippes","ISO3166-2-lvl4":"HT-NI","country":"Ayiti","country_code":"ht"},"population":30387,"osm_type":"relation","osm_id":407578,"type":"administrative","location":[-73.2411257,18.3587761],"bbox":[-73.3393652,18.3521987,-73.1478402,18.4199147]}}
{"name":"Fonds-Parisien","other_names":{"name:es":"Fond Parisien","name:fr":"Fonds-Parisien"},"display_name":"Fonds-Parisien, Commune Ganthier, Arrondissement de Croix-des-Bouquets, Département de l'Ouest, Ayiti","address":{"town":"Fonds-Parisien","city":"Commune Ganthier","state_district":"Arrondissement de Croix-des-Bouquets","state":"Département de l'Ouest","ISO3166-2-lvl4":"HT-OU","country":"Ayiti","country_code":"ht"},"population":28207,"osm_type":"node","osm_id":617039847,"type":"town","location":[-71.9817671,18.5067193],"bbox":[-72.0217671,18.4667193,-71.9417671,18.5467193]}
{"name":"Fonds-Verrettes","display_name":"Fonds-Verrettes, Commune Fonds-Verettes, Arrondissement de Croix-des-Bouquets, Département de l'Ouest, Ayiti","address":{"town":"Fonds-Verrettes","city":"Commune Fonds-Verettes","state_district":"Arrondissement de Croix-des-Bouquets","state":"Département de l'Ouest","ISO3166-2-lvl4":"HT-OU","country":"Ayiti","country_code":"ht"},"osm_type":"node","osm_id":1197569133,"type":"town","location":[-71.8557777,18.3938882],"bbox":[-71.8957777,18.3538882,-71.8157777,18.4338882]}
{"name":"Ganthier","display_name":"Ganthier, Commune Ganthier, Arrondissement de Croix-des-Bouquets, Département de l'Ouest, Ayiti","address":{"town":"Ganthier","city":"Commune Ganthier","state_district":"Arrondissement de Croix-des-Bouquets","state":"Département de l'Ouest","ISO3166-2-lvl4":"HT-OU","country":"Ayiti","country_code":"ht"},"population":71261,"osm_type":"node","osm_id":614882193,"type":"town","location":[-72.0678808,18.531973],"bbox":[-72.1078808,18.491973,-72.0278808,18.571973]}
{"name":"Grand-Bassin","other_names":{"official_name":"Quartier de Grand-Bassin"},"display_name":"Grand-Bassin, Commune Terrier Rouge, Arrondissement Trou-du-Nord, Département du Nord-Est, Ayiti","address":{"town":"Grand-Bassin","city":"Commune Terrier Rouge","state_district":"Arrondissement Trou-du-Nord","state":"Département du Nord-Est","ISO3166-2-lvl4":"HT-NE","country":"Ayiti","country_code":"ht"},"osm_type":"node","osm_id":2272858431,"type":"town","location":[-71.9369189,19.5769381],"bbox":[-71.9769189,19.5369381,-71.8969189,19.6169381]}
{"name":"Grand-Goâve","display_name":"Grand-Goâve, Commune Grand-Goâve, Arrondissement de Léogâne, Département de l'Ouest, Ayiti","address":{"town":"Grand-Goâve","city":"Commune Grand-Goâve","state_district":"Arrondissement de Léogâne","state":"Département de l'Ouest","ISO3166-2-lvl4":"HT-OU","country":"Ayiti","country_code":"ht"},"population":49288,"osm_type":"node","osm_id":614781318,"type":"town","location":[-72.7681957,18.4282512],"bbox":[-72.8081957,18.3882512,-72.7281957,18.4682512]}
{"name":"Grand-Gosier","display_name":"Grand-Gosier, Commune de Grand Gosier, Arrondissement Belle-Anse, Département du Sud-Est, Ayiti","address":{"town":"Grand-Gosier","city":"Commune de Grand Gosier","state_district":"Arrondissement Belle-Anse","state":"Département du Sud-Est","ISO3166-2-lvl4":"HT-SE","country":"Ayiti","country_code":"ht"},"osm_type":"node","osm_id":614876979,"type":"town","location":[-71.9173723,18.1850415],"bbox":[-71.9573723,18.1450415,-71.8773723,18.2250415]}
{"name":"Grande Caille","display_name":"Grande Caille, Commune d’Aquin, Arrondissement d’Aquin, Département du Sud, Ayiti","address":{"town":"Grande Caille","city":"Commune d’Aquin","state_district":"Arrondissement d’Aquin","state":"Département du Sud","ISO3166-2-lvl4":"HT-SD","country":"Ayiti","country_code":"ht"},"osm_type":"node","osm_id":618430953,"type":"town","location":[-73.1178474,18.3524867],"bbox":[-73.1578474,18.3124867,-73.0778474,18.3924867]}
{"name":"Grande-Rivière-du-Nord","other_names":{"name:ht":"Grann Rivyè dinò","name:oc":"Granda Ribèira dau Nòrd"},"display_name":"Grande-Rivière-du-Nord, Commune Grande-Rivière-Du-Nord, Arrondissement Grande-Rivière-du-Nord, Département du Nord, Ayiti","address":{"town":"Grande-Rivière-du-Nord","city":"Commune Grande-Rivière-Du-Nord","state_district":"Arrondissement Grande-Rivière-du-Nord","state":"Département du Nord","ISO3166-2-lvl4":"HT-ND","country":"Ayiti","country_code":"ht"},"osm_type":"node","osm_id":618623288,"type":"town","location":[-72.1693457,19.5778207],"bbox":[-72.2093457,19.5378207,-72.1293457,19.6178207]}
{"name":"Grande-Saline","other_names":{"name:ht":"Gwann Salin"},"display_name":"Grande-Saline, Commune Grand Saline, Arrondissement de Dessalines, Département de l'Artibonite, Ayiti","address":{"town":"Grande-Saline","city":"Commune Grand Saline","state_district":"Arrondissement de Dessalines","state":"Département de l'Artibonite","ISO3166-2-lvl4":"HT-AR","country":"Ayiti","country_code":"ht"},"osm_type":"node","osm_id":2563248073,"type":"town","location":[-72.7737935,19.2460589],"bbox":[-72.8137935,19.2060589,-72.7337935,19.2860589]}
{"name":"Gros-Morne","other_names":{"name:ht":"Gwo Mòn","name:oc":"Gròs Mòrne","official_name":"Gros Morne"},"display_name":"Gros-Morne, Arrondissement Gros Morne, Département de l'Artibonite, Ayiti","address":{"town":"Gros-Morne","state":"Département de l'Artibonite","ISO3166-2-lvl4":"HT-AR","country":"Ayiti","country_code":"ht"},"population":209500,"osm_type":"node","osm_id":992837680,"type":"town","location":[-72.6783922,19.6716098],"bbox":[-72.7183922,19.6316098,-72.6383922,19.7116098],"border":{"name":"Arrondissement Gros Morne","other_names":{"name:ht":"Gwo Mòn","name:oc":"Gròs Mòrne","official_name":"Gros Morne","alt":"Gros-Morne"},"display_name":"Arrondissement Gros Morne, Département de l'Artibonite, Ayiti","address":{"town":"Arrondissement Gros Morne","state":"Département de l'Artibonite","ISO3166-2-lvl4":"HT-AR","country":"Ayiti","country_code":"ht"},"population":209500,"osm_type":"relation","osm_id":392360,"type":"administrative","location":[-72.6783922,19.6716098],"bbox":[-73.1362863,19.5010436,-72.5708209,19.8155764]}}
{"name":"Jean-Rabel","other_names":{"name:ht":"Jan Rabèl","name:oc":"Joan Rabel"},"display_name":"Jean-Rabel, Commune Jean Rabel, Arrondissement Môle-Saint-Nicolas, Département du Nord-Ouest, Ayiti","address":{"town":"Jean-Rabel","city":"Commune Jean Rabel","state_district":"Arrondissement Môle-Saint-Nicolas","state":"Département du Nord-Ouest","ISO3166-2-lvl4":"HT-NO","country":"Ayiti","country_code":"ht"},"population":135000,"osm_type":"node","osm_id":620485972,"type":"town","location":[-73.1923979,19.8557137],"bbox":[-73.2323979,19.8157137,-73.1523979,19.8957137]}
{"name":"Jeanton I","display_name":"Jeanton I, Commune de Saint-Marc, Arrondissement de Saint-Marc, Département de l'Artibonite, Ayiti","address":{"town":"Jeanton I","city":"Commune de Saint-Marc","state_district":"Arrondissement de Saint-Marc","state":"Département de l'Artibonite","ISO3166-2-lvl4":"HT-AR","country":"Ayiti","country_code":"ht"},"osm_type":"node","osm_id":1697842952,"type":"town","location":[-72.7191501,19.0838545],"bbox":[-72.7591501,19.0438545,-72.6791501,19.1238545]}
{"name":"Jeanton","other_names":{"name:ht":"Janton"},"display_name":"Jeanton, Commune de Saint-Marc, Arrondissement de Saint-Marc, Département de l'Artibonite, Ayiti","address":{"town":"Jeanton","city":"Commune de Saint-Marc","state_district":"Arrondissement de Saint-Marc","state":"Département de l'Artibonite","ISO3166-2-lvl4":"HT-AR","country":"Ayiti","country_code":"ht"},"osm_type":"node","osm_id":1693996780,"type":"town","location":[-72.707701,19.0749132],"bbox":[-72.747701,19.0349132,-72.667701,19.1149132]}
{"name":"L'Asile","other_names":{"name:ht":"Lazil"},"display_name":"L'Asile, Arrondissement de l’Anse-à-Veau, Département des Nippes, Ayiti","address":{"town":"L'Asile","state_district":"Arrondissement de l’Anse-à-Veau","state":"Département des Nippes","ISO3166-2-lvl4":"HT-NI","country":"Ayiti","country_code":"ht"},"osm_type":"node","osm_id":616679707,"type":"town","location":[-73.4144363,18.3844086],"bbox":[-73.4544363,18.3444086,-73.3744363,18.4244086],"border":{"name":"L'Asile","other_names":{"name:ht":"Lazil"},"display_name":"L'Asile, Arrondissement de l’Anse-à-Veau, Département des Nippes, Ayiti","address":{"town":"L'Asile","state_district":"Arrondissement de l’Anse-à-Veau","state":"Département des Nippes","ISO3166-2-lvl4":"HT-NI","country":"Ayiti","country_code":"ht"},"population":32410,"osm_type":"relation","osm_id":389275,"type":"administrative","location":[-73.4144363,18.3844086],"bbox":[-73.5643399,18.3356512,-73.3246288,18.4523049]}}
{"name":"La Chapelle","other_names":{"name:ht":"La Chapèl","name:oc":"La Capèla"},"display_name":"La Chapelle, Commune La Chapelle, Arrondissement de Saint-Marc, Département de l'Artibonite, Ayiti","address":{"town":"La Chapelle","city":"Commune La Chapelle","state_district":"Arrondissement de Saint-Marc","state":"Département de l'Artibonite","ISO3166-2-lvl4":"HT-AR","country":"Ayiti","country_code":"ht"},"osm_type":"node","osm_id":617220518,"type":"town","location":[-72.3120421,18.911552],"bbox":[-72.3520421,18.871552,-72.2720421,18.951552]}
{"display_name":"La Chicòta e Pont de l'Estèra, Commune L'Estere, Arrondissement des Gonaïves, Département de l'Artibonite, Ayiti","address":{"town":"La Chicòta e Pont de l'Estèra","city":"Commune L'Estere","state_district":"Arrondissement des Gonaïves","state":"Département de l'Artibonite","ISO3166-2-lvl4":"HT-AR","country":"Ayiti","country_code":"ht"},"population":41100,"osm_type":"node","osm_id":639091918,"type":"town","location":[-72.610203,19.3031502],"bbox":[-72.650203,19.2631502,-72.570203,19.3431502]}
{"name":"Lascahobas","other_names":{"name:es":"Las Caobas","name:ht":"Laskawobas","name:oc":"Las Caubas"},"display_name":"Lascahobas, Commune Lascahobas, Arrondissement Lascahobas, Département du Centre, Ayiti","address":{"town":"Lascahobas","city":"Commune Lascahobas","state_district":"Arrondissement Lascahobas","state":"Département du Centre","ISO3166-2-lvl4":"HT-CE","country":"Ayiti","country_code":"ht"},"osm_type":"node","osm_id":616636503,"type":"town","location":[-71.9358047,18.8298821],"bbox":[-71.9758047,18.7898821,-71.8958047,18.8698821]}
{"name":"Le Borgne","other_names":{"name:oc":"Lo Bòrnhe"},"display_name":"Le Borgne, Commune Borgne, Arrondissement Borgne, Département du Nord, Ayiti","address":{"town":"Le Borgne","city":"Commune Borgne","state_district":"Arrondissement Borgne","state":"Département du Nord","ISO3166-2-lvl4":"HT-ND","country":"Ayiti","country_code":"ht"},"osm_type":"node","osm_id":617326157,"type":"town","location":[-72.5232364,19.8451362],"bbox":[-72.5632364,19.8051362,-72.4832364,19.8851362]}
{"name":"Les Anglais","other_names":{"name:ht":"Zanglè"},"display_name":"Les Anglais, Commune Les Anglais, Arrondissement des Chardonnières, Département du Sud, Ayiti","address":{"town":"Les Anglais","city":"Commune Les Anglais","state_district":"Arrondissement des Chardonnières","state":"Département du Sud","ISO3166-2-lvl4":"HT-SD","country":"Ayiti","country_code":"ht"},"population":7791,"osm_type":"node","osm_id":616580207,"type":"town","location":[-74.2169839,18.3061941],"bbox":[-74.2569839,18.2661941,-74.1769839,18.3461941]}
{"name":"Liancourt","other_names":{"name:ht":"Liankou","name:oc":"Liancort"},"display_name":"Liancourt, Commune de Liancourt, Arrondissement de Saint-Marc, Département de l'Artibonite, Ayiti","address":{"town":"Liancourt","city":"Commune de Liancourt","state_district":"Arrondissement de Saint-Marc","state":"Département de l'Artibonite","ISO3166-2-lvl4":"HT-AR","country":"Ayiti","country_code":"ht"},"osm_type":"node","osm_id":2056450705,"type":"town","location":[-72.54091,19.1263141],"bbox":[-72.58091,19.0863141,-72.50091,19.1663141]}
{"name":"Limbé","other_names":{"name:ht":"Lenbe","name:oc":"Lembe"},"display_name":"Limbé, Commune Limbé, Arrondissement Limbé, Département du Nord, Ayiti","address":{"town":"Limbé","state_district":"Arrondissement Limbé","state":"Département du Nord","ISO3166-2-lvl4":"HT-ND","country":"Ayiti","country_code":"ht"},"osm_type":"node","osm_id":617326204,"type":"town","location":[-72.4029292,19.7064096],"bbox":[-72.4429292,19.6664096,-72.3629292,19.7464096],"border":{"name":"Commune Limbé","other_names":{"name:ht":"Lenbe","name:oc":"Lembe","alt":"Limbé"},"display_name":"Commune Limbé, Arrondissement Limbé, Département du Nord, Ayiti","address":{"town":"Commune Limbé","state_district":"Arrondissement Limbé","state":"Département du Nord","ISO3166-2-lvl4":"HT-ND","country":"Ayiti","country_code":"ht"},"population":65788,"osm_type":"relation","osm_id":388625,"type":"administrative","location":[-72.4029292,19.7064096],"bbox":[-72.461371,19.5651948,-72.3411764,19.7256968]}}
{"name":"Limonade","other_names":{"name:ht":"Limonad","name:oc":"Limonada"},"display_name":"Limonade, Commune Limonade, Arrondissement de Cap-Haïtien, Département du Nord, 1130, Ayiti","address":{"town":"Limonade","city":"Commune Limonade","state_district":"Arrondissement de Cap-Haïtien","state":"Département du Nord","ISO3166-2-lvl4":"HT-ND","postcode":"1130","country":"Ayiti","country_code":"ht"},"population":45119,"osm_type":"node","osm_id":614928171,"type":"town","location":[-72.1241998,19.670388],"bbox":[-72.1641998,19.630388,-72.0841998,19.710388]}
{"name":"Maïssade","other_names":{"name:es":"Maisada","name:ht":"Mayisad","name:oc":"Milhada"},"display_name":"Maïssade, Commune Maissade, Arrondissement de Hinche, Département du Centre, Ayiti","address":{"town":"Maïssade","city":"Commune Maissade","state_district":"Arrondissement de Hinche","state":"Département du Centre","ISO3166-2-lvl4":"HT-CE","country":"Ayiti","country_code":"ht"},"osm_type":"node","osm_id":618044765,"type":"town","location":[-72.139556,19.1747677],"bbox":[-72.179556,19.1347677,-72.099556,19.2147677]}
{"name":"Mapou","display_name":"Mapou, Commune Belle Anse, Arrondissement Belle-Anse, Département du Sud-Est, Ayiti","address":{"town":"Mapou","city":"Commune Belle Anse","state_district":"Arrondissement Belle-Anse","state":"Département du Sud-Est","ISO3166-2-lvl4":"HT-SE","country":"Ayiti","country_code":"ht"},"population":17468,"osm_type":"node","osm_id":11645607414,"type":"town","location":[-71.9525805,18.2558708],"bbox":[-71.9925805,18.2158708,-71.9125805,18.2958708]}
{"name":"Marchand Déssalines","display_name":"Marchand Déssalines, Commune de Dessalines, Arrondissement de Dessalines, Département de l'Artibonite, 4310, Ayiti","address":{"town":"Marchand Déssalines","city":"Commune de Dessalines","state_district":"Arrondissement de Dessalines","state":"Département de l'Artibonite","ISO3166-2-lvl4":"HT-AR","postcode":"4310","country":"Ayiti","country_code":"ht"},"osm_type":"node","osm_id":2129720930,"type":"town","location":[-72.5280558,19.2655291],"bbox":[-72.5680558,19.2255291,-72.4880558,19.3055291]}
{"name":"Mare-Rouge","other_names":{"name:oc":"Sampa Roja"},"display_name":"Mare-Rouge, Commune Jean Rabel, Arrondissement Môle-Saint-Nicolas, Département du Nord-Ouest, Ayiti","address":{"town":"Mare-Rouge","city":"Commune Jean Rabel","state_district":"Arrondissement Môle-Saint-Nicolas","state":"Département du Nord-Ouest","ISO3166-2-lvl4":"HT-NO","country":"Ayiti","country_code":"ht"},"osm_type":"node","osm_id":620485444,"type":"town","location":[-73.2571328,19.8019514],"bbox":[-73.2971328,19.7619514,-73.2171328,19.8419514]}
{"name":"Marigot","display_name":"Marigot, Commune Marigot, Arrondissement de Jacmel, Département du Sud-Est, 9139, Ayiti","address":{"town":"Marigot","city":"Commune Marigot","state_district":"Arrondissement de Jacmel","state":"Département du Sud-Est","ISO3166-2-lvl4":"HT-SE","postcode":"9139","country":"Ayiti","country_code":"ht"},"population":19378,"osm_type":"node","osm_id":614656745,"type":"town","location":[-72.3235421,18.2311699],"bbox":[-72.3635421,18.1911699,-72.2835421,18.2711699]}
{"name":"Marmelade","other_names":{"name:en":"Marmelade","name:ht":"Mamlad"},"display_name":"Marmelade, Commune Marmelade, Arrondissement de Marmelade, Département de l'Artibonite, Ayiti","address":{"town":"Marmelade","city":"Commune Marmelade","state_district":"Arrondissement de Marmelade","state":"Département de l'Artibonite","ISO3166-2-lvl4":"HT-AR","country":"Ayiti","country_code":"ht"},"osm_type":"node","osm_id":618032574,"type":"town","location":[-72.3619143,19.5174077],"bbox":[-72.4019143,19.4774077,-72.3219143,19.5574077]}
{"name":"Milot","other_names":{"name:ht":"Milo","name:oc":"Milòt"},"display_name":"Milot, Commune de Milot, Arrondissement d'Acul-du-Nord, Département du Nord, Ayiti","address":{"town":"Milot","city":"Commune de Milot","state_district":"Arrondissement d'Acul-du-Nord","state":"Département du Nord","ISO3166-2-lvl4":"HT-ND","country":"Ayiti","country_code":"ht"},"population":25149,"osm_type":"node","osm_id":614932150,"type":"town","location":[-72.21479,19.6078961],"bbox":[-72.25479,19.5678961,-72.17479,19.6478961]}
{"name":"Mirebalais","other_names":{"name:ht":"Mibalè","name:oc":"Mirabalés","name:ru":"Мирбале"},"display_name":"Mirebalais, Commune Mirebalais, Arrondissement de Mirebalais, Département du Centre, 5210, Ayiti","address":{"town":"Mirebalais","city":"Commune Mirebalais","state_district":"Arrondissement de Mirebalais","state":"Département du Centre","ISO3166-2-lvl4":"HT-CE","postcode":"5210","country":"Ayiti","country_code":"ht"},"population":81325,"osm_type":"node","osm_id":614907911,"type":"town","location":[-72.104836,18.8344163],"bbox":[-72.144836,18.7944163,-72.064836,18.8744163]}
{"name":"Môle-Saint-Nicolas","other_names":{"name:ht":"Mòlsennikola","name:oc":"Mòla Sant Nicolau","name:ru":"Моль-Сен-Никола","alt_name:ht":"Mòl Sen Nikola"},"display_name":"Môle-Saint-Nicolas, Commune Môle-Saint-Nicolas, Arrondissement Môle-Saint-Nicolas, Département du Nord-Ouest, Ayiti","address":{"town":"Môle-Saint-Nicolas","city":"Commune Môle-Saint-Nicolas","state_district":"Arrondissement Môle-Saint-Nicolas","state":"Département du Nord-Ouest","ISO3166-2-lvl4":"HT-NO","country":"Ayiti","country_code":"ht"},"population":30800,"osm_type":"node","osm_id":295327560,"type":"town","location":[-73.3766132,19.8070204],"bbox":[-73.4166132,19.7670204,-73.3366132,19.8470204]}
{"name":"Mombin-Crochu","other_names":{"name:ht":"Monben Kwochi","name:oc":"Mombin Arpat"},"display_name":"Mombin-Crochu, Commune Mombin-Crochu, Arrondissement Vallières, Département du Nord-Est, Ayiti","address":{"town":"Mombin-Crochu","city":"Commune Mombin-Crochu","state_district":"Arrondissement Vallières","state":"Département du Nord-Est","ISO3166-2-lvl4":"HT-NE","country":"Ayiti","country_code":"ht"},"population":25113,"osm_type":"node","osm_id":614923025,"type":"town","location":[-71.98237,19.3697964],"bbox":[-72.02237,19.3297964,-71.94237,19.4097964]}
{"name":"Mont-Organisé","other_names":{"name:ht":"Montòganize","name:oc":"Mont Endreçat"},"display_name":"Mont-Organisé, Commune Mont Organisé, Arrondissement Ouanaminthe, Département du Nord-Est, Ayiti","address":{"town":"Mont-Organisé","city":"Commune Mont Organisé","state_district":"Arrondissement Ouanaminthe","state":"Département du Nord-Est","ISO3166-2-lvl4":"HT-NE","country":"Ayiti","country_code":"ht"},"osm_type":"node","osm_id":618032578,"type":"town","location":[-71.7811496,19.4097377],"bbox":[-71.8211496,19.3697377,-71.7411496,19.4497377]}
{"name":"Moron","display_name":"Moron, Commune Moron, Arrondissement de Jérémie, Département de la Grande-Anse, Ayiti","address":{"town":"Moron","city":"Commune Moron","state_district":"Arrondissement de Jérémie","state":"Département de la Grande-Anse","ISO3166-2-lvl4":"HT-GA","country":"Ayiti","country_code":"ht"},"osm_type":"node","osm_id":616740060,"type":"town","location":[-74.2581337,18.5602014],"bbox":[-74.2981337,18.5202014,-74.2181337,18.6002014]}
{"name":"Perches","other_names":{"name:oc":"Las Pèrcas"},"display_name":"Perches, Commune Perches, Arrondissement de Fort-Liberté, Département du Nord-Est, Ayiti","address":{"town":"Perches","city":"Commune Perches","state_district":"Arrondissement de Fort-Liberté","state":"Département du Nord-Est","ISO3166-2-lvl4":"HT-NE","country":"Ayiti","country_code":"ht"},"osm_type":"node","osm_id":618032579,"type":"town","location":[-71.9226759,19.5217652],"bbox":[-71.9626759,19.4817652,-71.8826759,19.5617652]}
{"name":"Pestel","other_names":{"name:fr":"Pestel","name:ht":"Pestèl"},"display_name":"Pestel, Commune Pestel, Arrondissement de Corail, Département de la Grande-Anse, Ayiti","address":{"town":"Pestel","city":"Commune Pestel","state_district":"Arrondissement de Corail","state":"Département de la Grande-Anse","ISO3166-2-lvl4":"HT-GA","country":"Ayiti","country_code":"ht"},"population":15355,"osm_type":"node","osm_id":617914156,"type":"town","location":[-73.7920612,18.5421268],"bbox":[-73.8320612,18.5021268,-73.7520612,18.5821268]}
{"name":"Petit-Goâve","other_names":{"name:fr":"Petit-Goâve","name:ht":"Tigwav"},"display_name":"Petit-Goâve, Commune Petit-Goâve, Arrondissement de Léogâne, Département de l'Ouest, 6220, Ayiti","address":{"town":"Petit-Goâve","city":"Commune Petit-Goâve","state_district":"Arrondissement de Léogâne","state":"Département de l'Ouest","ISO3166-2-lvl4":"HT-OU","postcode":"6220","country":"Ayiti","country_code":"ht"},"population":25367,"osm_type":"node","osm_id":613248492,"type":"town","location":[-72.865384,18.4326935],"bbox":[-72.905384,18.3926935,-72.825384,18.4726935]}
{"name":"Petit-Trou-de-Nippes","display_name":"Petit-Trou-de-Nippes, Commune Petit-Trou-de-Nippes, Arrondissement de l’Anse-à-Veau, Département des Nippes, Ayiti","address":{"town":"Petit-Trou-de-Nippes","city":"Commune Petit-Trou-de-Nippes","state_district":"Arrondissement de l’Anse-à-Veau","state":"Département des Nippes","ISO3166-2-lvl4":"HT-NI","country":"Ayiti","country_code":"ht"},"osm_type":"node","osm_id":617914636,"type":"town","location":[-73.5080865,18.5259646],"bbox":[-73.5480865,18.4859646,-73.4680865,18.5659646]}
{"name":"Petite-Rivière-de-l'Artibonite","other_names":{"name:ht":"Ti Rivyè Latibonit","name:oc":"Pichona Rivèira de l'Artibònita"},"display_name":"Petite-Rivière-de-l'Artibonite, Commune Petite Rivière de l'Artibonite, Arrondissement de Dessalines, Département de l'Artibonite, Ayiti","address":{"town":"Petite-Rivière-de-l'Artibonite","city":"Commune Petite Rivière de l'Artibonite","state_district":"Arrondissement de Dessalines","state":"Département de l'Artibonite","ISO3166-2-lvl4":"HT-AR","country":"Ayiti","country_code":"ht"},"population":35000,"osm_type":"node","osm_id":639284456,"type":"town","location":[-72.4798459,19.1228446],"bbox":[-72.5198459,19.0828446,-72.4398459,19.1628446]}
{"name":"Pignon","other_names":{"name:oc":"Pinhon"},"display_name":"Pignon, Commune Pignon, Arrondissement Saint-Raphaël, Département du Nord, Ayiti","address":{"town":"Pignon","city":"Commune Pignon","state_district":"Arrondissement Saint-Raphaël","state":"Département du Nord","ISO3166-2-lvl4":"HT-ND","country":"Ayiti","country_code":"ht"},"population":29327,"osm_type":"node","osm_id":614921683,"type":"town","location":[-72.1158319,19.3370907],"bbox":[-72.1558319,19.2970907,-72.0758319,19.3770907]}
{"name":"Plaisance","other_names":{"name:ht":"Plezans","name:oc":"Plasencia"},"display_name":"Plaisance, Commune Plaisance, Arrondissement Plaisance, Département du Nord, Ayiti","address":{"town":"Plaisance","city":"Commune Plaisance","state_district":"Arrondissement Plaisance","state":"Département du Nord","ISO3166-2-lvl4":"HT-ND","country":"Ayiti","country_code":"ht"},"population":68300,"osm_type":"node","osm_id":618028174,"type":"town","location":[-72.4704457,19.5981376],"bbox":[-72.5104457,19.5581376,-72.4304457,19.6381376]}
{"name":"Pointe-à-Raquette","display_name":"Pointe-à-Raquette, Commune Pointe-à-Raquette, Arrondissement de La Gonâve, Département de l'Ouest, Ayiti","address":{"town":"Pointe-à-Raquette","city":"Commune Pointe-à-Raquette","state_district":"Arrondissement de La Gonâve","state":"Département de l'Ouest","ISO3166-2-lvl4":"HT-OU","country":"Ayiti","country_code":"ht"},"osm_type":"node","osm_id":616722829,"type":"town","location":[-73.060524,18.7849632],"bbox":[-73.100524,18.7449632,-73.020524,18.8249632]}
{"name":"Pont-Sondé","other_names":{"name:ht":"Pon Sonde"},"display_name":"Pont-Sondé, Commune de Saint-Marc, Arrondissement de Saint-Marc, Département de l'Artibonite, Ayiti","address":{"town":"Pont-Sondé","city":"Commune de Saint-Marc","state_district":"Arrondissement de Saint-Marc","state":"Département de l'Artibonite","ISO3166-2-lvl4":"HT-AR","country":"Ayiti","country_code":"ht"},"osm_type":"node","osm_id":2313279217,"type":"town","location":[-72.6155676,19.1494742],"bbox":[-72.6555676,19.1094742,-72.5755676,19.1894742]}
{"name":"Port-à-Piment","other_names":{"name:ht":"Pòtapiman disid"},"display_name":"Port-à-Piment, Commune Port-à-Piment, Arrondissement des Côteaux, Département du Sud, Ayiti","address":{"town":"Port-à-Piment","city":"Commune Port-à-Piment","state_district":"Arrondissement des Côteaux","state":"Département du Sud","ISO3166-2-lvl4":"HT-SD","country":"Ayiti","country_code":"ht"},"population":6932,"osm_type":"node","osm_id":616582976,"type":"town","location":[-74.0961849,18.2501796],"bbox":[-74.1361849,18.2101796,-74.0561849,18.2901796]}
{"name":"Port-Salut","other_names":{"name:ht":"Pòsali"},"display_name":"Port-Salut, Commune Port-Salut, Arrondissement Port-Salut, Département du Sud, Ayiti","address":{"town":"Port-Salut","city":"Commune Port-Salut","state_district":"Arrondissement Port-Salut","state":"Département du Sud","ISO3166-2-lvl4":"HT-SD","country":"Ayiti","country_code":"ht"},"osm_type":"node","osm_id":617911034,"type":"town","location":[-73.9181353,18.0767712],"bbox":[-73.9581353,18.0367712,-73.8781353,18.1167712]}
{"name":"Quartier-Morin","other_names":{"name:ht":"Katie Moren","name:oc":"Quartièr Maurin"},"display_name":"Quartier-Morin, Commune Quartier-Morin, Arrondissement de Cap-Haïtien, Département du Nord, 1121, Ayiti","address":{"town":"Quartier-Morin","city":"Commune Quartier-Morin","state_district":"Arrondissement de Cap-Haïtien","state":"Département du Nord","ISO3166-2-lvl4":"HT-ND","postcode":"1121","country":"Ayiti","country_code":"ht"},"population":19241,"osm_type":"node","osm_id":614929494,"type":"town","location":[-72.1578267,19.6971782],"bbox":[-72.1978267,19.6571782,-72.1178267,19.7371782]}
{"name":"Ranquitte","other_names":{"name:oc":"Ranquita"},"display_name":"Ranquitte, Commune Ranquitte, Arrondissement Saint-Raphaël, Département du Nord, Ayiti","address":{"town":"Ranquitte","city":"Commune Ranquitte","state_district":"Arrondissement Saint-Raphaël","state":"Département du Nord","ISO3166-2-lvl4":"HT-ND","country":"Ayiti","country_code":"ht"},"osm_type":"node","osm_id":616599746,"type":"town","location":[-72.0834325,19.413191],"bbox":[-72.1234325,19.373191,-72.0434325,19.453191]}
{"name":"Saint-Louis-du-Nord","other_names":{"name:ht":"Sen Lwi dinò","name:oc":"Sant Loís dau Nòrd"},"display_name":"Saint-Louis-du-Nord, Commune Saint-Louis-du-Nord, Arrondissement Saint-Louis-du-Nord, Département du Nord-Ouest, Ayiti","address":{"town":"Saint-Louis-du-Nord","city":"Commune Saint-Louis-du-Nord","state_district":"Arrondissement Saint-Louis-du-Nord","state":"Département du Nord-Ouest","ISO3166-2-lvl4":"HT-NO","country":"Ayiti","country_code":"ht"},"population":32000,"osm_type":"node","osm_id":618383457,"type":"town","location":[-72.7209086,19.9333656],"bbox":[-72.7609086,19.8933656,-72.6809086,19.9733656]}
{"name":"Saint-Louis-du-Sud","display_name":"Saint-Louis-du-Sud, Commune de Saint-Louis-du-Sud, Arrondissement d’Aquin, Département du Sud, 8320, Ayiti","address":{"town":"Saint-Louis-du-Sud","city":"Commune de Saint-Louis-du-Sud","state_district":"Arrondissement d’Aquin","state":"Département du Sud","ISO3166-2-lvl4":"HT-SD","postcode":"8320","country":"Ayiti","country_code":"ht"},"osm_type":"node","osm_id":616283177,"type":"town","location":[-73.546094,18.2624667],"bbox":[-73.586094,18.2224667,-73.506094,18.3024667]}
{"name":"Saint-Michel-du-Sud","display_name":"Saint-Michel-du-Sud, Commune Miragoâne, Arrondissement de Miragoâne, Département des Nippes, Ayiti","address":{"town":"Saint-Michel-du-Sud","city":"Commune Miragoâne","state_district":"Arrondissement de Miragoâne","state":"Département des Nippes","ISO3166-2-lvl4":"HT-NI","country":"Ayiti","country_code":"ht"},"osm_type":"node","osm_id":618421099,"type":"town","location":[-73.1104928,18.3753359],"bbox":[-73.1504928,18.3353359,-73.0704928,18.4153359]}
{"name":"Saint-Raphaël","other_names":{"name:ht":"Sen Rafayèl","name:oc":"Sant Rafèl"},"display_name":"Saint-Raphaël, Commune Saint-Raphaël, Arrondissement Saint-Raphaël, Département du Nord, Ayiti","address":{"town":"Saint-Raphaël","city":"Commune Saint-Raphaël","state_district":"Arrondissement Saint-Raphaël","state":"Département du Nord","ISO3166-2-lvl4":"HT-ND","country":"Ayiti","country_code":"ht"},"population":37739,"osm_type":"node","osm_id":614919790,"type":"town","location":[-72.1993956,19.4392971],"bbox":[-72.2393956,19.3992971,-72.1593956,19.4792971]}
{"name":"Terre-Neuve","other_names":{"name:ht":"Tènèv","name:oc":"Terra Nòva"},"display_name":"Terre-Neuve, Arrondissement Gros Morne, Département de l'Artibonite, Ayiti","address":{"town":"Terre-Neuve","state":"Département de l'Artibonite","ISO3166-2-lvl4":"HT-AR","country":"Ayiti","country_code":"ht"},"population":28400,"osm_type":"node","osm_id":618035478,"type":"town","location":[-72.7815744,19.6007001],"bbox":[-72.8215744,19.5607001,-72.7415744,19.6407001]}
{"name":"Terrier-Rouge","other_names":{"name:ht":"Tèrye Wouj"},"display_name":"Terrier-Rouge, Commune Terrier Rouge, Arrondissement Trou-du-Nord, Département du Nord-Est, Ayiti","address":{"town":"Terrier-Rouge","city":"Commune Terrier Rouge","state_district":"Arrondissement Trou-du-Nord","state":"Département du Nord-Est","ISO3166-2-lvl4":"HT-NE","country":"Ayiti","country_code":"ht"},"population":25000,"osm_type":"node","osm_id":614926859,"type":"town","location":[-71.9545265,19.6372538],"bbox":[-71.9945265,19.5972538,-71.9145265,19.6772538]}
{"name":"Thiotte","display_name":"Thiotte, Commune Thiotte, Arrondissement Belle-Anse, Département du Sud-Est, Ayiti","address":{"town":"Thiotte","city":"Commune Thiotte","state_district":"Arrondissement Belle-Anse","state":"Département du Sud-Est","ISO3166-2-lvl4":"HT-SE","country":"Ayiti","country_code":"ht"},"population":18377,"osm_type":"node","osm_id":616680929,"type":"town","location":[-71.8419759,18.2442468],"bbox":[-71.8819759,18.2042468,-71.8019759,18.2842468]}
{"name":"Thomassique","other_names":{"name:ht":"Tomasik","name:oc":"Tomàssica"},"display_name":"Thomassique, Commune Thomassique, Arrondissement Cerca-la-Source, Département du Centre, Ayiti","address":{"town":"Thomassique","city":"Commune Thomassique","state_district":"Arrondissement Cerca-la-Source","state":"Département du Centre","ISO3166-2-lvl4":"HT-CE","country":"Ayiti","country_code":"ht"},"osm_type":"node","osm_id":618044766,"type":"town","location":[-71.8418812,19.0800337],"bbox":[-71.8818812,19.0400337,-71.8018812,19.1200337]}
{"name":"Thomazeau","other_names":{"name:ru":"Томаэо"},"display_name":"Thomazeau, Commune Thomazeau, Arrondissement de Croix-des-Bouquets, Département de l'Ouest, Ayiti","address":{"town":"Thomazeau","city":"Commune Thomazeau","state_district":"Arrondissement de Croix-des-Bouquets","state":"Département de l'Ouest","ISO3166-2-lvl4":"HT-OU","country":"Ayiti","country_code":"ht"},"population":52017,"osm_type":"node","osm_id":614895933,"type":"town","location":[-72.0938014,18.6521176],"bbox":[-72.1338014,18.6121176,-72.0538014,18.6921176]}
{"name":"Thomonde","other_names":{"name:ht":"Tomonn","name:oc":"Tomonde"},"display_name":"Thomonde, Commune Thomonde, Arrondissement de Hinche, Département du Centre, 5130, Ayiti","address":{"town":"Thomonde","city":"Commune Thomonde","state_district":"Arrondissement de Hinche","state":"Département du Centre","ISO3166-2-lvl4":"HT-CE","postcode":"5130","country":"Ayiti","country_code":"ht"},"population":32993,"osm_type":"node","osm_id":614912270,"type":"town","location":[-71.9597698,19.0170164],"bbox":[-71.9997698,18.9770164,-71.9197698,19.0570164]}
{"name":"Tilory","other_names":{"name:ht":"Tilowi"},"display_name":"Tilory, Commune Cerca-la-Source, Arrondissement Cerca-la-Source, Département du Centre, Ayiti","address":{"town":"Tilory","city":"Commune Cerca-la-Source","state_district":"Arrondissement Cerca-la-Source","state":"Département du Centre","ISO3166-2-lvl4":"HT-CE","country":"Ayiti","country_code":"ht"},"osm_type":"node","osm_id":3456314904,"type":"town","location":[-71.683218,19.2355294],"bbox":[-71.723218,19.1955294,-71.643218,19.2755294]}
{"name":"Trou-du-Nord","other_names":{"name:ht":"Twou Dinò","name:oc":"Trauc dau Nòrd","alt_name":"Otwou","loc_name":"twoudinò","old_name":"Trou des marrons"},"display_name":"Trou-du-Nord, Commune Trou-du-Nord, Arrondissement Trou-du-Nord, Département du Nord-Est, 2340, Ayiti","address":{"town":"Trou-du-Nord","city":"Commune Trou-du-Nord","state_district":"Arrondissement Trou-du-Nord","state":"Département du Nord-Est","ISO3166-2-lvl4":"HT-NE","postcode":"2340","country":"Ayiti","country_code":"ht"},"population":37405,"osm_type":"node","osm_id":614928172,"type":"town","location":[-72.0248629,19.616781],"bbox":[-72.0648629,19.576781,-71.9848629,19.656781]}
{"name":"Vallières","display_name":"Vallières, Commune Vallières, Arrondissement Vallières, Département du Nord-Est, Ayiti","address":{"town":"Vallières","city":"Commune Vallières","state_district":"Arrondissement Vallières","state":"Département du Nord-Est","ISO3166-2-lvl4":"HT-NE","country":"Ayiti","country_code":"ht"},"osm_type":"node","osm_id":618032576,"type":"town","location":[-71.9208159,19.4352778],"bbox":[-71.9608159,19.3952778,-71.8808159,19.4752778]}
{"name":"Verrettes","other_names":{"name:en":"Verrettes","name:fr":"Verrettes","name:ht":"Vèrèt","name:oc":"Veretas","name:ru":"Веретт"},"display_name":"Verrettes, Commune de Verrettes, Arrondissement de Saint-Marc, Département de l'Artibonite, Ayiti","address":{"town":"Verrettes","city":"Commune de Verrettes","state_district":"Arrondissement de Saint-Marc","state":"Département de l'Artibonite","ISO3166-2-lvl4":"HT-AR","country":"Ayiti","country_code":"ht"},"population":14015,"osm_type":"node","osm_id":618036152,"type":"town","location":[-72.4673576,19.0507554],"bbox":[-72.5073576,19.0107554,-72.4273576,19.0907554]}
