{"name":"Anse-à-Galets","other_names":{"name:fr":"Anse-à-Galets","name:ht":"Ansagalèt","name:zh":"昂薩加萊"},"display_name":"Anse-à-Galets, Commune Anse-à-Galets, Arrondissement de La Gonâve, Département de l'Ouest, Ayiti","address":{"city":"Anse-à-Galets","state_district":"Arrondissement de La Gonâve","state":"Département de l'Ouest","ISO3166-2-lvl4":"HT-OU","country":"Ayiti","country_code":"ht"},"population":52662,"osm_type":"node","osm_id":614558897,"type":"city","location":[-72.8655885,18.833363],"bbox":[-73.0255885,18.673363,-72.7055885,18.993363]}
{"name":"Cap-Haïtien","other_names":{"name:en":"Cap-Haitien","name:es":"Cabo Haitiano","name:fr":"Cap-Haïtien","name:ht":"Okap","name:hu":"Cap-Haitien","name:oc":"Cap Aïcian","name:ru":"Кап-Аитьен","loc_name":"Okap","old_name":"Cap-François","alt_name:ht":"Kap Ayisyen","old_name:en":"Cape Haytian"},"display_name":"Cap-Haïtien, Commune Cap-Haïtien, Arrondissement de Cap-Haïtien, Département du Nord, 1110, Ayiti","address":{"city":"Cap-Haïtien","state_district":"Arrondissement de Cap-Haïtien","state":"Département du Nord","ISO3166-2-lvl4":"HT-ND","postcode":"1110","country":"Ayiti","country_code":"ht"},"population":186251,"osm_type":"node","osm_id":295325876,"type":"city","location":[-72.2008068,19.7595236],"bbox":[-72.3608068,19.5995236,-72.0408068,19.9195236]}
{"name":"Carrefour","other_names":{"name:ht":"Kafou","name:hu":"Carrefour","name:id":"Carrefour"},"display_name":"Carrefour, Arrondissement de Port-au-Prince, Département de l'Ouest, 6135, Ayiti","address":{"city":"Carrefour","state":"Département de l'Ouest","ISO3166-2-lvl4":"HT-OU","postcode":"6135","country":"Ayiti","country_code":"ht"},"population":511345,"osm_type":"node","osm_id":2315698298,"type":"city","location":[-72.4092495,18.5345373],"bbox":[-72.5692495,18.3745373,-72.2492495,18.6945373],"border":{"name":"Kafou","other_names":{"name:fr":"Carrefour","name:ht":"Kafou","name:ja":"カルフール","name:ko":"카레푸르","name:ru":"Карфур","name:zh":"卡勒富爾"},"display_name":"Kafou, Arrondissement de Port-au-Prince, Département de l'Ouest, Ayiti","address":{"city_district":"Kafou","city":"Arrondissement de Port-au-Prince","state":"Département de l'Ouest","ISO3166-2-lvl4":"HT-OU","country":"Ayiti","country_code":"ht"},"population":392986,"osm_type":"relation","osm_id":387041,"type":"administrative","location":[-72.42035265637676,18.46518125],"bbox":[-72.470617,18.372786,-72.3461952,18.556456]}}
{"name":"Commune Anse-à-Foleur","display_name":"Commune Anse-à-Foleur, Arrondissement Saint-Louis-du-Nord, Département du Nord-Ouest, Ayiti","address":{"city":"Commune Anse-à-Foleur","state_district":"Arrondissement Saint-Louis-du-Nord","state":"Département du Nord-Ouest","ISO3166-2-lvl4":"HT-NO","country":"Ayiti","country_code":"ht"},"population":22052,"osm_type":"relation","osm_id":389656,"type":"administrative","location":[-72.62565694425811,19.8607612],"bbox":[-72.6791133,19.8116,-72.5600433,19.9095299],"inferred_type":"city"}
{"name":"Commune Anse-à-Galets","display_name":"Commune Anse-à-Galets, Arrondissement de La Gonâve, Département de l'Ouest, 6510, Ayiti","address":{"city":"Commune Anse-à-Galets","state_district":"Arrondissement de La Gonâve","state":"Département de l'Ouest","ISO3166-2-lvl4":"HT-OU","postcode":"6510","country":"Ayiti","country_code":"ht"},"population":49812,"osm_type":"relation","osm_id":387083,"type":"administrative","location":[-72.91629720569,18.81194155],"bbox":[-73.1224039,18.6938007,-72.7939026,18.9304519],"inferred_type":"city"}
{"name":"Commune Anse-à-Pitres","display_name":"Commune Anse-à-Pitres, Arrondissement Belle-Anse, Département du Sud-Est, Ayiti","address":{"city":"Commune Anse-à-Pitres","state_district":"Arrondissement Belle-Anse","state":"Département du Sud-Est","ISO3166-2-lvl4":"HT-SE","country":"Ayiti","country_code":"ht"},"population":22884,"osm_type":"relation","osm_id":391409,"type":"administrative","location":[-71.80576147741343,18.162129],"bbox":[-71.8545904,18.0314686,-71.724932,18.2926031],"inferred_type":"city"}
{"name":"Commune Anse-à-Veau","display_name":"Commune Anse-à-Veau, Arrondissement de l’Anse-à-Veau, Département des Nippes, Ayiti","address":{"city":"Commune Anse-à-Veau","state_district":"Arrondissement de l’Anse-à-Veau","state":"Département des Nippes","ISO3166-2-lvl4":"HT-NI","country":"Ayiti","country_code":"ht"},"population":52432,"osm_type":"relation","osm_id":391371,"type":"administrative","location":[-73.31796108776271,18.46296165],"bbox":[-73.4491725,18.4010641,-73.2574509,18.52484],"inferred_type":"city"}
{"name":"Commune Anse-d'Hainault","display_name":"Commune Anse-d'Hainault, Arrondissement d'Anse-d'Hainault, Département de la Grande-Anse, Ayiti","address":{"city":"Commune Anse-d'Hainault","state_district":"Arrondissement d'Anse-d'Hainault","state":"Département de la Grande-Anse","ISO3166-2-lvl4":"HT-GA","country":"Ayiti","country_code":"ht"},"population":28125,"osm_type":"relation","osm_id":389326,"type":"administrative","location":[-74.41054767576134,18.46487285],"bbox":[-74.481136,18.4183272,-74.3043962,18.5109414],"inferred_type":"city"}
{"name":"Commune Arcahaie","display_name":"Commune Arcahaie, Arrondissement de l’Arcahaie, Département de l'Ouest, 6420, Ayiti","address":{"city":"Commune Arcahaie","state_district":"Arrondissement de l’Arcahaie","state":"Département de l'Ouest","ISO3166-2-lvl4":"HT-OU","postcode":"6420","country":"Ayiti","country_code":"ht"},"population":103756,"osm_type":"relation","osm_id":387668,"type":"administrative","location":[-72.4929153896814,18.86942095],"bbox":[-72.7099703,18.7635341,-72.3603108,18.9770758],"inferred_type":"city"}
{"name":"Commune Arniquet","display_name":"Commune Arniquet, Arrondissement Port-Salut, Département du Sud, Ayiti","address":{"city":"Commune Arniquet","state_district":"Arrondissement Port-Salut","state":"Département du Sud","ISO3166-2-lvl4":"HT-SD","country":"Ayiti","country_code":"ht"},"population":8751,"osm_type":"relation","osm_id":389526,"type":"administrative","location":[-73.91199113925396,18.149792249999997],"bbox":[-73.9506879,18.1077558,-73.8728348,18.1953285],"inferred_type":"city"}
{"name":"Commune Bahon","display_name":"Commune Bahon, Arrondissement Grande-Rivière-du-Nord, Département du Nord, Ayiti","address":{"city":"Commune Bahon","state_district":"Arrondissement Grande-Rivière-du-Nord","state":"Département du Nord","ISO3166-2-lvl4":"HT-ND","country":"Ayiti","country_code":"ht"},"population":17932,"osm_type":"relation","osm_id":392017,"type":"administrative","location":[-72.11982954700896,19.45030215],"bbox":[-72.1810283,19.3845831,-72.0617217,19.5161029],"inferred_type":"city"}
{"name":"Commune Baie de Henne","display_name":"Commune Baie de Henne, Arrondissement Môle-Saint-Nicolas, Département du Nord-Ouest, Ayiti","address":{"city":"Commune Baie de Henne","state_district":"Arrondissement Môle-Saint-Nicolas","state":"Département du Nord-Ouest","ISO3166-2-lvl4":"HT-NO","country":"Ayiti","country_code":"ht"},"population":19985,"osm_type":"relation","osm_id":391927,"type":"administrative","location":[-73.20246391702103,19.70888845],"bbox":[-73.2955984,19.6205731,-73.1174298,19.7991264],"inferred_type":"city"}
{"name":"Commune Bainet","display_name":"Commune Bainet, Arrondissement de Bainet, Département du Sud-Est, Ayiti","address":{"city":"Commune Bainet","state_district":"Arrondissement de Bainet","state":"Département du Sud-Est","ISO3166-2-lvl4":"HT-SE","country":"Ayiti","country_code":"ht"},"population":66694,"osm_type":"relation","osm_id":389554,"type":"administrative","location":[-72.76043422504303,18.21533295],"bbox":[-72.9029334,18.1411691,-72.636199,18.2892546],"inferred_type":"city"}
{"name":"Commune Baraderès","display_name":"Commune Baraderès, Arrondissement de Baradères, Département des Nippes, Ayiti","address":{"city":"Commune Baraderès","state_district":"Arrondissement de Baradères","state":"Département des Nippes","ISO3166-2-lvl4":"HT-NI","country":"Ayiti","country_code":"ht"},"population":36558,"osm_type":"relation","osm_id":390394,"type":"administrative","location":[-73.67352367763556,18.47250515],"bbox":[-73.7799955,18.3978886,-73.5706389,18.5477264],"inferred_type":"city"}
{"name":"Commune Bassin Bleu","display_name":"Commune Bassin Bleu, Arrondissement Port-de-Paix, Département du Nord-Ouest, Ayiti","address":{"city":"Commune Bassin Bleu","state_district":"Arrondissement Port-de-Paix","state":"Département du Nord-Ouest","ISO3166-2-lvl4":"HT-NO","country":"Ayiti","country_code":"ht"},"population":46458,"osm_type":"relation","osm_id":391994,"type":"administrative","location":[-72.84897617553237,19.78738625],"bbox":[-72.9407432,19.7089903,-72.7245613,19.8659247],"inferred_type":"city"}
{"name":"Commune Beaumont","display_name":"Commune Beaumont, Arrondissement de Corail, Département de la Grande-Anse, Ayiti","address":{"city":"Commune Beaumont","state_district":"Arrondissement de Corail","state":"Département de la Grande-Anse","ISO3166-2-lvl4":"HT-GA","country":"Ayiti","country_code":"ht"},"population":15257,"osm_type":"relation","osm_id":390544,"type":"administrative","location":[-73.98170520104897,18.4478966],"bbox":[-74.0422515,18.3687026,-73.8922318,18.5259603],"inferred_type":"city"}
{"name":"Commune Belle Anse","display_name":"Commune Belle Anse, Arrondissement Belle-Anse, Département du Sud-Est, Ayiti","address":{"city":"Commune Belle Anse","state_district":"Arrondissement Belle-Anse","state":"Département du Sud-Est","ISO3166-2-lvl4":"HT-SE","country":"Ayiti","country_code":"ht"},"population":58352,"osm_type":"relation","osm_id":387124,"type":"administrative","location":[-72.07853152322704,18.2756498],"bbox":[-72.2542566,18.1953407,-71.9166991,18.3572758],"inferred_type":"city"}
{"name":"Commune Bombardopolis","display_name":"Commune Bombardopolis, Arrondissement Môle-Saint-Nicolas, Département du Nord-Ouest, Ayiti","address":{"city":"Commune Bombardopolis","state_district":"Arrondissement Môle-Saint-Nicolas","state":"Département du Nord-Ouest","ISO3166-2-lvl4":"HT-NO","country":"Ayiti","country_code":"ht"},"population":26392,"osm_type":"relation","osm_id":389607,"type":"administrative","location":[-73.34712772259725,19.697224900000002],"bbox":[-73.4430027,19.6230606,-73.2699677,19.7722015],"inferred_type":"city"}
{"name":"Commune Bonbon","display_name":"Commune Bonbon, Arrondissement de Jérémie, Département de la Grande-Anse, Ayiti","address":{"city":"Commune Bonbon","state_district":"Arrondissement de Jérémie","state":"Département de la Grande-Anse","ISO3166-2-lvl4":"HT-GA","country":"Ayiti","country_code":"ht"},"population":6688,"osm_type":"relation","osm_id":390552,"type":"administrative","location":[-74.23855839589967,18.63153665],"bbox":[-74.2630278,18.5888175,-74.1899547,18.6747048],"inferred_type":"city"}
{"name":"Commune Borgne","display_name":"Commune Borgne, Arrondissement Borgne, Département du Nord, Ayiti","address":{"city":"Commune Borgne","state_district":"Arrondissement Borgne","state":"Département du Nord","ISO3166-2-lvl4":"HT-ND","country":"Ayiti","country_code":"ht"},"population":51612,"osm_type":"relation","osm_id":389868,"type":"administrative","location":[-72.57299137622076,19.806585650000002],"bbox":[-72.6873737,19.7328931,-72.4639976,19.879625],"inferred_type":"city"}
{"name":"Commune Boucan Carré","display_name":"Commune Boucan Carré, Arrondissement de Mirebalais, Département du Centre, Ayiti","address":{"city":"Commune Boucan Carré","state_district":"Arrondissement de Mirebalais","state":"Département du Centre","ISO3166-2-lvl4":"HT-CE","country":"Ayiti","country_code":"ht"},"population":43813,"osm_type":"relation","osm_id":392099,"type":"administrative","location":[-72.15247037234033,18.9612822],"bbox":[-72.24985,18.8379958,-71.9967513,19.0833392],"inferred_type":"city"}
{"name":"Commune Cabaret","display_name":"Commune Cabaret, Arrondissement de l’Arcahaie, Département de l'Ouest, Ayiti","address":{"city":"Commune Cabaret","state_district":"Arrondissement de l’Arcahaie","state":"Département de l'Ouest","ISO3166-2-lvl4":"HT-OU","country":"Ayiti","country_code":"ht"},"population":54339,"osm_type":"relation","osm_id":387680,"type":"administrative","location":[-72.4249051095805,18.76895525],"bbox":[-72.5065257,18.6818711,-72.3118679,18.8560583],"inferred_type":"city"}
{"name":"Commune Cap-Haïtien","display_name":"Commune Cap-Haïtien, Arrondissement de Cap-Haïtien, Département du Nord, Ayiti","address":{"city":"Commune Cap-Haïtien","state_district":"Arrondissement de Cap-Haïtien","state":"Département du Nord","ISO3166-2-lvl4":"HT-ND","country":"Ayiti","country_code":"ht"},"population":211630,"osm_type":"relation","osm_id":392007,"type":"administrative","location":[-72.22936308540473,19.74851165],"bbox":[-72.2687979,19.7081166,-72.1588607,19.7888651],"inferred_type":"city"}
{"name":"Commune Capotille","display_name":"Commune Capotille, Arrondissement Ouanaminthe, Département du Nord-Est, Ayiti","address":{"city":"Commune Capotille","state_district":"Arrondissement Ouanaminthe","state":"Département du Nord-Est","ISO3166-2-lvl4":"HT-NE","country":"Ayiti","country_code":"ht"},"population":15390,"osm_type":"relation","osm_id":392048,"type":"administrative","location":[-71.70646744582004,19.46203405],"bbox":[-71.7528174,19.3823471,-71.6782864,19.5418925],"inferred_type":"city"}
{"name":"Commune Caracol","display_name":"Commune Caracol, Arrondissement Trou-du-Nord, Département du Nord-Est, 2340, Ayiti","address":{"city":"Commune Caracol","state_district":"Arrondissement Trou-du-Nord","state":"Département du Nord-Est","ISO3166-2-lvl4":"HT-NE","postcode":"2340","country":"Ayiti","country_code":"ht"},"population":6051,"osm_type":"relation","osm_id":391984,"type":"administrative","location":[-72.00947163293611,19.6855385],"bbox":[-72.0664729,19.6360924,-71.9202065,19.7352652],"inferred_type":"city"}
{"name":"Commune Carice","display_name":"Commune Carice, Arrondissement Vallières, Département du Nord-Est, Ayiti","address":{"city":"Commune Carice","state_district":"Arrondissement Vallières","state":"Département du Nord-Est","ISO3166-2-lvl4":"HT-NE","country":"Ayiti","country_code":"ht"},"population":10709,"osm_type":"relation","osm_id":392046,"type":"administrative","location":[-71.82260371115606,19.35591555],"bbox":[-71.8850217,19.2753693,-71.7530406,19.4362915],"inferred_type":"city"}
{"name":"Commune Cavaillon","display_name":"Commune Cavaillon, Arrondissement d’Aquin, Département du Sud, Ayiti","address":{"city":"Commune Cavaillon","state_district":"Arrondissement d’Aquin","state":"Département du Sud","ISO3166-2-lvl4":"HT-SD","country":"Ayiti","country_code":"ht"},"population":41476,"osm_type":"relation","osm_id":389274,"type":"administrative","location":[-73.63199359655468,18.3208312],"bbox":[-73.6998111,18.2083626,-73.5386049,18.4332424],"inferred_type":"city"}
{"name":"Commune Cayes-Jacmel","display_name":"Commune Cayes-Jacmel, Arrondissement de Jacmel, Département du Sud-Est, 9139, Ayiti","address":{"city":"Commune Cayes-Jacmel","state_district":"Arrondissement de Jacmel","state":"Département du Sud-Est","ISO3166-2-lvl4":"HT-SE","postcode":"9139","country":"Ayiti","country_code":"ht"},"population":25730,"osm_type":"relation","osm_id":389559,"type":"administrative","location":[-72.40202655172521,18.264575049999998],"bbox":[-72.4723768,18.2241038,-72.3565268,18.3065979],"inferred_type":"city"}
{"name":"Commune Cerca Carvajal","display_name":"Commune Cerca Carvajal, Arrondissement de Hinche, Département du Centre, Ayiti","address":{"city":"Commune Cerca Carvajal","state_district":"Arrondissement de Hinche","state":"Département du Centre","ISO3166-2-lvl4":"HT-CE","country":"Ayiti","country_code":"ht"},"population":18102,"osm_type":"relation","osm_id":392068,"type":"administrative","location":[-71.92243797553682,19.260363599999998],"bbox":[-72.0309403,19.1853762,-71.8538919,19.3343437],"inferred_type":"city"}
{"name":"Commune Cerca-la-Source","display_name":"Commune Cerca-la-Source, Arrondissement Cerca-la-Source, Département du Centre, Ayiti","address":{"city":"Commune Cerca-la-Source","state_district":"Arrondissement Cerca-la-Source","state":"Département du Centre","ISO3166-2-lvl4":"HT-CE","country":"Ayiti","country_code":"ht"},"population":44129,"osm_type":"relation","osm_id":392069,"type":"administrative","location":[-71.73976615199273,19.1645979],"bbox":[-71.8864792,19.0496464,-71.6217461,19.2795825],"inferred_type":"city"}
{"name":"Commune Chambellan","display_name":"Commune Chambellan, Arrondissement de Jérémie, Département de la Grande-Anse, Ayiti","address":{"city":"Commune Chambellan","state_district":"Arrondissement de Jérémie","state":"Département de la Grande-Anse","ISO3166-2-lvl4":"HT-GA","country":"Ayiti","country_code":"ht"},"population":20564,"osm_type":"relation","osm_id":391195,"type":"administrative","location":[-74.33508141881313,18.51901325],"bbox":[-74.3747806,18.459288,-74.2867103,18.5786707],"inferred_type":"city"}
{"name":"Commune Chansolme","display_name":"Commune Chansolme, Arrondissement Port-de-Paix, Département du Nord-Ouest, Ayiti","address":{"city":"Commune Chansolme","state_district":"Arrondissement Port-de-Paix","state":"Département du Nord-Ouest","ISO3166-2-lvl4":"HT-NO","country":"Ayiti","country_code":"ht"},"population":12594,"osm_type":"relation","osm_id":391983,"type":"administrative","location":[-72.81239565730587,19.85918075],"bbox":[-72.8566961,19.8175305,-72.7717019,19.8996975],"inferred_type":"city"}
{"name":"Commune Chardonnieres","display_name":"Commune Chardonnieres, Arrondissement des Chardonnières, Département du Sud, Ayiti","address":{"city":"Commune Chardonnieres","state_district":"Arrondissement des Chardonnières","state":"Département du Sud","ISO3166-2-lvl4":"HT-SD","country":"Ayiti","country_code":"ht"},"population":20126,"osm_type":"relation","osm_id":389508,"type":"administrative","location":[-74.09709532683496,18.32885725],"bbox":[-74.193204,18.2502698,-74.0318591,18.407543],"inferred_type":"city"}
{"name":"Commune Corail","display_name":"Commune Corail, Arrondissement de Corail, Département de la Grande-Anse, Ayiti","address":{"city":"Commune Corail","state_district":"Arrondissement de Corail","state":"Département de la Grande-Anse","ISO3166-2-lvl4":"HT-GA","country":"Ayiti","country_code":"ht"},"population":24460,"osm_type":"relation","osm_id":390386,"type":"administrative","location":[-73.90175757838097,18.54336835],"bbox":[-73.9857216,18.4849796,-73.8361233,18.6012604],"inferred_type":"city"}
{"name":"Commune Cornillon","display_name":"Commune Cornillon, Arrondissement de Croix-des-Bouquets, Département de l'Ouest, Ayiti","address":{"city":"Commune Cornillon","state_district":"Arrondissement de Croix-des-Bouquets","state":"Département de l'Ouest","ISO3166-2-lvl4":"HT-OU","country":"Ayiti","country_code":"ht"},"population":47504,"osm_type":"relation","osm_id":391428,"type":"administrative","location":[-71.9307606445459,18.6873422],"bbox":[-72.0574221,18.6268073,-71.8016109,18.7467405],"inferred_type":"city"}
{"name":"Commune Coteaux","display_name":"Commune Coteaux, Arrondissement des Côteaux, Département du Sud, Ayiti","address":{"city":"Commune Coteaux","state_district":"Arrondissement des Côteaux","state":"Département du Sud","ISO3166-2-lvl4":"HT-SD","country":"Ayiti","country_code":"ht"},"population":16987,"osm_type":"relation","osm_id":389509,"type":"administrative","location":[-74.03250762333786,18.2423055],"bbox":[-74.076803,18.1817086,-73.9865407,18.303602],"inferred_type":"city"}
{"name":"Commune Côtes-de-Fer","display_name":"Commune Côtes-de-Fer, Arrondissement de Bainet, Département du Sud-Est, Ayiti","address":{"city":"Commune Côtes-de-Fer","state_district":"Arrondissement de Bainet","state":"Département du Sud-Est","ISO3166-2-lvl4":"HT-SE","country":"Ayiti","country_code":"ht"},"population":37694,"osm_type":"relation","osm_id":391246,"type":"administrative","location":[-72.95384323434605,18.24161935],"bbox":[-73.0155929,18.1554627,-72.859288,18.3269275],"inferred_type":"city"}
{"name":"Commune Croix-des-Bouquets","display_name":"Commune Croix-des-Bouquets, Arrondissement de Croix-des-Bouquets, Département de l'Ouest, 6312, Ayiti","address":{"city":"Commune Croix-des-Bouquets","state_district":"Arrondissement de Croix-des-Bouquets","state":"Département de l'Ouest","ISO3166-2-lvl4":"HT-OU","postcode":"6312","country":"Ayiti","country_code":"ht"},"population":198764,"osm_type":"relation","osm_id":387721,"type":"administrative","location":[-72.19385567524198,18.565031599999998],"bbox":[-72.3581757,18.3115417,-71.9526427,18.8181135],"inferred_type":"city"}
{"name":"Commune d’Aquin","display_name":"Commune d’Aquin, Arrondissement d’Aquin, Département du Sud, Ayiti","address":{"city":"Commune d’Aquin","state_district":"Arrondissement d’Aquin","state":"Département du Sud","ISO3166-2-lvl4":"HT-SD","country":"Ayiti","country_code":"ht"},"population":83525,"osm_type":"relation","osm_id":391229,"type":"administrative","location":[-73.21517187358461,18.2758243],"bbox":[-73.463835,18.1806951,-73.0012102,18.370719],"inferred_type":"city"}
{"name":"Commune d’Ennery","display_name":"Commune d’Ennery, Arrondissement des Gonaïves, Département de l'Artibonite, Ayiti","address":{"city":"Commune d’Ennery","state_district":"Arrondissement des Gonaïves","state":"Département de l'Artibonite","ISO3166-2-lvl4":"HT-AR","country":"Ayiti","country_code":"ht"},"population":39104,"osm_type":"relation","osm_id":392083,"type":"administrative","location":[-72.47475288503686,19.489822850000003],"bbox":[-72.5942309,19.3971399,-72.3575022,19.5824746],"inferred_type":"city"}
{"name":"Commune Dame-Marie","display_name":"Commune Dame-Marie, Arrondissement d'Anse-d'Hainault, Département de la Grande-Anse, Ayiti","address":{"city":"Commune Dame-Marie","state_district":"Arrondissement d'Anse-d'Hainault","state":"Département de la Grande-Anse","ISO3166-2-lvl4":"HT-GA","country":"Ayiti","country_code":"ht"},"population":30010,"osm_type":"relation","osm_id":388823,"type":"administrative","location":[-74.38112192398029,18.56500435],"bbox":[-74.4601558,18.4935437,-74.3287727,18.6371961],"inferred_type":"city"}
{"name":"Commune de Belladère","other_names":{"name:es":"Comuna de Veladero"},"display_name":"Commune de Belladère, Arrondissement Lascahobas, Département du Centre, Ayiti","address":{"city":"Commune de Belladère","state_district":"Arrondissement Lascahobas","state":"Département du Centre","ISO3166-2-lvl4":"HT-CE","country":"Ayiti","country_code":"ht"},"population":67526,"osm_type":"relation","osm_id":392092,"type":"administrative","location":[-71.81281688345669,18.86670375],"bbox":[-71.9154776,18.7635191,-71.7208094,18.9703342],"inferred_type":"city"}
{"name":"Commune de Dessalines","display_name":"Commune de Dessalines, Arrondissement de Dessalines, Département de l'Artibonite, 4310, Ayiti","address":{"city":"Commune de Dessalines","state_district":"Arrondissement de Dessalines","state":"Département de l'Artibonite","ISO3166-2-lvl4":"HT-AR","postcode":"4310","country":"Ayiti","country_code":"ht"},"population":138451,"osm_type":"relation","osm_id":392110,"type":"administrative","location":[-72.4398817120078,19.2236874],"bbox":[-72.6356615,19.1097955,-72.257047,19.3375143],"inferred_type":"city"}
{"name":"Commune de Grand Gosier","display_name":"Commune de Grand Gosier, Arrondissement Belle-Anse, Département du Sud-Est, Ayiti","address":{"city":"Commune de Grand Gosier","state_district":"Arrondissement Belle-Anse","state":"Département du Sud-Est","ISO3166-2-lvl4":"HT-SE","country":"Ayiti","country_code":"ht"},"population":13067,"osm_type":"relation","osm_id":389584,"type":"administrative","location":[-71.9011668311396,18.2535728],"bbox":[-71.9571007,18.1819264,-71.8532197,18.3241376],"inferred_type":"city"}
{"name":"Commune de Milot","display_name":"Commune de Milot, Arrondissement d'Acul-du-Nord, Département du Nord, Ayiti","address":{"city":"Commune de Milot","state_district":"Arrondissement d'Acul-du-Nord","state":"Département du Nord","ISO3166-2-lvl4":"HT-ND","country":"Ayiti","country_code":"ht"},"population":24673,"osm_type":"relation","osm_id":389653,"type":"administrative","location":[-72.2183403233216,19.646765549999998],"bbox":[-72.2503958,19.5704119,-72.1859896,19.7229914],"inferred_type":"city"}
{"name":"Commune de Saint-Louis-du-Sud","display_name":"Commune de Saint-Louis-du-Sud, Arrondissement d’Aquin, Département du Sud, 8320, Ayiti","address":{"city":"Commune de Saint-Louis-du-Sud","state_district":"Arrondissement d’Aquin","state":"Département du Sud","ISO3166-2-lvl4":"HT-SD","postcode":"8320","country":"Ayiti","country_code":"ht"},"population":51862,"osm_type":"relation","osm_id":389273,"type":"administrative","location":[-73.52397094787088,18.2769469],"bbox":[-73.6442958,18.2113015,-73.4173575,18.3421842],"inferred_type":"city"}
{"name":"Commune de Saint-Marc","display_name":"Commune de Saint-Marc, Arrondissement de Saint-Marc, Département de l'Artibonite, Ayiti","address":{"city":"Commune de Saint-Marc","state_district":"Arrondissement de Saint-Marc","state":"Département de l'Artibonite","ISO3166-2-lvl4":"HT-AR","country":"Ayiti","country_code":"ht"},"population":199124,"osm_type":"relation","osm_id":389619,"type":"administrative","location":[-72.62970942309705,19.1020691],"bbox":[-72.8239229,18.9422388,-72.547329,19.2613624],"inferred_type":"city"}
{"name":"Commune de Saint-Michel-de-l'Attalaye","other_names":{"short_name":"STM"},"display_name":"Commune de Saint-Michel-de-l'Attalaye, Arrondissement de Marmelade, Département de l'Artibonite, 4520, Ayiti","address":{"city":"Commune de Saint-Michel-de-l'Attalaye","state_district":"Arrondissement de Marmelade","state":"Département de l'Artibonite","ISO3166-2-lvl4":"HT-AR","postcode":"4520","country":"Ayiti","country_code":"ht"},"population":114175,"osm_type":"relation","osm_id":392079,"type":"administrative","location":[-72.3617423741208,19.34756805],"bbox":[-72.4977671,19.2052635,-72.2006902,19.4897189],"inferred_type":"city"}
{"name":"Commune de Verrettes","display_name":"Commune de Verrettes, Arrondissement de Saint-Marc, Département de l'Artibonite, Ayiti","address":{"city":"Commune de Verrettes","state_district":"Arrondissement de Saint-Marc","state":"Département de l'Artibonite","ISO3166-2-lvl4":"HT-AR","country":"Ayiti","country_code":"ht"},"population":109474,"osm_type":"relation","osm_id":392116,"type":"administrative","location":[-72.48202844619323,19.0243178],"bbox":[-72.5940998,18.9146998,-72.3539694,19.1356202],"inferred_type":"city"}
{"name":"Commune des Gonaïves","display_name":"Commune des Gonaïves, Arrondissement des Gonaïves, Département de l'Artibonite, 4110, Ayiti","address":{"city":"Commune des Gonaïves","state_district":"Arrondissement des Gonaïves","state":"Département de l'Artibonite","ISO3166-2-lvl4":"HT-AR","postcode":"4110","country":"Ayiti","country_code":"ht"},"population":263716,"osm_type":"relation","osm_id":392098,"type":"administrative","location":[-72.68365266615223,19.4931481],"bbox":[-72.8050666,19.3366199,-72.4522251,19.6494782],"inferred_type":"city"}
{"name":"Commune Desdunes","display_name":"Commune Desdunes, Arrondissement de Dessalines, Département de l'Artibonite, Ayiti","address":{"city":"Commune Desdunes","state_district":"Arrondissement de Dessalines","state":"Département de l'Artibonite","ISO3166-2-lvl4":"HT-AR","country":"Ayiti","country_code":"ht"},"population":37027,"osm_type":"relation","osm_id":392107,"type":"administrative","location":[-72.69086366252502,19.3125287],"bbox":[-72.7736102,19.2497765,-72.6009782,19.3758873],"inferred_type":"city"}
{"name":"Commune Dondon","display_name":"Commune Dondon, Arrondissement Saint-Raphaël, Département du Nord, Ayiti","address":{"city":"Commune Dondon","state_district":"Arrondissement Saint-Raphaël","state":"Département du Nord","ISO3166-2-lvl4":"HT-ND","country":"Ayiti","country_code":"ht"},"population":26688,"osm_type":"relation","osm_id":392014,"type":"administrative","location":[-72.26909040447596,19.520628199999997],"bbox":[-72.3315863,19.4596516,-72.210818,19.5815344],"inferred_type":"city"}
{"name":"Commune Ferrier","display_name":"Commune Ferrier, Arrondissement de Fort-Liberté, Département du Nord-Est, Ayiti","address":{"city":"Commune Ferrier","state_district":"Arrondissement de Fort-Liberté","state":"Département du Nord-Est","ISO3166-2-lvl4":"HT-NE","country":"Ayiti","country_code":"ht"},"population":11410,"osm_type":"relation","osm_id":391934,"type":"administrative","location":[-71.76238677158628,19.64515195],"bbox":[-71.8061593,19.5813906,-71.7322762,19.708617],"inferred_type":"city"}
{"name":"Commune Fonds-Verettes","display_name":"Commune Fonds-Verettes, Arrondissement de Croix-des-Bouquets, Département de l'Ouest, Ayiti","address":{"city":"Commune Fonds-Verettes","state_district":"Arrondissement de Croix-des-Bouquets","state":"Département de l'Ouest","ISO3166-2-lvl4":"HT-OU","country":"Ayiti","country_code":"ht"},"population":39831,"osm_type":"relation","osm_id":391401,"type":"administrative","location":[-71.83849882770934,18.361112900000002],"bbox":[-71.9691818,18.273188,-71.6952385,18.4473317],"inferred_type":"city"}
{"name":"Commune Fort-Liberté","display_name":"Commune Fort-Liberté, Arrondissement de Fort-Liberté, Département du Nord-Est, Ayiti","address":{"city":"Commune Fort-Liberté","state_district":"Arrondissement de Fort-Liberté","state":"Département du Nord-Est","ISO3166-2-lvl4":"HT-NE","country":"Ayiti","country_code":"ht"},"population":26679,"osm_type":"relation","osm_id":391935,"type":"administrative","location":[-71.85014825673838,19.56913885],"bbox":[-71.9378435,19.4240163,-71.783884,19.7145713],"inferred_type":"city"}
{"name":"Commune Ganthier","display_name":"Commune Ganthier, Arrondissement de Croix-des-Bouquets, Département de l'Ouest, Ayiti","address":{"city":"Commune Ganthier","state_district":"Arrondissement de Croix-des-Bouquets","state":"Département de l'Ouest","ISO3166-2-lvl4":"HT-OU","country":"Ayiti","country_code":"ht"},"population":49793,"osm_type":"relation","osm_id":391427,"type":"administrative","location":[-72.01674791094179,18.484245100000003],"bbox":[-72.1540437,18.3486577,-71.8798127,18.6209409],"inferred_type":"city"}
{"name":"Commune Grand Saline","display_name":"Commune Grand Saline, Arrondissement de Dessalines, Département de l'Artibonite, Ayiti","address":{"city":"Commune Grand Saline","state_district":"Arrondissement de Dessalines","state":"Département de l'Artibonite","ISO3166-2-lvl4":"HT-AR","country":"Ayiti","country_code":"ht"},"population":17656,"osm_type":"relation","osm_id":392109,"type":"administrative","location":[-72.66136016368392,19.25715055],"bbox":[-72.7804703,19.2203222,-72.6237558,19.2938731],"inferred_type":"city"}
{"name":"Commune Grand-Goâve","display_name":"Commune Grand-Goâve, Arrondissement de Léogâne, Département de l'Ouest, Ayiti","address":{"city":"Commune Grand-Goâve","state_district":"Arrondissement de Léogâne","state":"Département de l'Ouest","ISO3166-2-lvl4":"HT-OU","country":"Ayiti","country_code":"ht"},"population":108688,"osm_type":"relation","osm_id":387565,"type":"administrative","location":[-72.75095103547596,18.3557654],"bbox":[-72.8494141,18.2666278,-72.6485698,18.4448414],"inferred_type":"city"}
{"name":"Commune Grande-Rivière-Du-Nord","display_name":"Commune Grande-Rivière-Du-Nord, Arrondissement Grande-Rivière-du-Nord, Département du Nord, Ayiti","address":{"city":"Commune Grande-Rivière-Du-Nord","state_district":"Arrondissement Grande-Rivière-du-Nord","state":"Département du Nord","ISO3166-2-lvl4":"HT-ND","country":"Ayiti","country_code":"ht"},"population":31900,"osm_type":"relation","osm_id":391999,"type":"administrative","location":[-72.16372667229678,19.557948099999997],"bbox":[-72.2251138,19.4921074,-72.095326,19.6238597],"inferred_type":"city"}
{"name":"Commune Hinche","display_name":"Commune Hinche, Arrondissement de Hinche, Département du Centre, Ayiti","address":{"city":"Commune Hinche","state_district":"Arrondissement de Hinche","state":"Département du Centre","ISO3166-2-lvl4":"HT-CE","country":"Ayiti","country_code":"ht"},"population":93899,"osm_type":"relation","osm_id":392072,"type":"administrative","location":[-71.97537849942441,19.1635798],"bbox":[-72.1905108,19.015897,-71.854587,19.3073082],"inferred_type":"city"}
{"name":"Commune Île-à-Vache","display_name":"Commune Île-à-Vache, Arrondissement des Cayes, Département du Sud, 8160, Ayiti","address":{"city":"Commune Île-à-Vache","state_district":"Arrondissement des Cayes","state":"Département du Sud","ISO3166-2-lvl4":"HT-SD","postcode":"8160","country":"Ayiti","country_code":"ht"},"population":12341,"osm_type":"relation","osm_id":391218,"type":"administrative","location":[-73.60780798252259,18.08301135],"bbox":[-73.7085109,18.055644,-73.5715208,18.1190627],"inferred_type":"city"}
{"name":"Commune Jacmel","display_name":"Commune Jacmel, Arrondissement de Jacmel, Département du Sud-Est, Ayiti","address":{"city":"Commune Jacmel","state_district":"Arrondissement de Jacmel","state":"Département du Sud-Est","ISO3166-2-lvl4":"HT-SE","country":"Ayiti","country_code":"ht"},"population":148207,"osm_type":"relation","osm_id":391386,"type":"administrative","location":[-72.5534012497229,18.287930000000003],"bbox":[-72.6531655,18.1707304,-72.3620727,18.4055953],"inferred_type":"city"}
{"name":"Commune Jean Rabel","display_name":"Commune Jean Rabel, Arrondissement Môle-Saint-Nicolas, Département du Nord-Ouest, Ayiti","address":{"city":"Commune Jean Rabel","state_district":"Arrondissement Môle-Saint-Nicolas","state":"Département du Nord-Ouest","ISO3166-2-lvl4":"HT-NO","country":"Ayiti","country_code":"ht"},"population":108738,"osm_type":"relation","osm_id":391926,"type":"administrative","location":[-73.14092882407236,19.81271375],"bbox":[-73.2761256,19.69627,-73.0004242,19.930291],"inferred_type":"city"}
{"name":"Commune L'Estere","display_name":"Commune L'Estere, Arrondissement des Gonaïves, Département de l'Artibonite, Ayiti","address":{"city":"Commune L'Estere","state_district":"Arrondissement des Gonaïves","state":"Département de l'Artibonite","ISO3166-2-lvl4":"HT-AR","country":"Ayiti","country_code":"ht"},"population":33860,"osm_type":"relation","osm_id":392108,"type":"administrative","location":[-72.63077901976189,19.364378950000003],"bbox":[-72.729645,19.2973866,-72.5103882,19.4312852],"inferred_type":"city"}
{"name":"Commune La Chapelle","display_name":"Commune La Chapelle, Arrondissement de Saint-Marc, Département de l'Artibonite, Ayiti","address":{"city":"Commune La Chapelle","state_district":"Arrondissement de Saint-Marc","state":"Département de l'Artibonite","ISO3166-2-lvl4":"HT-AR","country":"Ayiti","country_code":"ht"},"population":23986,"osm_type":"relation","osm_id":392119,"type":"administrative","location":[-72.35456235282007,18.9206347],"bbox":[-72.4279896,18.8571506,-72.2408333,18.9845847],"inferred_type":"city"}
{"name":"Commune La Vallée de Jacmel","display_name":"Commune La Vallée de Jacmel, Arrondissement de Jacmel, Département du Sud-Est, Ayiti","address":{"city":"Commune La Vallée de Jacmel","state_district":"Arrondissement de Jacmel","state":"Département du Sud-Est","ISO3166-2-lvl4":"HT-SE","country":"Ayiti","country_code":"ht"},"population":28014,"osm_type":"relation","osm_id":391380,"type":"administrative","location":[-72.70228930397724,18.282301099999998],"bbox":[-72.7635782,18.2347845,-72.6063893,18.3299661],"inferred_type":"city"}
{"name":"Commune La Victoire","display_name":"Commune La Victoire, Arrondissement Saint-Raphaël, Département du Nord, Ayiti","address":{"city":"Commune La Victoire","state_district":"Arrondissement Saint-Raphaël","state":"Département du Nord","ISO3166-2-lvl4":"HT-ND","country":"Ayiti","country_code":"ht"},"population":8129,"osm_type":"relation","osm_id":392062,"type":"administrative","location":[-72.01887051922006,19.3515131],"bbox":[-72.0797964,19.3242674,-71.9702406,19.3797726],"inferred_type":"city"}
{"name":"Commune Lascahobas","display_name":"Commune Lascahobas, Arrondissement Lascahobas, Département du Centre, Ayiti","address":{"city":"Commune Lascahobas","state_district":"Arrondissement Lascahobas","state":"Département du Centre","ISO3166-2-lvl4":"HT-CE","country":"Ayiti","country_code":"ht"},"population":48665,"osm_type":"relation","osm_id":392088,"type":"administrative","location":[-71.95554105167407,18.837625199999998],"bbox":[-72.0634522,18.7660338,-71.857167,18.9059982],"inferred_type":"city"}
{"name":"Commune Les Anglais","display_name":"Commune Les Anglais, Arrondissement des Chardonnières, Département du Sud, Ayiti","address":{"city":"Commune Les Anglais","state_district":"Arrondissement des Chardonnières","state":"Département du Sud","ISO3166-2-lvl4":"HT-SD","country":"Ayiti","country_code":"ht"},"population":23840,"osm_type":"relation","osm_id":391199,"type":"administrative","location":[-74.17705107564514,18.349817350000002],"bbox":[-74.2541893,18.2960571,-74.1061917,18.4038647],"inferred_type":"city"}
{"name":"Commune Les Irois","display_name":"Commune Les Irois, Arrondissement d'Anse-d'Hainault, Département de la Grande-Anse, Ayiti","address":{"city":"Commune Les Irois","state_district":"Arrondissement d'Anse-d'Hainault","state":"Département de la Grande-Anse","ISO3166-2-lvl4":"HT-GA","country":"Ayiti","country_code":"ht"},"population":18072,"osm_type":"relation","osm_id":388824,"type":"administrative","location":[-74.37833182172349,18.405319849999998],"bbox":[-74.4813184,18.3569252,-74.2938986,18.4520534],"inferred_type":"city"}
{"name":"Commune Limonade","display_name":"Commune Limonade, Arrondissement de Cap-Haïtien, Département du Nord, 1130, Ayiti","address":{"city":"Commune Limonade","state_district":"Arrondissement de Cap-Haïtien","state":"Département du Nord","ISO3166-2-lvl4":"HT-ND","postcode":"1130","country":"Ayiti","country_code":"ht"},"population":42350,"osm_type":"relation","osm_id":389623,"type":"administrative","location":[-72.1037984517921,19.6704729],"bbox":[-72.1767928,19.5887243,-72.0357017,19.7523055],"inferred_type":"city"}
{"name":"Commune Maissade","display_name":"Commune Maissade, Arrondissement de Hinche, Département du Centre, Ayiti","address":{"city":"Commune Maissade","state_district":"Arrondissement de Hinche","state":"Département du Centre","ISO3166-2-lvl4":"HT-CE","country":"Ayiti","country_code":"ht"},"population":45869,"osm_type":"relation","osm_id":392074,"type":"administrative","location":[-72.17315825530494,19.18851115],"bbox":[-72.2657356,19.0775937,-72.0819393,19.3004533],"inferred_type":"city"}
{"name":"Commune Maniche","display_name":"Commune Maniche, Arrondissement des Cayes, Département du Sud, Ayiti","address":{"city":"Commune Maniche","state_district":"Arrondissement des Cayes","state":"Département du Sud","ISO3166-2-lvl4":"HT-SD","country":"Ayiti","country_code":"ht"},"population":6973,"osm_type":"relation","osm_id":389537,"type":"administrative","location":[-73.7521259744608,18.367852650000003],"bbox":[-73.8212732,18.3137369,-73.6864529,18.4239725],"inferred_type":"city"}
{"name":"Commune Marigot","display_name":"Commune Marigot, Arrondissement de Jacmel, Département du Sud-Est, Ayiti","address":{"city":"Commune Marigot","state_district":"Arrondissement de Jacmel","state":"Département du Sud-Est","ISO3166-2-lvl4":"HT-SE","country":"Ayiti","country_code":"ht"},"population":57311,"osm_type":"relation","osm_id":387125,"type":"administrative","location":[-72.29835029610497,18.289379750000002],"bbox":[-72.3738035,18.2204378,-72.2209728,18.3581956],"inferred_type":"city"}
{"name":"Commune Marmelade","display_name":"Commune Marmelade, Arrondissement de Marmelade, Département de l'Artibonite, Ayiti","address":{"city":"Commune Marmelade","state_district":"Arrondissement de Marmelade","state":"Département de l'Artibonite","ISO3166-2-lvl4":"HT-AR","country":"Ayiti","country_code":"ht"},"population":28872,"osm_type":"relation","osm_id":392036,"type":"administrative","location":[-72.37860565644783,19.527033099999997],"bbox":[-72.4471797,19.4615458,-72.3186602,19.591827],"inferred_type":"city"}
{"name":"Commune Miragoâne","display_name":"Commune Miragoâne, Arrondissement de Miragoâne, Département des Nippes, Ayiti","address":{"city":"Commune Miragoâne","state_district":"Arrondissement de Miragoâne","state":"Département des Nippes","ISO3166-2-lvl4":"HT-NI","country":"Ayiti","country_code":"ht"},"population":78108,"osm_type":"relation","osm_id":391241,"type":"administrative","location":[-73.05396950168335,18.3415124],"bbox":[-73.1810722,18.2212429,-72.9948994,18.4617762],"inferred_type":"city"}
{"name":"Commune Mirebalais","display_name":"Commune Mirebalais, Arrondissement de Mirebalais, Département du Centre, 5210, Ayiti","address":{"city":"Commune Mirebalais","state_district":"Arrondissement de Mirebalais","state":"Département du Centre","ISO3166-2-lvl4":"HT-CE","postcode":"5210","country":"Ayiti","country_code":"ht"},"population":76194,"osm_type":"relation","osm_id":388721,"type":"administrative","location":[-72.0671901575177,18.80033885],"bbox":[-72.2011411,18.694587,-71.9382447,18.9067357],"inferred_type":"city"}
{"name":"Commune Môle-Saint-Nicolas","display_name":"Commune Môle-Saint-Nicolas, Arrondissement Môle-Saint-Nicolas, Département du Nord-Ouest, Ayiti","address":{"city":"Commune Môle-Saint-Nicolas","state_district":"Arrondissement Môle-Saint-Nicolas","state":"Département du Nord-Ouest","ISO3166-2-lvl4":"HT-NO","country":"Ayiti","country_code":"ht"},"population":24787,"osm_type":"relation","osm_id":389610,"type":"administrative","location":[-73.37520984936006,19.7717594],"bbox":[-73.4557357,19.6774544,-73.2146299,19.8653025],"inferred_type":"city"}
{"name":"Commune Mombin-Crochu","display_name":"Commune Mombin-Crochu, Arrondissement Vallières, Département du Nord-Est, Ayiti","address":{"city":"Commune Mombin-Crochu","state_district":"Arrondissement Vallières","state":"Département du Nord-Est","ISO3166-2-lvl4":"HT-NE","country":"Ayiti","country_code":"ht"},"population":27458,"osm_type":"relation","osm_id":392056,"type":"administrative","location":[-71.89982201344512,19.33853575],"bbox":[-72.0228168,19.2593329,-71.765329,19.4177109],"inferred_type":"city"}
{"name":"Commune Mont Organisé","display_name":"Commune Mont Organisé, Arrondissement Ouanaminthe, Département du Nord-Est, Ayiti","address":{"city":"Commune Mont Organisé","state_district":"Arrondissement Ouanaminthe","state":"Département du Nord-Est","ISO3166-2-lvl4":"HT-NE","country":"Ayiti","country_code":"ht"},"population":16562,"osm_type":"relation","osm_id":392030,"type":"administrative","location":[-71.77993450805084,19.387478950000002],"bbox":[-71.8596934,19.3319137,-71.6908443,19.442658],"inferred_type":"city"}
{"name":"Commune Moron","display_name":"Commune Moron, Arrondissement de Jérémie, Département de la Grande-Anse, Ayiti","address":{"city":"Commune Moron","state_district":"Arrondissement de Jérémie","state":"Département de la Grande-Anse","ISO3166-2-lvl4":"HT-GA","country":"Ayiti","country_code":"ht"},"population":24255,"osm_type":"relation","osm_id":389506,"type":"administrative","location":[-74.27922336771101,18.48533605],"bbox":[-74.3342685,18.3746977,-74.2149689,18.594842],"inferred_type":"city"}
{"name":"Commune Ouanaminthe","display_name":"Commune Ouanaminthe, Arrondissement Ouanaminthe, Département du Nord-Est, Ayiti","address":{"city":"Commune Ouanaminthe","state_district":"Arrondissement Ouanaminthe","state":"Département du Nord-Est","ISO3166-2-lvl4":"HT-NE","country":"Ayiti","country_code":"ht"},"population":82549,"osm_type":"relation","osm_id":392047,"type":"administrative","location":[-71.77123365640006,19.497200149999998],"bbox":[-71.8470113,19.4026598,-71.7042588,19.5926903],"inferred_type":"city"}
{"name":"Commune Perches","display_name":"Commune Perches, Arrondissement de Fort-Liberté, Département du Nord-Est, Ayiti","address":{"city":"Commune Perches","state_district":"Arrondissement de Fort-Liberté","state":"Département du Nord-Est","ISO3166-2-lvl4":"HT-NE","country":"Ayiti","country_code":"ht"},"population":9016,"osm_type":"relation","osm_id":392211,"type":"administrative","location":[-71.93130200973008,19.51511965],"bbox":[-71.9775096,19.479534,-71.889939,19.5506817],"inferred_type":"city"}
{"name":"Commune Pestel","display_name":"Commune Pestel, Arrondissement de Corail, Département de la Grande-Anse, Ayiti","address":{"city":"Commune Pestel","state_district":"Arrondissement de Corail","state":"Département de la Grande-Anse","ISO3166-2-lvl4":"HT-GA","country":"Ayiti","country_code":"ht"},"population":34780,"osm_type":"relation","osm_id":390390,"type":"administrative","location":[-73.84494737649891,18.46438295],"bbox":[-73.9404176,18.3620991,-73.6987178,18.6447087],"inferred_type":"city"}
{"name":"Commune Petit-Goâve","display_name":"Commune Petit-Goâve, Arrondissement de Léogâne, Département de l'Ouest, 6220, Ayiti","address":{"city":"Commune Petit-Goâve","state_district":"Arrondissement de Léogâne","state":"Département de l'Ouest","ISO3166-2-lvl4":"HT-OU","postcode":"6220","country":"Ayiti","country_code":"ht"},"population":137722,"osm_type":"relation","osm_id":387594,"type":"administrative","location":[-72.92180523184038,18.363368700000002],"bbox":[-73.0728782,18.2582012,-72.8057766,18.468513],"inferred_type":"city"}
{"name":"Commune Petit-Trou-de-Nippes","display_name":"Commune Petit-Trou-de-Nippes, Arrondissement de l’Anse-à-Veau, Département des Nippes, Ayiti","address":{"city":"Commune Petit-Trou-de-Nippes","state_district":"Arrondissement de l’Anse-à-Veau","state":"Département des Nippes","ISO3166-2-lvl4":"HT-NI","country":"Ayiti","country_code":"ht"},"population":41832,"osm_type":"relation","osm_id":391375,"type":"administrative","location":[-73.47422032098788,18.45335205],"bbox":[-73.5955682,18.3783254,-73.4288469,18.5291399],"inferred_type":"city"}
{"name":"Commune Petite Rivière de l'Artibonite","display_name":"Commune Petite Rivière de l'Artibonite, Arrondissement de Dessalines, Département de l'Artibonite, Ayiti","address":{"city":"Commune Petite Rivière de l'Artibonite","state_district":"Arrondissement de Dessalines","state":"Département de l'Artibonite","ISO3166-2-lvl4":"HT-AR","country":"Ayiti","country_code":"ht"},"population":129360,"osm_type":"relation","osm_id":392115,"type":"administrative","location":[-72.33967973409389,19.069448100000002],"bbox":[-72.600156,18.914238,-72.2195737,19.2247983],"inferred_type":"city"}
{"name":"Commune Petite-Rivière-de-Nippes","display_name":"Commune Petite-Rivière-de-Nippes, Arrondissement de Miragoâne, Département des Nippes, Ayiti","address":{"city":"Commune Petite-Rivière-de-Nippes","state_district":"Arrondissement de Miragoâne","state":"Département des Nippes","ISO3166-2-lvl4":"HT-NI","country":"Ayiti","country_code":"ht"},"population":22211,"osm_type":"relation","osm_id":391374,"type":"administrative","location":[-73.19124390759538,18.4489698],"bbox":[-73.2783462,18.4080893,-73.1037037,18.4896061],"inferred_type":"city"}
{"name":"Commune Pignon","display_name":"Commune Pignon, Arrondissement Saint-Raphaël, Département du Nord, Ayiti","address":{"city":"Commune Pignon","state_district":"Arrondissement Saint-Raphaël","state":"Département du Nord","ISO3166-2-lvl4":"HT-ND","country":"Ayiti","country_code":"ht"},"population":33366,"osm_type":"relation","osm_id":392070,"type":"administrative","location":[-72.08604107305081,19.3296894],"bbox":[-72.180335,19.2548727,-72.0084235,19.404228],"inferred_type":"city"}
{"name":"Commune Plaine du Nord","display_name":"Commune Plaine du Nord, Arrondissement d'Acul-du-Nord, Département du Nord, Ayiti","address":{"city":"Commune Plaine du Nord","state_district":"Arrondissement d'Acul-du-Nord","state":"Département du Nord","ISO3166-2-lvl4":"HT-ND","country":"Ayiti","country_code":"ht"},"population":31817,"osm_type":"relation","osm_id":392004,"type":"administrative","location":[-72.25969363099351,19.67002375],"bbox":[-72.3200191,19.5704028,-72.2309283,19.7702758],"inferred_type":"city"}
{"name":"Commune Plaisance","display_name":"Commune Plaisance, Arrondissement Plaisance, Département du Nord, Ayiti","address":{"city":"Commune Plaisance","state_district":"Arrondissement Plaisance","state":"Département du Nord","ISO3166-2-lvl4":"HT-ND","country":"Ayiti","country_code":"ht"},"population":53665,"osm_type":"relation","osm_id":392081,"type":"administrative","location":[-72.4939798966787,19.599472499999997],"bbox":[-72.5459691,19.5212982,-72.4150501,19.6770313],"inferred_type":"city"}
{"name":"Commune Pointe-à-Raquette","display_name":"Commune Pointe-à-Raquette, Arrondissement de La Gonâve, Département de l'Ouest, Ayiti","address":{"city":"Commune Pointe-à-Raquette","state_district":"Arrondissement de La Gonâve","state":"Département de l'Ouest","ISO3166-2-lvl4":"HT-OU","country":"Ayiti","country_code":"ht"},"population":19522,"osm_type":"relation","osm_id":387087,"type":"administrative","location":[-73.18151711327859,18.85723825],"bbox":[-73.3013509,18.7458548,-72.9942837,18.9698693],"inferred_type":"city"}
{"name":"Commune Port-à-Piment","display_name":"Commune Port-à-Piment, Arrondissement des Côteaux, Département du Sud, Ayiti","address":{"city":"Commune Port-à-Piment","state_district":"Arrondissement des Côteaux","state":"Département du Sud","ISO3166-2-lvl4":"HT-SD","country":"Ayiti","country_code":"ht"},"population":15040,"osm_type":"relation","osm_id":390426,"type":"administrative","location":[-74.07144629467606,18.280946450000002],"bbox":[-74.1060347,18.2317754,-74.0157639,18.3304804],"inferred_type":"city"}
{"name":"Commune Port-Salut","display_name":"Commune Port-Salut, Arrondissement Port-Salut, Département du Sud, Ayiti","address":{"city":"Commune Port-Salut","state_district":"Arrondissement Port-Salut","state":"Département du Sud","ISO3166-2-lvl4":"HT-SD","country":"Ayiti","country_code":"ht"},"population":29987,"osm_type":"relation","osm_id":389511,"type":"administrative","location":[-73.89855136976993,18.08798675],"bbox":[-73.943619,18.0235546,-73.8525969,18.1526346],"inferred_type":"city"}
{"name":"Commune Quartier-Morin","display_name":"Commune Quartier-Morin, Arrondissement de Cap-Haïtien, Département du Nord, 1121, Ayiti","address":{"city":"Commune Quartier-Morin","state_district":"Arrondissement de Cap-Haïtien","state":"Département du Nord","ISO3166-2-lvl4":"HT-ND","postcode":"1121","country":"Ayiti","country_code":"ht"},"population":21100,"osm_type":"relation","osm_id":391997,"type":"administrative","location":[-72.16475304247817,19.67851845],"bbox":[-72.2072527,19.596148,-72.1306088,19.7604752],"inferred_type":"city"}
{"name":"Commune Ranquitte","display_name":"Commune Ranquitte, Arrondissement Saint-Raphaël, Département du Nord, Ayiti","address":{"city":"Commune Ranquitte","state_district":"Arrondissement Saint-Raphaël","state":"Département du Nord","ISO3166-2-lvl4":"HT-ND","country":"Ayiti","country_code":"ht"},"population":21366,"osm_type":"relation","osm_id":392053,"type":"administrative","location":[-72.06061248938974,19.40332265],"bbox":[-72.1151537,19.3571286,-71.9889206,19.4495358],"inferred_type":"city"}
{"name":"Commune Roche-à-Bateau","display_name":"Commune Roche-à-Bateau, Arrondissement des Côteaux, Département du Sud, Ayiti","address":{"city":"Commune Roche-à-Bateau","state_district":"Arrondissement des Côteaux","state":"Département du Sud","ISO3166-2-lvl4":"HT-SD","country":"Ayiti","country_code":"ht"},"population":14719,"osm_type":"relation","osm_id":390452,"type":"administrative","location":[-73.96977780275762,18.19789335],"bbox":[-74.0086704,18.1307699,-73.9404746,18.2633396],"inferred_type":"city"}
{"name":"Commune Roseaux","display_name":"Commune Roseaux, Arrondissement de Corail, Département de la Grande-Anse, Ayiti","address":{"city":"Commune Roseaux","state_district":"Arrondissement de Corail","state":"Département de la Grande-Anse","ISO3166-2-lvl4":"HT-GA","country":"Ayiti","country_code":"ht"},"population":27881,"osm_type":"relation","osm_id":390549,"type":"administrative","location":[-74.06359947058203,18.50241645],"bbox":[-74.1196672,18.3875057,-73.9457031,18.617346],"inferred_type":"city"}
{"name":"Commune Saint-Jean-du-Sud","display_name":"Commune Saint-Jean-du-Sud, Arrondissement Port-Salut, Département du Sud, Ayiti","address":{"city":"Commune Saint-Jean-du-Sud","state_district":"Arrondissement Port-Salut","state":"Département du Sud","ISO3166-2-lvl4":"HT-SD","country":"Ayiti","country_code":"ht"},"population":20539,"osm_type":"relation","osm_id":389513,"type":"administrative","location":[-73.84445094797641,18.07166535],"bbox":[-73.8881917,18.0206227,-73.7796138,18.1222358],"inferred_type":"city"}
{"name":"Commune Saint-Louis-du-Nord","display_name":"Commune Saint-Louis-du-Nord, Arrondissement Saint-Louis-du-Nord, Département du Nord-Ouest, Ayiti","address":{"city":"Commune Saint-Louis-du-Nord","state_district":"Arrondissement Saint-Louis-du-Nord","state":"Département du Nord-Ouest","ISO3166-2-lvl4":"HT-NO","country":"Ayiti","country_code":"ht"},"population":84661,"osm_type":"relation","osm_id":391993,"type":"administrative","location":[-72.7045951201354,19.87615165],"bbox":[-72.7722715,19.8079853,-72.6460063,19.9436066],"inferred_type":"city"}
{"name":"Commune Saint-Raphaël","display_name":"Commune Saint-Raphaël, Arrondissement Saint-Raphaël, Département du Nord, Ayiti","address":{"city":"Commune Saint-Raphaël","state_district":"Arrondissement Saint-Raphaël","state":"Département du Nord","ISO3166-2-lvl4":"HT-ND","country":"Ayiti","country_code":"ht"},"population":41458,"osm_type":"relation","osm_id":392015,"type":"administrative","location":[-72.18154021413028,19.3961259],"bbox":[-72.2570511,19.2791142,-72.1272076,19.5137708],"inferred_type":"city"}
{"name":"Commune Sainte-Suzanne","display_name":"Commune Sainte-Suzanne, Arrondissement Trou-du-Nord, Département du Nord-Est, Ayiti","address":{"city":"Commune Sainte-Suzanne","state_district":"Arrondissement Trou-du-Nord","state":"Département du Nord-Est","ISO3166-2-lvl4":"HT-NE","country":"Ayiti","country_code":"ht"},"population":22242,"osm_type":"relation","osm_id":391989,"type":"administrative","location":[-72.06143336192275,19.5327239],"bbox":[-72.1221173,19.4294972,-72.0025712,19.6349857],"inferred_type":"city"}
{"name":"Commune Saut-d'Eau","display_name":"Commune Saut-d'Eau, Arrondissement de Mirebalais, Département du Centre, Ayiti","address":{"city":"Commune Saut-d'Eau","state_district":"Arrondissement de Mirebalais","state":"Département du Centre","ISO3166-2-lvl4":"HT-CE","country":"Ayiti","country_code":"ht"},"population":30499,"osm_type":"relation","osm_id":392163,"type":"administrative","location":[-72.2418224243899,18.8258029],"bbox":[-72.3646613,18.7514186,-72.1550374,18.9053537],"inferred_type":"city"}
{"name":"Commune Savanette","display_name":"Commune Savanette, Arrondissement Lascahobas, Département du Centre, Ayiti","address":{"city":"Commune Savanette","state_district":"Arrondissement Lascahobas","state":"Département du Centre","ISO3166-2-lvl4":"HT-CE","country":"Ayiti","country_code":"ht"},"population":28260,"osm_type":"relation","osm_id":391674,"type":"administrative","location":[-71.84607193100803,18.74072605],"bbox":[-71.9968925,18.6847286,-71.7288815,18.7967691],"inferred_type":"city"}
{"name":"Commune Terrier Rouge","display_name":"Commune Terrier Rouge, Arrondissement Trou-du-Nord, Département du Nord-Est, Ayiti","address":{"city":"Commune Terrier Rouge","state_district":"Arrondissement Trou-du-Nord","state":"Département du Nord-Est","ISO3166-2-lvl4":"HT-NE","country":"Ayiti","country_code":"ht"},"population":23474,"osm_type":"relation","osm_id":389621,"type":"administrative","location":[-71.9440357270355,19.6275666],"bbox":[-71.9915211,19.5282817,-71.8434191,19.7264419],"inferred_type":"city"}
{"name":"Commune Thiotte","display_name":"Commune Thiotte, Arrondissement Belle-Anse, Département du Sud-Est, Ayiti","address":{"city":"Commune Thiotte","state_district":"Arrondissement Belle-Anse","state":"Département du Sud-Est","ISO3166-2-lvl4":"HT-SE","country":"Ayiti","country_code":"ht"},"population":26722,"osm_type":"relation","osm_id":389600,"type":"administrative","location":[-71.87065290277515,18.20693945],"bbox":[-71.9189714,18.1282717,-71.7802893,18.2869556],"inferred_type":"city"}
{"name":"Commune Thomassique","display_name":"Commune Thomassique, Arrondissement Cerca-la-Source, Département du Centre, Ayiti","address":{"city":"Commune Thomassique","state_district":"Arrondissement Cerca-la-Source","state":"Département du Centre","ISO3166-2-lvl4":"HT-CE","country":"Ayiti","country_code":"ht"},"population":49242,"osm_type":"relation","osm_id":392071,"type":"administrative","location":[-71.82451317576943,19.0834783],"bbox":[-71.9189125,18.9765067,-71.7344742,19.1901356],"inferred_type":"city"}
{"name":"Commune Thomazeau","display_name":"Commune Thomazeau, Arrondissement de Croix-des-Bouquets, Département de l'Ouest, Ayiti","address":{"city":"Commune Thomazeau","state_district":"Arrondissement de Croix-des-Bouquets","state":"Département de l'Ouest","ISO3166-2-lvl4":"HT-OU","country":"Ayiti","country_code":"ht"},"population":42169,"osm_type":"relation","osm_id":387731,"type":"administrative","location":[-72.14725326879994,18.66791385],"bbox":[-72.2476809,18.5625663,-71.9987187,18.7736548],"inferred_type":"city"}
{"name":"Commune Thomonde","display_name":"Commune Thomonde, Arrondissement de Hinche, Département du Centre, 5130, Ayiti","address":{"city":"Commune Thomonde","state_district":"Arrondissement de Hinche","state":"Département du Centre","ISO3166-2-lvl4":"HT-CE","postcode":"5130","country":"Ayiti","country_code":"ht"},"population":35307,"osm_type":"relation","osm_id":392087,"type":"administrative","location":[-71.97642165301596,18.958079599999998],"bbox":[-72.1231497,18.8509751,-71.8546792,19.0651907],"inferred_type":"city"}
{"name":"Commune Torbeck","display_name":"Commune Torbeck, Arrondissement des Cayes, Département du Sud, Ayiti","address":{"city":"Commune Torbeck","state_district":"Arrondissement des Cayes","state":"Département du Sud","ISO3166-2-lvl4":"HT-SD","country":"Ayiti","country_code":"ht"},"population":61080,"osm_type":"relation","osm_id":390418,"type":"administrative","location":[-73.86758999211872,18.2422859],"bbox":[-73.9883265,18.1148018,-73.7872742,18.3704266],"inferred_type":"city"}
{"name":"Commune Trou-du-Nord","display_name":"Commune Trou-du-Nord, Arrondissement Trou-du-Nord, Département du Nord-Est, Ayiti","address":{"city":"Commune Trou-du-Nord","state_district":"Arrondissement Trou-du-Nord","state":"Département du Nord-Est","ISO3166-2-lvl4":"HT-NE","country":"Ayiti","country_code":"ht"},"population":38225,"osm_type":"relation","osm_id":391982,"type":"administrative","location":[-72.01268266469978,19.5819743],"bbox":[-72.0938576,19.5081869,-71.9353269,19.6555608],"inferred_type":"city"}
{"name":"Commune Vallières","display_name":"Commune Vallières, Arrondissement Vallières, Département du Nord-Est, Ayiti","address":{"city":"Commune Vallières","state_district":"Arrondissement Vallières","state":"Département du Nord-Est","ISO3166-2-lvl4":"HT-NE","country":"Ayiti","country_code":"ht"},"population":18620,"osm_type":"relation","osm_id":392026,"type":"administrative","location":[-71.94851997872044,19.440964],"bbox":[-72.0378202,19.3564683,-71.8668073,19.5257477],"inferred_type":"city"}
{"name":"Croix-des-Bouquets","other_names":{"name:ht":"Kwadèbouke","name:hu":"Croix-des-Bouquets"},"display_name":"Croix-des-Bouquets, Commune Croix-des-Bouquets, Arrondissement de Croix-des-Bouquets, Département de l'Ouest, Ayiti","address":{"city":"Croix-des-Bouquets","state_district":"Arrondissement de Croix-des-Bouquets","state":"Département de l'Ouest","ISO3166-2-lvl4":"HT-OU","country":"Ayiti","country_code":"ht"},"population":227012,"osm_type":"node","osm_id":613014321,"type":"city","location":[-72.2296219,18.5775444],"bbox":[-72.3896219,18.4175444,-72.0696219,18.7375444]}
{"name":"Delmas","other_names":{"name:ht":"Dèlma","name:hu":"Delmas","name:gcf":"Dèlma"},"display_name":"Delmas, Commune de Delmas, Arrondissement de Port-au-Prince, Département de l'Ouest, Ayiti","address":{"city":"Delmas","state":"Département de l'Ouest","ISO3166-2-lvl4":"HT-OU","country":"Ayiti","country_code":"ht"},"population":359451,"osm_type":"node","osm_id":613015229,"type":"city","location":[-72.2920071,18.5518464],"bbox":[-72.4520071,18.3918464,-72.1320071,18.7118464],"border":{"name":"Commune de Delmas","other_names":{"name:da":"Delmas","name:de":"Delmas","name:en":"Delmas, Ouest","name:ht":"Dèlma","name:it":"Delmas","name:ko":"델마스","name:nl":"Delmas","name:nn":"Delmas","name:no":"Delmas","name:pl":"Delmas","name:pt":"Delmas","name:zh":"德爾馬斯","name:hu":"Delmas","name:gcf":"Dèlma","alt":"Delmas"},"display_name":"Commune de Delmas, Arrondissement de Port-au-Prince, Département de l'Ouest, Ayiti","address":{"city":"Commune de Delmas","state":"Département de l'Ouest","ISO3166-2-lvl4":"HT-OU","country":"Ayiti","country_code":"ht"},"population":604211,"osm_type":"relation","osm_id":387042,"type":"administrative","location":[-72.2920071,18.5518464],"bbox":[-72.3386018,18.5221314,-72.2566186,18.5803533]}}
{"name":"Fort-Liberté","other_names":{"name:en":"Fort-Liberté","name:fr":"Fort-Liberté","name:ht":"Fòlibète","name:oc":"Fòrt Libertat","name:ru":"Форт-Либерти","alt_name":"Fuerte Libertad"},"display_name":"Fort-Liberté, Commune Fort-Liberté, Arrondissement de Fort-Liberté, Département du Nord-Est, Ayiti","address":{"city":"Fort-Liberté","state_district":"Arrondissement de Fort-Liberté","state":"Département du Nord-Est","ISO3166-2-lvl4":"HT-NE","country":"Ayiti","country_code":"ht"},"population":30110,"osm_type":"node","osm_id":614925666,"type":"city","location":[-71.8367046,19.6635608],"bbox":[-71.9967046,19.5035608,-71.6767046,19.8235608]}
{"name":"Hinche","other_names":{"name:en":"Hinche","name:es":"Hincha","name:fr":"Hinche","name:ht":"Ench","name:hu":"Hinche","name:oc":"Hincha","name:ru":"Энш","int_name":"Hinche"},"display_name":"Hinche, Commune Hinche, Arrondissement de Hinche, Département du Centre, 5110, Ayiti","address":{"city":"Hinche","state_district":"Arrondissement de Hinche","state":"Département du Centre","ISO3166-2-lvl4":"HT-CE","postcode":"5110","country":"Ayiti","country_code":"ht"},"population":50000,"osm_type":"node","osm_id":614229648,"type":"city","location":[-72.0087527,19.1445541],"bbox":[-72.1687527,18.9845541,-71.8487527,19.3045541]}
{"name":"Île de La Tortue","display_name":"Île de La Tortue, Arrondissement Port-de-Paix, Département du Nord-Ouest, Ayiti","address":{"city":"Île de La Tortue","state_district":"Arrondissement Port-de-Paix","state":"Département du Nord-Ouest","ISO3166-2-lvl4":"HT-NO","country":"Ayiti","country_code":"ht"},"population":28499,"osm_type":"relation","osm_id":392025,"type":"administrative","location":[-72.78558701359961,20.04100355],"bbox":[-72.9709048,19.9924288,-72.6200022,20.089626],"inferred_type":"city"}
{"name":"Jacmel","other_names":{"name:fr":"Jacmel","name:ht":"Jakmèl","name:hu":"Jacmel","name:ru":"Жакмель"},"display_name":"Jacmel, Commune Jacmel, Arrondissement de Jacmel, Département du Sud-Est, 9110, Ayiti","address":{"city":"Jacmel","state_district":"Arrondissement de Jacmel","state":"Département du Sud-Est","ISO3166-2-lvl4":"HT-SE","postcode":"9110","country":"Ayiti","country_code":"ht"},"population":107578,"osm_type":"node","osm_id":375727706,"type":"city","location":[-72.5375127,18.2352587],"bbox":[-72.6975127,18.0752587,-72.3775127,18.3952587]}
{"name":"Jérémie","other_names":{"name:fr":"Jérémie","name:ht":"Jeremi","name:hu":"Jérémie","name:ru":"Жереми"},"display_name":"Jérémie, Commune de Jérémie, Arrondissement de Jérémie, Département de la Grande-Anse, Ayiti","address":{"city":"Jérémie","state_district":"Arrondissement de Jérémie","state":"Département de la Grande-Anse","ISO3166-2-lvl4":"HT-GA","country":"Ayiti","country_code":"ht"},"population":122149,"osm_type":"node","osm_id":2210333310,"type":"city","location":[-74.1139182,18.6445835],"bbox":[-74.2739182,18.4845835,-73.9539182,18.8045835],"border":{"name":"Commune de Jérémie","other_names":{"name:fr":"Jérémie","name:ht":"Jeremi","name:hu":"Jérémie","name:ru":"Жереми","alt":"Jérémie"},"display_name":"Commune de Jérémie, Arrondissement de Jérémie, Département de la Grande-Anse, Ayiti","address":{"city":"Commune de Jérémie","state_district":"Arrondissement de Jérémie","state":"Département de la Grande-Anse","ISO3166-2-lvl4":"HT-GA","country":"Ayiti","country_code":"ht"},"population":103889,"osm_type":"relation","osm_id":390550,"type":"administrative","location":[-74.1139182,18.6445835],"bbox":[-74.2533154,18.3919185,-74.070344,18.6758635]}}
{"name":"Léogâne","other_names":{"name:ht":"Leyogàn","name:hu":"Léogâne","name:ru":"Леоган","old_name":"Léogane"},"display_name":"Léogâne, Commune Léogâne, Arrondissement de Léogâne, Département de l'Ouest, Ayiti","address":{"city":"Léogâne","state_district":"Arrondissement de Léogâne","state":"Département de l'Ouest","ISO3166-2-lvl4":"HT-OU","country":"Ayiti","country_code":"ht"},"population":78477,"osm_type":"node","osm_id":2187391716,"type":"city","location":[-72.6334255,18.5111126],"bbox":[-72.7934255,18.3511126,-72.4734255,18.6711126],"border":{"name":"Commune Léogâne","other_names":{"name:ht":"Leyogàn"},"display_name":"Commune Léogâne, Arrondissement de Léogâne, Département de l'Ouest, Ayiti","address":{"city":"Commune Léogâne","state_district":"Arrondissement de Léogâne","state":"Département de l'Ouest","ISO3166-2-lvl4":"HT-OU","country":"Ayiti","country_code":"ht"},"population":157221,"osm_type":"relation","osm_id":387137,"type":"administrative","location":[-72.57402580589331,18.4450462],"bbox":[-72.7026396,18.3227726,-72.4492526,18.5666285]}}
{"name":"Les Cayes","other_names":{"name:en":"Les Cayes","name:fr":"Les Cayes","name:ht":"Okay","name:hu":"Les Cayes","name:ru":"Ле-Ке"},"display_name":"Les Cayes, Commune Les Cayes, Arrondissement des Cayes, Département du Sud, Ayiti","address":{"city":"Les Cayes","state_district":"Arrondissement des Cayes","state":"Département du Sud","ISO3166-2-lvl4":"HT-SD","country":"Ayiti","country_code":"ht"},"population":70000,"osm_type":"node","osm_id":1667873346,"type":"city","location":[-73.7511601,18.1944428],"bbox":[-73.9111601,18.0344428,-73.5911601,18.3544428],"border":{"name":"Commune Les Cayes","other_names":{"name:en":"Les Cayes","name:fr":"Les Cayes","name:ht":"Okay","name:hu":"Les Cayes","name:ru":"Ле-Ке","alt":"Les Cayes"},"display_name":"Commune Les Cayes, Arrondissement des Cayes, Département du Sud, Ayiti","address":{"city":"Commune Les Cayes","state_district":"Arrondissement des Cayes","state":"Département du Sud","ISO3166-2-lvl4":"HT-SD","country":"Ayiti","country_code":"ht"},"population":132406,"osm_type":"relation","osm_id":390402,"type":"administrative","location":[-73.7511601,18.1944428],"bbox":[-73.875743,18.1693884,-73.6811318,18.3506132]}}
{"name":"Les Gonaïves","other_names":{"name:en":"Gonaïves","name:fr":"Les Gonaïves","name:hu":"Les Gonaïves","name:oc":"Las Gònaivas","name:ru":"Гонаив","alt_name:en":"Gonaïves"},"display_name":"Les Gonaïves, Commune des Gonaïves, Arrondissement des Gonaïves, Département de l'Artibonite, 4110, Ayiti","address":{"city":"Les Gonaïves","state_district":"Arrondissement des Gonaïves","state":"Département de l'Artibonite","ISO3166-2-lvl4":"HT-AR","postcode":"4110","country":"Ayiti","country_code":"ht"},"population":324000,"osm_type":"node","osm_id":293921154,"type":"city","location":[-72.6884336,19.4460597],"bbox":[-72.8484336,19.2860597,-72.5284336,19.6060597]}
{"name":"Miragoâne","other_names":{"name:en":"Miragoane","name:fr":"Miragoâne","name:ht":"Miragwàn"},"display_name":"Miragoâne, Commune Miragoâne, Arrondissement de Miragoâne, Département des Nippes, Ayiti","address":{"city":"Miragoâne","state_district":"Arrondissement de Miragoâne","state":"Département des Nippes","ISO3166-2-lvl4":"HT-NI","country":"Ayiti","country_code":"ht"},"population":56864,"osm_type":"node","osm_id":617914977,"type":"city","location":[-73.0886392,18.4448425],"bbox":[-73.2486392,18.2848425,-72.9286392,18.6048425]}
{"name":"Ouanaminthe","other_names":{"name:es":"Juana Méndez","name:fr":"Ouanaminthe","name:ht":"Wanament","name:hu":"Ouanaminthe","name:oc":"Juana Mendez"},"display_name":"Ouanaminthe, Commune Ouanaminthe, Arrondissement Ouanaminthe, Département du Nord-Est, 2210, Ayiti","address":{"city":"Ouanaminthe","state_district":"Arrondissement Ouanaminthe","state":"Département du Nord-Est","ISO3166-2-lvl4":"HT-NE","postcode":"2210","country":"Ayiti","country_code":"ht"},"population":64524,"osm_type":"node","osm_id":1941767255,"type":"city","location":[-71.7258332,19.5485315],"bbox":[-71.8858332,19.3885315,-71.5658332,19.7085315]}
{"name":"Pétion-Ville","other_names":{"name:en":"Pétion-Ville","name:fr":"Pétionville","name:ht":"Petyonvil","name:hu":"Pétionville","name:alt":"Pétionville"},"display_name":"Pétion-Ville, Arrondissement de Port-au-Prince, Département de l'Ouest, 6140, Ayiti","address":{"city":"Pétion-Ville","state":"Département de l'Ouest","ISO3166-2-lvl4":"HT-OU","postcode":"6140","country":"Ayiti","country_code":"ht"},"population":342400,"osm_type":"node","osm_id":612993840,"type":"city","location":[-72.2860209,18.5132181],"bbox":[-72.4460209,18.3532181,-72.1260209,18.6732181],"border":{"name":"Petyonvil","other_names":{"name:fr":"Pétionville","name:ht":"Petyonvil","name:ko":"페티옹빌","name:ru":"Петьонвиль","name:zh":"佩蒂翁維爾","alt_name":"Pétion-Ville"},"display_name":"Petyonvil, Arrondissement de Port-au-Prince, Département de l'Ouest, Ayiti","address":{"city_district":"Petyonvil","city":"Arrondissement de Port-au-Prince","state":"Département de l'Ouest","ISO3166-2-lvl4":"HT-OU","country":"Ayiti","country_code":"ht"},"population":280241,"osm_type":"relation","osm_id":387138,"type":"administrative","location":[-72.23953640392787,18.483698150000002],"bbox":[-72.374806,18.4175568,-72.1589343,18.5497677]}}
{"name":"Port-au-Prince","other_names":{"name:am":"ፖርቶፕሪንስ","name:ar":"بورت أو برنس","name:az":"Port-o-Prins","name:be":"Порт-о-Прэнс","name:bg":"Порт о Пренс","name:bn":"পোর্ট-অ-প্রিন্স","name:bo":"པོ་རོ་ཊི་ཨའུ་པི་རིན་སི་","name:br":"Port-au-Prince","name:ca":"Port-au-Prince","name:ce":"Порт-о-Пренс","name:cs":"Port-au-Prince","name:de":"Port-au-Prince","name:el":"Πορτ-ο-Πρενς","name:en":"Port-au-Prince","name:eo":"Portoprinco","name:es":"Puerto Príncipe","name:eu":"Port-au-Prince","name:fa":"پورت او پرنس","name:fr":"Port-au-Prince","name:gl":"Porto Príncipe","name:he":"פורט-או-פרנס","name:hi":"पोर्ट-ऑ-प्रिंस","name:hr":"Port-au-Prince","name:ht":"Pòtoprens","name:hu":"Port-au-Prince","name:hy":"Պորտ-օ-Պրենս","name:is":"Port-au-Prince","name:it":"Port-au-Prince","name:ja":"ポルトープランス","name:ka":"პორტ-ო-პრენსი","name:ko":"포르토프랭스","name:la":"Portus Principis","name:lt":"Port o Prensas","name:lv":"Portoprensa","name:mk":"Порт о Пренс","name:mr":"पोर्ट-औ-प्रिन्स","name:nl":"Port-au-Prince","name:no":"Port-au-Prince","name:oc":"Port-au-Prince","name:os":"Порт-о-Пренс","name:pa":"ਪੋਰਤ-ਓ-ਪ੍ਰੈਂਸ","name:pl":"Port-au-Prince","name:pt":"Porto Príncipe","name:qu":"Port au Prince","name:ro":"Port-au-Prince","name:ru":"Порт-о-Пренс","name:sk":"Port-au-Prince","name:sr":"Порт о Пренс","name:sv":"Port-au-Prince","name:ta":"போர்ட்-ஓ-பிரின்ஸ்","name:tg":"Порт-о-Пренс","name:th":"ปอร์โตแปรงซ์","name:uk":"Порт-о-Пренс","name:ur":"پورٹ او پرنس","name:zh":"太子港","name:azb":"پورتو پرنس","name:grc":"Πριγκηπολιμήν","name:pap":"Port au Prince","name:sah":"Порт-о-Пренс","name:yue":"太子港","short_name":"PAP","alt_name:mk":"Порт-о-Пренс","official_name":"Ville de Port-au-Prince","name:be-tarask":"Порт-о-Прэнс","official_name:es":"Ciudad de Puerto Príncipe","official_name:ht":"Vil Pòtoprens"},"display_name":"Port-au-Prince, Arrondissement de Port-au-Prince, Département de l'Ouest, Ayiti","address":{"city":"Port-au-Prince","state":"Département de l'Ouest","ISO3166-2-lvl4":"HT-OU","country":"Ayiti","country_code":"ht"},"population":1275000,"osm_type":"node","osm_id":289141966,"type":"city","location":[-72.3395928,18.547327],"bbox":[-72.4995928,18.387327,-72.1795928,18.707327],"border":[{"name":"Arrondissement de Port-au-Prince","other_names":{"name:af":"Port-au-Prince","name:am":"ፖርቶፕሪንስ","name:ar":"بورت أو برانس","name:ay":"Port-au-Prince","name:az":"Port-o-Prins","name:be":"Порт-о-Прэнс","name:bg":"Порт о Пренс","name:bn":"পোর্ট-অ-প্রিন্স","name:bo":"པོ་རོ་ཊི་ཨའུ་པི་རིན་སི།","name:br":"Port-au-Prince","name:bs":"Port-au-Prince","name:ca":"Port-au-Prince","name:cs":"Port-au-Prince","name:cy":"Port-au-Prince","name:da":"Port-au-Prince","name:de":"Port-au-Prince","name:el":"Πορτ-ο-Πρενς","name:en":"Port-au-Prince Arrondissement","name:eo":"Portoprinco","name:es":"Puerto Príncipe","name:et":"Port-au-Prince","name:eu":"Port-au-Prince","name:fa":"پورتو پرنس","name:fi":"Port-au-Prince","name:fr":"Arrondissement de Port-au-Prince","name:fy":"Port-au-Prince","name:ga":"Port-au-Prince","name:gd":"Port-au-Prince","name:gl":"Porto Príncipe","name:he":"פורט-או-פרנס","name:hi":"पोर्ट-ऑ-प्रिंस","name:hr":"Port-au-Prince","name:ht":"Pòtoprens (komin)","name:hu":"Port-au-Prince","name:hy":"Պորտ-օ-Պրենս","name:id":"Port-au-Prince","name:io":"Port-au-Prince","name:is":"Port-au-Prince","name:it":"Port-au-Prince","name:ja":"ポルトープランス","name:ka":"პორტ-ო-პრენსი","name:ko":"포르토프랭스","name:la":"Portus Principis","name:lb":"Port-au-Prince","name:ln":"Port-au-Prince","name:lt":"Port o Prensas","name:lv":"Portoprensa","name:mg":"Port-au-Prince","name:mk":"Порт о Пренс","name:mr":"पोर्ट-औ-प्रिन्स","name:ms":"Port-au-Prince","name:nl":"Port-au-Prince","name:nn":"Port-au-Prince","name:no":"Port-au-Prince","name:oc":"Port-au-Prince","name:os":"Порт-о-Пренс","name:pa":"ਪੋਰਤ-ਓ-ਪ੍ਰੈਂਸ","name:pl":"Port-au-Prince","name:pt":"Porto Príncipe","name:qu":"Port au Prince","name:ro":"Port-au-Prince","name:ru":"Порт-о-Пренс","name:sc":"Port-au-Prince","name:sk":"Port-au-Prince","name:sl":"Port-au-Prince","name:sq":"Port-au-Prince","name:sr":"Порт о Пренс","name:sv":"Port-au-Prince","name:sw":"Port-au-Prince","name:ta":"போர்ட்-ஓ-பிரின்ஸ்","name:tg":"Порт-о-Пренс","name:th":"ปอร์โตแปรงซ์","name:tl":"Port-au-Prince","name:tr":"Port-au-Prince","name:uk":"Порт-о-Пренс","name:ur":"پورٹ او پرنس","name:vi":"Port-au-Prince","name:vo":"Port-au-Prince","name:yo":"Port-au-Prince","name:zh":"太子港","name:azb":"پورتو پرنس","name:grc":"Πριγκηπολιμήν","name:ce":"Порт-о-Пренс","name:be-tarask":"Порт-о-Прэнс","name:pap":"Port au Prince","name:sah":"Порт-о-Пренс","name:yue":"太子港","short_name":"PAP","alt_name:mk":"Порт-о-Пренс","official_name":"Ville de Port-au-Prince","official_name:es":"Ciudad de Puerto Príncipe","official_name:ht":"Vil Pòtoprens","alt":"Port-au-Prince","alt:ar":"بورت أو برنس","alt:bo":"པོ་རོ་ཊི་ཨའུ་པི་རིན་སི་","alt:en":"Port-au-Prince","alt:fa":"پورت او پرنس","alt:fr":"Port-au-Prince","alt:ht":"Pòtoprens"},"display_name":"Arrondissement de Port-au-Prince, Département de l'Ouest, Ayiti","address":{"city":"Arrondissement de Port-au-Prince","state":"Département de l'Ouest","ISO3166-2-lvl4":"HT-OU","country":"Ayiti","country_code":"ht"},"population":1275000,"osm_type":"relation","osm_id":387318,"type":"administrative","location":[-72.3395928,18.547327],"bbox":[-72.5697708,18.3398979,-72.1589343,18.6307338]},{"name":"Pòtoprens","other_names":{"name:af":"Port-au-Prince","name:am":"ፖርቶፕሪንስ","name:ar":"بورت أو برانس","name:ay":"Port-au-Prince","name:az":"Port-o-Prins","name:be":"Порт-о-Прэнс","name:bg":"Порт о Пренс","name:bn":"পোর্ট-অ-প্রিন্স","name:bo":"པོ་རོ་ཊི་ཨའུ་པི་རིན་སི།","name:br":"Port-au-Prince","name:bs":"Port-au-Prince","name:ca":"Port-au-Prince","name:ce":"Порт-о-Пренс","name:cs":"Port-au-Prince","name:cy":"Port-au-Prince","name:eo":"Portoprinco","name:es":"Puerto Príncipe","name:fr":"Port-au-Prince","name:ht":"Pòtoprens","name:ja":"ポルトープランス","name:pa":"ਪੋਰਤ-ਓ-ਪ੍ਰੈਂਸ","name:ru":"Порт-о-Пренс","name:sr":"Порт о Пренс","name:ur":"پورٹ او پرنس","name:azb":"پورتو پرنس","name:grc":"Πριγκηπολιμήν","name:be-tarask":"Порт-о-Прэнс"},"display_name":"Pòtoprens, Arrondissement de Port-au-Prince, Département de l'Ouest, Ayiti","address":{"city_district":"Pòtoprens","city":"Arrondissement de Port-au-Prince","state":"Département de l'Ouest","ISO3166-2-lvl4":"HT-OU","country":"Ayiti","country_code":"ht"},"population":736618,"osm_type":"relation","osm_id":387039,"type":"administrative","location":[-72.336117308627,18.531367600000003],"bbox":[-72.3711563,18.4969238,-72.2960712,18.5658201]}]}
{"name":"Port-de-Paix","other_names":{"name:en":"Port-de-Paix","name:es":"Puerto de la Paz","name:fr":"Port-de-Paix","name:ht":"Pòdepè","name:hu":"Port-de-Paix","name:oc":"Pòrt de Patz","name:ru":"Пор-де-Пе","name:uk":"Пор-де-Пе","alt_name:ht":"Pòdpè"},"display_name":"Port-de-Paix, Commune de Port-de-Paix, Arrondissement Port-de-Paix, Département du Nord-Ouest, Ayiti","address":{"city":"Port-de-Paix","state_district":"Arrondissement Port-de-Paix","state":"Département du Nord-Ouest","ISO3166-2-lvl4":"HT-NO","country":"Ayiti","country_code":"ht"},"population":180500,"osm_type":"node","osm_id":295326271,"type":"city","location":[-72.8308129,19.9389855],"bbox":[-72.9908129,19.7789855,-72.6708129,20.0989855],"border":{"name":"Commune de Port-de-Paix","other_names":{"name:en":"Port-de-Paix","name:es":"Puerto de la Paz","name:fr":"Port-de-Paix","name:ht":"Pòdepè","name:hu":"Port-de-Paix","name:oc":"Pòrt de Patz","name:ru":"Пор-де-Пе","name:uk":"Пор-де-Пе","alt_name:ht":"Pòdpè","alt":"Port-de-Paix"},"display_name":"Commune de Port-de-Paix, Arrondissement Port-de-Paix, Département du Nord-Ouest, Ayiti","address":{"city":"Commune de Port-de-Paix","state_district":"Arrondissement Port-de-Paix","state":"Département du Nord-Ouest","ISO3166-2-lvl4":"HT-NO","country":"Ayiti","country_code":"ht"},"population":157032,"osm_type":"relation","osm_id":389658,"type":"administrative","location":[-72.8308129,19.9389855],"bbox":[-73.0336174,19.7222809,-72.7697026,19.9526888]}}
{"name":"Saint-Marc","other_names":{"name:en":"Saint-Marc","name:fr":"Saint-Marc","name:ht":"Senmak","name:hu":"Saint-Marc","name:oc":"Sant Marc","loc_name":"Sen Mak"},"display_name":"Saint-Marc, Commune de Saint-Marc, Arrondissement de Saint-Marc, Département de l'Artibonite, Ayiti","address":{"city":"Saint-Marc","state_district":"Arrondissement de Saint-Marc","state":"Département de l'Artibonite","ISO3166-2-lvl4":"HT-AR","country":"Ayiti","country_code":"ht"},"population":122747,"osm_type":"node","osm_id":613007120,"type":"city","location":[-72.699511,19.1020269],"bbox":[-72.859511,18.9420269,-72.539511,19.2620269]}
{"name":"Saint-Michel-de-l'Attalaye","other_names":{"name:ht":"Sen Michèl Latalay","name:oc":"Sant Miquèu de l'Atalaia"},"display_name":"Saint-Michel-de-l'Attalaye, Commune de Saint-Michel-de-l'Attalaye, Arrondissement de Marmelade, Département de l'Artibonite, 4520, Ayiti","address":{"city":"Saint-Michel-de-l'Attalaye","state_district":"Arrondissement de Marmelade","state":"Département de l'Artibonite","ISO3166-2-lvl4":"HT-AR","postcode":"4520","country":"Ayiti","country_code":"ht"},"population":180000,"osm_type":"node","osm_id":4798256224,"type":"city","location":[-72.3332126,19.3740271],"bbox":[-72.4932126,19.2140271,-72.1732126,19.5340271]}
{"name":"Sainte Anne","display_name":"Sainte Anne, 5e Labranle, Commune des Gonaïves, Arrondissement des Gonaïves, Département de l'Artibonite, Ayiti","address":{"city":"Sainte Anne","suburb":"5e Labranle","state_district":"Arrondissement des Gonaïves","state":"Département de l'Artibonite","ISO3166-2-lvl4":"HT-AR","country":"Ayiti","country_code":"ht"},"osm_type":"way","osm_id":97261891,"type":"city","location":[-72.6165153,19.609306150000002],"bbox":[-72.6166698,19.6091069,-72.6163608,19.6095054]}
{"name":"Tabarre","display_name":"Tabarre, Arrondissement de Port-au-Prince, Département de l'Ouest, 6141, Ayiti","address":{"city":"Tabarre","state":"Département de l'Ouest","ISO3166-2-lvl4":"HT-OU","postcode":"6141","country":"Ayiti","country_code":"ht"},"osm_type":"node","osm_id":614530368,"type":"city","location":[-72.2507176,18.5619986],"bbox":[-72.4107176,18.4019986,-72.0907176,18.7219986]}
