{"name":"Anenii Noi","other_names":{"name:md":"Анений Ной","name:pl":"Nowe Anieny","name:ru":"Новые Анены"},"display_name":"Anenii Noi, Raionul Anenii Noi, Moldova","address":{"town":"Anenii Noi","district":"Raionul Anenii Noi","ISO3166-2-lvl4":"MD-AN","country":"Moldova","country_code":"md"},"population":11700,"osm_type":"node","osm_id":265099164,"type":"town","location":[29.229104,46.8788495],"bbox":[29.189104,46.8388495,29.269104,46.9188495],"border":[{"name":"Anenii Noi","other_names":{"name:ru":"Новые Анены","name:uk":"Нові Анени","name:md":"Анений Ной","name:pl":"Nowe Anieny"},"display_name":"Anenii Noi, Raionul Anenii Noi, Moldova","address":{"town":"Anenii Noi","district":"Raionul Anenii Noi","ISO3166-2-lvl4":"MD-AN","country":"Moldova","country_code":"md"},"population":11700,"osm_type":"relation","osm_id":12496849,"type":"administrative","location":[29.229104,46.8788495],"bbox":[29.1652894,46.82125,29.2939818,46.918817]},{"name":"Anenii Noi","other_names":{"official_name":"orașul Anenii Noi"},"display_name":"Anenii Noi, Raionul Anenii Noi, MD-6501, Moldova","address":{"town":"Anenii Noi","district":"Raionul Anenii Noi","ISO3166-2-lvl4":"MD-AN","postcode":"MD-6501","country":"Moldova","country_code":"md"},"osm_type":"relation","osm_id":18967594,"type":"administrative","location":[29.232271704778412,46.8775806],"bbox":[29.2025511,46.8658577,29.2561925,46.8914305]}]}
{"name":"Basarabeasca","other_names":{"name:bg":"Бесарабка","name:de":"Basarabeasca","name:ka":"ბასარაბეასკა","name:ko":"베사라브카","name:lt":"Basarabiaska","name:mo":"Basarabeasca","name:pl":"Besarabka","name:ru":"Басарабяска","name:uk":"Бессарабка","name:gag":"Basarabka","old_name":"Романовка","old_name:de":"Bessarabka","old_name:ru":"Бессарабка"},"display_name":"Basarabeasca, Raionul Basarabeasca, Moldova","address":{"town":"Basarabeasca","district":"Raionul Basarabeasca","ISO3166-2-lvl4":"MD-BS","country":"Moldova","country_code":"md"},"population":12500,"osm_type":"node","osm_id":265099173,"type":"town","location":[28.9760937,46.3324912],"bbox":[28.9360937,46.2924912,29.0160937,46.3724912],"border":[{"name":"Basarabeasca","other_names":{"name:bg":"Бесарабка","name:de":"Basarabeasca","name:ka":"ბასარაბეასკა","name:ko":"베사라브카","name:lt":"Basarabiaska","name:mo":"Basarabeasca","name:pl":"Besarabka","name:ru":"Басарабяска","name:uk":"Бессарабка","name:gag":"Basarabka","old_name":"Романовка","old_name:de":"Bessarabka","old_name:ru":"Бессарабка"},"display_name":"Basarabeasca, Raionul Basarabeasca, Moldova","address":{"town":"Basarabeasca","district":"Raionul Basarabeasca","ISO3166-2-lvl4":"MD-BS","country":"Moldova","country_code":"md"},"population":12500,"osm_type":"relation","osm_id":19113736,"type":"administrative","location":[28.9760937,46.3324912],"bbox":[28.9164604,46.2594504,29.0035545,46.354654]},{"name":"Basarabeasca","other_names":{"official_name":"orașul Basarabeasca"},"display_name":"Basarabeasca, Raionul Basarabeasca, Moldova","address":{"town":"Basarabeasca","district":"Raionul Basarabeasca","ISO3166-2-lvl4":"MD-BS","country":"Moldova","country_code":"md"},"osm_type":"relation","osm_id":18967259,"type":"administrative","location":[28.974470176422717,46.33367225],"bbox":[28.9446507,46.3127504,29.0035545,46.3546566]}]}
{"name":"Biruința","other_names":{"name:ru":"Бируинца"},"display_name":"Biruința, Raionul Sîngerei, Moldova","address":{"town":"Biruința","district":"Raionul Sîngerei","ISO3166-2-lvl4":"MD-SI","country":"Moldova","country_code":"md"},"osm_type":"node","osm_id":281161096,"type":"town","location":[28.066453,47.8114451],"bbox":[28.026453,47.7714451,28.106453,47.8514451],"border":[{"name":"Biruința","other_names":{"name:ru":"Бируинца"},"display_name":"Biruința, Raionul Sîngerei, Moldova","address":{"town":"Biruința","district":"Raionul Sîngerei","ISO3166-2-lvl4":"MD-SI","country":"Moldova","country_code":"md"},"osm_type":"relation","osm_id":19076883,"type":"administrative","location":[28.066453,47.8114451],"bbox":[28.0469963,47.8031444,28.0806254,47.8209847]},{"name":"Biruința","other_names":{"official_name":"orașul Biruința"},"display_name":"Biruința, Raionul Sîngerei, Moldova","address":{"town":"Biruința","district":"Raionul Sîngerei","ISO3166-2-lvl4":"MD-SI","country":"Moldova","country_code":"md"},"osm_type":"relation","osm_id":18967892,"type":"administrative","location":[28.06864978250593,47.81188845],"bbox":[28.047082,47.8031592,28.0806254,47.8205596]}]}
{"name":"Briceni","other_names":{"name:ka":"ბრიჩენი","name:pl":"Bryczany","name:ro":"Briceni","name:ru":"Бричаны","name:uk":"Бричани"},"display_name":"Briceni, Raionul Briceni, Moldova","address":{"town":"Briceni","district":"Raionul Briceni","ISO3166-2-lvl4":"MD-BR","country":"Moldova","country_code":"md"},"population":9800,"osm_type":"node","osm_id":265099144,"type":"town","location":[27.0849008,48.3613276],"bbox":[27.0449008,48.3213276,27.1249008,48.4013276],"border":[{"name":"Briceni","other_names":{"name:ka":"ბრიჩენი","name:pl":"Bryczany","name:ro":"Briceni","name:ru":"Бричаны","name:uk":"Бричани"},"display_name":"Briceni, Raionul Briceni, Moldova","address":{"town":"Briceni","district":"Raionul Briceni","ISO3166-2-lvl4":"MD-BR","country":"Moldova","country_code":"md"},"population":9800,"osm_type":"relation","osm_id":19034096,"type":"administrative","location":[27.0849008,48.3613276],"bbox":[27.0447855,48.3344993,27.1140284,48.3762643]},{"name":"Briceni","other_names":{"official_name":"orașul Briceni"},"display_name":"Briceni, Raionul Briceni, Moldova","address":{"town":"Briceni","district":"Raionul Briceni","ISO3166-2-lvl4":"MD-BR","country":"Moldova","country_code":"md"},"osm_type":"relation","osm_id":18967446,"type":"administrative","location":[27.081666741036457,48.35627425],"bbox":[27.0653763,48.3347431,27.0989422,48.3737925]}]}
{"name":"Bucovăț","other_names":{"name:ru":"Быковец"},"display_name":"Bucovăț, Raionul Strășeni, Moldova","address":{"town":"Bucovăț","district":"Raionul Strășeni","ISO3166-2-lvl4":"MD-ST","country":"Moldova","country_code":"md"},"population":1601,"osm_type":"node","osm_id":278484982,"type":"town","location":[28.4621607,47.188473],"bbox":[28.4221607,47.148473,28.5021607,47.228473],"border":[{"name":"Bucovăț","other_names":{"name:ru":"Быковец"},"display_name":"Bucovăț, Raionul Strășeni, Moldova","address":{"town":"Bucovăț","district":"Raionul Strășeni","ISO3166-2-lvl4":"MD-ST","country":"Moldova","country_code":"md"},"population":1601,"osm_type":"relation","osm_id":19100177,"type":"administrative","location":[28.4621607,47.188473],"bbox":[28.4094829,47.1828264,28.4841153,47.2195217]},{"name":"Bucovăț","other_names":{"official_name":"orașul Bucovăț"},"display_name":"Bucovăț, Raionul Strășeni, Moldova","address":{"town":"Bucovăț","district":"Raionul Strășeni","ISO3166-2-lvl4":"MD-ST","country":"Moldova","country_code":"md"},"osm_type":"relation","osm_id":18966913,"type":"administrative","location":[28.474813407933937,47.190897899999996],"bbox":[28.4335236,47.1827946,28.4820795,47.1990029]}]}
{"name":"Căinari","other_names":{"name:en":"Cainari","name:ka":"კეინარი","name:ko":"카이나리","name:md":"Căinari","name:ru":"Каинары","name:uk":"Каїнарь","alt_name:uk":"Каїнари","old_name:ro":"Dumbrăveni","old_name:ru":"Думбравены","old_name:uk":"Думбравень"},"display_name":"Căinari, Raionul Căușeni, Moldova","address":{"town":"Căinari","district":"Raionul Căușeni","ISO3166-2-lvl4":"MD-CS","country":"Moldova","country_code":"md"},"population":3803,"osm_type":"node","osm_id":275028804,"type":"town","location":[29.0465165,46.6810186],"bbox":[29.0065165,46.6410186,29.0865165,46.7210186],"border":[{"name":"Căinari","other_names":{"name:ru":"Каинары","name:uk":"Каїнари","name:en":"Cainari","name:ka":"კეინარი","name:ko":"카이나리","name:md":"Căinari","alt_name:uk":"Каїнари","old_name:ro":"Dumbrăveni","old_name:ru":"Думбравены","old_name:uk":"Думбравень","alt:uk":"Каїнарь"},"display_name":"Căinari, Raionul Căușeni, MD-7701, Moldova","address":{"town":"Căinari","district":"Raionul Căușeni","ISO3166-2-lvl4":"MD-CS","postcode":"MD-7701","country":"Moldova","country_code":"md"},"population":3803,"osm_type":"relation","osm_id":10629199,"type":"administrative","location":[29.0465165,46.6810186],"bbox":[29.0031734,46.641787,29.1285908,46.7145004]},{"name":"Căinari","other_names":{"official_name":"orașul Căinari"},"display_name":"Căinari, Raionul Căușeni, MD-7701, Moldova","address":{"town":"Căinari","district":"Raionul Căușeni","ISO3166-2-lvl4":"MD-CS","postcode":"MD-7701","country":"Moldova","country_code":"md"},"osm_type":"relation","osm_id":18967614,"type":"administrative","location":[29.045083625097806,46.67644865],"bbox":[29.0279974,46.6610253,29.0798936,46.6918577]}]}
{"name":"Călărași","other_names":{"name:ru":"Калараш"},"display_name":"Călărași, Raionul Călărași, Moldova","address":{"town":"Călărași","district":"Raionul Călărași","ISO3166-2-lvl4":"MD-CL","country":"Moldova","country_code":"md"},"population":16100,"osm_type":"node","osm_id":262635287,"type":"town","location":[28.3177979,47.2519272],"bbox":[28.2777979,47.2119272,28.3577979,47.2919272],"border":[{"name":"Călărași","other_names":{"name:ru":"Калараш"},"display_name":"Călărași, Raionul Călărași, Moldova","address":{"town":"Călărași","district":"Raionul Călărași","ISO3166-2-lvl4":"MD-CL","country":"Moldova","country_code":"md"},"population":16100,"osm_type":"relation","osm_id":19095394,"type":"administrative","location":[28.3177979,47.2519272],"bbox":[28.222134,47.230748,28.3734751,47.309502]},{"name":"Călărași","other_names":{"official_name":"orașul Călărași"},"display_name":"Călărași, Raionul Călărași, Moldova","address":{"town":"Călărași","district":"Raionul Călărași","ISO3166-2-lvl4":"MD-CL","country":"Moldova","country_code":"md"},"osm_type":"relation","osm_id":18967236,"type":"administrative","location":[28.308296496848655,47.2553445],"bbox":[28.2747238,47.2308347,28.3732495,47.2854826]}]}
{"name":"Cantemir","other_names":{"name:pl":"Kantemir","name:ru":"Кантемир"},"display_name":"Cantemir, Raionul Cantemir, Moldova","address":{"town":"Cantemir","district":"Raionul Cantemir","ISO3166-2-lvl4":"MD-CT","country":"Moldova","country_code":"md"},"population":6000,"osm_type":"node","osm_id":265099175,"type":"town","location":[28.2004972,46.277497],"bbox":[28.1604972,46.237497,28.2404972,46.317497],"border":[{"name":"Cantemir","other_names":{"name:pl":"Kantemir","name:ru":"Кантемир"},"display_name":"Cantemir, Raionul Cantemir, MD-7301, Moldova","address":{"town":"Cantemir","district":"Raionul Cantemir","ISO3166-2-lvl4":"MD-CT","postcode":"MD-7301","country":"Moldova","country_code":"md"},"population":6000,"osm_type":"relation","osm_id":19114022,"type":"administrative","location":[28.2004972,46.277497],"bbox":[28.1816608,46.2684246,28.2236843,46.2847167]},{"name":"Cantemir","other_names":{"official_name":"orașul Cantemir"},"display_name":"Cantemir, Raionul Cantemir, MD-7301, Moldova","address":{"town":"Cantemir","district":"Raionul Cantemir","ISO3166-2-lvl4":"MD-CT","postcode":"MD-7301","country":"Moldova","country_code":"md"},"osm_type":"relation","osm_id":18967249,"type":"administrative","location":[28.194708494519325,46.27710995],"bbox":[28.1817136,46.2691474,28.2237575,46.2848008]}]}
{"name":"Căușeni","other_names":{"name:bg":"Къушани","name:ru":"Каушаны"},"display_name":"Căușeni, Căuşeni, Raionul Căușeni, Moldova","address":{"town":"Căușeni","district":"Raionul Căușeni","ISO3166-2-lvl4":"MD-CS","country":"Moldova","country_code":"md"},"population":19900,"osm_type":"node","osm_id":265099168,"type":"town","location":[29.4067719,46.6495405],"bbox":[29.3667719,46.6095405,29.4467719,46.6895405],"border":[{"name":"Căuşeni","other_names":{"name:bg":"Къушани","name:ru":"Каушаны","alt":"Căușeni"},"display_name":"Căuşeni, Raionul Căușeni, MD-4304, Moldova","address":{"town":"Căuşeni","district":"Raionul Căușeni","ISO3166-2-lvl4":"MD-CS","postcode":"MD-4304","country":"Moldova","country_code":"md"},"population":19900,"osm_type":"relation","osm_id":12459799,"type":"administrative","location":[29.4067719,46.6495405],"bbox":[29.2994508,46.5355969,29.5016277,46.6825063]},{"name":"Căușeni","other_names":{"official_name":"orașul Căușeni"},"display_name":"Căușeni, Căuşeni, Raionul Căușeni, MD-4304, Moldova","address":{"town":"Căușeni","district":"Raionul Căușeni","ISO3166-2-lvl4":"MD-CS","postcode":"MD-4304","country":"Moldova","country_code":"md"},"osm_type":"relation","osm_id":18967959,"type":"administrative","location":[29.41481743024233,46.649609299999995],"bbox":[29.3778471,46.6189381,29.4617457,46.6802987]}]}
{"name":"Cimișlia","other_names":{"name:ko":"치미슐리야","name:pl":"Cimiszla","name:ro":"Cimișlia","name:ru":"Чимишлия","name:uk":"Чимішлія","name:gag":"Çimișli"},"display_name":"Cimișlia, Raionul Cimișlia, Moldova","address":{"town":"Cimișlia","district":"Raionul Cimișlia","ISO3166-2-lvl4":"MD-CM","country":"Moldova","country_code":"md"},"population":16100,"osm_type":"node","osm_id":265099170,"type":"town","location":[28.7832993,46.5214777],"bbox":[28.7432993,46.4814777,28.8232993,46.5614777],"border":[{"name":"Cimișlia","other_names":{"name:ko":"치미슐리야","name:pl":"Cimiszla","name:ro":"Cimișlia","name:ru":"Чимишлия","name:uk":"Чимішлія","name:gag":"Çimișli"},"display_name":"Cimișlia, Raionul Cimișlia, MD-3800, Moldova","address":{"town":"Cimișlia","district":"Raionul Cimișlia","ISO3166-2-lvl4":"MD-CM","postcode":"MD-3800","country":"Moldova","country_code":"md"},"population":16100,"osm_type":"relation","osm_id":19112351,"type":"administrative","location":[28.7832993,46.5214777],"bbox":[28.6692871,46.445184,28.8869118,46.5800288]},{"name":"Cimișlia","other_names":{"official_name":"orașul Cimișlia"},"display_name":"Cimișlia, Raionul Cimișlia, Moldova","address":{"town":"Cimișlia","district":"Raionul Cimișlia","ISO3166-2-lvl4":"MD-CM","country":"Moldova","country_code":"md"},"osm_type":"relation","osm_id":18967587,"type":"administrative","location":[28.787019149992602,46.528389849999996],"bbox":[28.7441425,46.4931371,28.848851,46.5636943]}]}
{"name":"Codru","other_names":{"name:ru":"Кодру"},"display_name":"Codru, municipiul Chișinău, Moldova","address":{"town":"Codru","municipality":"municipiul Chișinău","ISO3166-2-lvl4":"MD-CU","country":"Moldova","country_code":"md"},"population":11500,"osm_type":"node","osm_id":262054858,"type":"town","location":[28.8276657,46.9689261],"bbox":[28.7876657,46.9289261,28.8676657,47.0089261],"border":[{"name":"Codru","other_names":{"name:en":"Codru","name:ru":"Кодру","name:uk":"Кодру","official_name":"orașul Codru"},"display_name":"Codru, municipiul Chișinău, Moldova","address":{"town":"Codru","municipality":"municipiul Chișinău","ISO3166-2-lvl4":"MD-CU","country":"Moldova","country_code":"md"},"population":11500,"osm_type":"relation","osm_id":1751297,"type":"administrative","location":[28.8276657,46.9689261],"bbox":[28.7660844,46.9339404,28.8721541,46.9950723]},{"name":"Codru","other_names":{"official_name":"orașul Codru"},"display_name":"Codru, municipiul Chișinău, Moldova","address":{"town":"Codru","municipality":"municipiul Chișinău","ISO3166-2-lvl4":"MD-CU","country":"Moldova","country_code":"md"},"osm_type":"relation","osm_id":18966979,"type":"administrative","location":[28.824093661127556,46.96954205],"bbox":[28.7721753,46.9439546,28.8651369,46.9949222]}]}
{"name":"Cornești","other_names":{"name:ru":"Корнешты"},"display_name":"Cornești, Raionul Ungheni, Moldova","address":{"town":"Cornești","district":"Raionul Ungheni","ISO3166-2-lvl4":"MD-UN","country":"Moldova","country_code":"md"},"osm_type":"node","osm_id":7157505482,"type":"town","location":[28.0014001,47.3682122],"bbox":[27.9614001,47.3282122,28.0414001,47.4082122],"border":[{"name":"Cornești","other_names":{"official_name":"satul Cornești","name:ru":"Корнешты"},"display_name":"Cornești, Raionul Ungheni, Moldova","address":{"village":"Cornești","district":"Raionul Ungheni","ISO3166-2-lvl4":"MD-UN","country":"Moldova","country_code":"md"},"population":2781,"osm_type":"relation","osm_id":10624607,"type":"administrative","location":[28.0091608,47.3564908],"bbox":[27.9032182,47.3211777,28.0842953,47.400208]},{"name":"Cornești","other_names":{"official_name":"orașul Cornești","name:ru":"Корнешты"},"display_name":"Cornești, Raionul Ungheni, MD-3608, Moldova","address":{"town":"Cornești","district":"Raionul Ungheni","ISO3166-2-lvl4":"MD-UN","postcode":"MD-3608","country":"Moldova","country_code":"md"},"osm_type":"relation","osm_id":10624608,"type":"administrative","location":[28.0014001,47.3682122],"bbox":[27.9602466,47.3561189,28.0220543,47.3825994]}]}
{"name":"Costești","other_names":{"name:ro":"Costești","name:ru":"Костешты"},"display_name":"Costești, Raionul Rîșcani, Moldova","address":{"town":"Costești","district":"Raionul Rîșcani","ISO3166-2-lvl4":"MD-RI","country":"Moldova","country_code":"md"},"osm_type":"node","osm_id":283573762,"type":"town","location":[27.2582159,47.8582386],"bbox":[27.2182159,47.8182386,27.2982159,47.8982386],"border":[{"name":"Costești","other_names":{"name:ro":"Costești","name:ru":"Костешты"},"display_name":"Costești, Raionul Rîșcani, Moldova","address":{"town":"Costești","district":"Raionul Rîșcani","ISO3166-2-lvl4":"MD-RI","country":"Moldova","country_code":"md"},"osm_type":"relation","osm_id":19045245,"type":"administrative","location":[27.2582159,47.8582386],"bbox":[27.1416047,47.8054346,27.3419971,47.9496847]},{"name":"Costești","other_names":{"official_name":"orașul Costești"},"display_name":"Costești, Raionul Rîșcani, MD-5617, Moldova","address":{"town":"Costești","district":"Raionul Rîșcani","ISO3166-2-lvl4":"MD-RI","postcode":"MD-5617","country":"Moldova","country_code":"md"},"osm_type":"relation","osm_id":18967190,"type":"administrative","location":[27.257233199138785,47.853966400000004],"bbox":[27.2437444,47.843119,27.2700159,47.8647329]}]}
{"name":"Cricova","other_names":{"name:ru":"Крикова"},"display_name":"Cricova, municipiul Chișinău, Moldova","address":{"town":"Cricova","municipality":"municipiul Chișinău","ISO3166-2-lvl4":"MD-CU","country":"Moldova","country_code":"md"},"population":10642,"osm_type":"node","osm_id":262632905,"type":"town","location":[28.8618053,47.1369462],"bbox":[28.8218053,47.0969462,28.9018053,47.1769462],"border":[{"name":"Cricova","other_names":{"name:en":"Cricova","name:ru":"Крикова","name:uk":"Крикова","official_name":"orașul Cricova"},"display_name":"Cricova, municipiul Chișinău, MD-2084, Moldova","address":{"town":"Cricova","municipality":"municipiul Chișinău","ISO3166-2-lvl4":"MD-CU","postcode":"MD-2084","country":"Moldova","country_code":"md"},"population":10642,"osm_type":"relation","osm_id":1782039,"type":"administrative","location":[28.8618053,47.1369462],"bbox":[28.8393702,47.1148979,28.8804985,47.1563303]},{"name":"Cricova","other_names":{"official_name":"orașul Cricova"},"display_name":"Cricova, municipiul Chișinău, MD-2084, Moldova","address":{"town":"Cricova","municipality":"municipiul Chișinău","ISO3166-2-lvl4":"MD-CU","postcode":"MD-2084","country":"Moldova","country_code":"md"},"osm_type":"relation","osm_id":18967527,"type":"administrative","location":[28.864507603863423,47.13481555],"bbox":[28.8440074,47.1172014,28.8746343,47.1524419]}]}
{"name":"Criuleni","other_names":{"name:ko":"크리울랴니","name:ro":"Criuleni","name:ru":"Криуляны","name:uk":"Криуляни","alt_name:ru":"Криулень"},"display_name":"Criuleni, Raionul Criuleni, Moldova","address":{"town":"Criuleni","district":"Raionul Criuleni","ISO3166-2-lvl4":"MD-CR","country":"Moldova","country_code":"md"},"population":9500,"osm_type":"node","osm_id":273129425,"type":"town","location":[29.1599485,47.2132673],"bbox":[29.1199485,47.1732673,29.1999485,47.2532673],"border":[{"name":"Criuleni","other_names":{"name:ko":"크리울랴니","name:ro":"Criuleni","name:ru":"Криуляны","name:uk":"Криуляни","alt_name:ru":"Криулень"},"display_name":"Criuleni, Raionul Criuleni, MD-4801, Moldova","address":{"town":"Criuleni","district":"Raionul Criuleni","ISO3166-2-lvl4":"MD-CR","postcode":"MD-4801","country":"Moldova","country_code":"md"},"population":9500,"osm_type":"relation","osm_id":19090913,"type":"administrative","location":[29.1599485,47.2132673],"bbox":[29.0481546,47.1790315,29.180311,47.2532581]},{"name":"Criuleni","other_names":{"official_name":"orașul Criuleni"},"display_name":"Criuleni, Raionul Criuleni, MD-4801, Moldova","address":{"town":"Criuleni","district":"Raionul Criuleni","ISO3166-2-lvl4":"MD-CR","postcode":"MD-4801","country":"Moldova","country_code":"md"},"osm_type":"relation","osm_id":18967992,"type":"administrative","location":[29.157852885035247,47.2157058],"bbox":[29.1446786,47.1989695,29.1710764,47.2327345]}]}
{"name":"Cupcini","other_names":{"name:ru":"Купчинь","old_name":"Калининск","old_name:ro":"Kalininsk","old_name:ru":"Калининск"},"display_name":"Cupcini, Raionul Edineț, Moldova","address":{"town":"Cupcini","district":"Raionul Edineț","ISO3166-2-lvl4":"MD-ED","country":"Moldova","country_code":"md"},"population":7441,"osm_type":"node","osm_id":283807665,"type":"town","location":[27.3894883,48.1189682],"bbox":[27.3494883,48.0789682,27.4294883,48.1589682],"border":[{"name":"Cupcini","other_names":{"name:ru":"Купчинь","old_name":"Калининск","old_name:ro":"Kalininsk","old_name:ru":"Калининск"},"display_name":"Cupcini, Raionul Edineț, MD-4626, Moldova","address":{"town":"Cupcini","district":"Raionul Edineț","ISO3166-2-lvl4":"MD-ED","postcode":"MD-4626","country":"Moldova","country_code":"md"},"osm_type":"way","osm_id":722981514,"type":"town","location":[27.38736472264746,48.1147702],"bbox":[27.3597979,48.0927142,27.3992586,48.1394158]},{"name":"Cupcini","other_names":{"name:ru":"Купчинь","old_name":"Калининск","old_name:ro":"Kalininsk","old_name:ru":"Калининск"},"display_name":"Cupcini, Raionul Edineț, Moldova","address":{"town":"Cupcini","district":"Raionul Edineț","ISO3166-2-lvl4":"MD-ED","country":"Moldova","country_code":"md"},"population":7441,"osm_type":"relation","osm_id":19038965,"type":"administrative","location":[27.3894883,48.1189682],"bbox":[27.2974381,48.0385257,27.415126,48.1574555]},{"name":"Cupcini","other_names":{"official_name":"orașul Cupcini"},"display_name":"Cupcini, Raionul Edineț, MD-4626, Moldova","address":{"town":"Cupcini","district":"Raionul Edineț","ISO3166-2-lvl4":"MD-ED","postcode":"MD-4626","country":"Moldova","country_code":"md"},"osm_type":"relation","osm_id":18967855,"type":"administrative","location":[27.389391195072854,48.11882415],"bbox":[27.3602143,48.0917312,27.4017798,48.1459302]}]}
{"name":"Dondușeni","other_names":{"name:ru":"Дондюшаны"},"display_name":"Dondușeni, Raionul Dondușeni, Moldova","address":{"town":"Dondușeni","district":"Raionul Dondușeni","ISO3166-2-lvl4":"MD-DO","country":"Moldova","country_code":"md"},"population":10500,"osm_type":"node","osm_id":265099146,"type":"town","location":[27.610869,48.2374994],"bbox":[27.570869,48.1974994,27.650869,48.2774994],"border":[{"name":"Dondușeni","other_names":{"name:ru":"Дондюшаны"},"display_name":"Dondușeni, Raionul Dondușeni, Moldova","address":{"town":"Dondușeni","district":"Raionul Dondușeni","ISO3166-2-lvl4":"MD-DO","country":"Moldova","country_code":"md"},"population":9801,"osm_type":"way","osm_id":378121008,"type":"town","location":[27.60705053358576,48.2418814],"bbox":[27.5855652,48.2273043,27.6276055,48.2576945]},{"name":"Dondușeni","other_names":{"name:ru":"Дондюшаны"},"display_name":"Dondușeni, Raionul Dondușeni, Moldova","address":{"town":"Dondușeni","district":"Raionul Dondușeni","ISO3166-2-lvl4":"MD-DO","country":"Moldova","country_code":"md"},"population":10500,"osm_type":"relation","osm_id":19055801,"type":"administrative","location":[27.610869,48.2374994],"bbox":[27.5672387,48.2265896,27.6362033,48.2576792]},{"name":"Dondușeni","other_names":{"official_name":"orașul Dondușeni"},"display_name":"Dondușeni, Raionul Dondușeni, Moldova","address":{"town":"Dondușeni","district":"Raionul Dondușeni","ISO3166-2-lvl4":"MD-DO","country":"Moldova","country_code":"md"},"osm_type":"relation","osm_id":18967196,"type":"administrative","location":[27.609037033740435,48.24209305],"bbox":[27.5671999,48.2266125,27.6360239,48.2576984]}]}
{"name":"Drochia","other_names":{"name:ru":"Дрокия"},"display_name":"Drochia, Raionul Drochia, Moldova","address":{"town":"Drochia","district":"Raionul Drochia","ISO3166-2-lvl4":"MD-DR","country":"Moldova","country_code":"md"},"population":16606,"osm_type":"node","osm_id":265099149,"type":"town","location":[27.8157233,48.0318141],"bbox":[27.7757233,47.9918141,27.8557233,48.0718141],"border":[{"name":"Drochia","other_names":{"name:ru":"Дрокия"},"display_name":"Drochia, Raionul Drochia, Moldova","address":{"town":"Drochia","district":"Raionul Drochia","ISO3166-2-lvl4":"MD-DR","country":"Moldova","country_code":"md"},"osm_type":"way","osm_id":378120047,"type":"town","location":[27.817225637040412,48.03309055],"bbox":[27.7863394,48.0108855,27.8498218,48.0568708]},{"name":"Drochia","other_names":{"name:ru":"Дрокия"},"display_name":"Drochia, Raionul Drochia, Moldova","address":{"town":"Drochia","district":"Raionul Drochia","ISO3166-2-lvl4":"MD-DR","country":"Moldova","country_code":"md"},"population":16606,"osm_type":"relation","osm_id":19068255,"type":"administrative","location":[27.8157233,48.0318141],"bbox":[27.7829145,48.0103415,27.8482563,48.0496659]},{"name":"Drochia","other_names":{"official_name":"orașul Drochia"},"display_name":"Drochia, Raionul Drochia, Moldova","address":{"town":"Drochia","district":"Raionul Drochia","ISO3166-2-lvl4":"MD-DR","country":"Moldova","country_code":"md"},"osm_type":"relation","osm_id":18967786,"type":"administrative","location":[27.820219738187546,48.029920450000006],"bbox":[27.7829924,48.010094,27.8482947,48.0496974]}]}
{"name":"Durlești","other_names":{"name:ro":"Durlești","name:ru":"Дурлешты"},"display_name":"Durlești, municipiul Chișinău, Moldova","address":{"town":"Durlești","municipality":"municipiul Chișinău","ISO3166-2-lvl4":"MD-CU","country":"Moldova","country_code":"md"},"population":17900,"osm_type":"node","osm_id":266140221,"type":"town","location":[28.7641807,47.0228435],"bbox":[28.7241807,46.9828435,28.8041807,47.0628435],"border":[{"name":"Durlești","other_names":{"name:en":"Durlești","name:ro":"Durlești","name:ru":"Дурлешты","name:uk":"Дурлешти","official_name":"orașul Durlești"},"display_name":"Durlești, municipiul Chișinău, Moldova","address":{"town":"Durlești","municipality":"municipiul Chișinău","ISO3166-2-lvl4":"MD-CU","country":"Moldova","country_code":"md"},"population":17900,"osm_type":"relation","osm_id":1759185,"type":"administrative","location":[28.7641807,47.0228435],"bbox":[28.7153213,46.9646199,28.7905651,47.0572074]},{"name":"Durlești","other_names":{"official_name":"orașul Durlești"},"display_name":"Durlești, municipiul Chișinău, Moldova","address":{"town":"Durlești","municipality":"municipiul Chișinău","ISO3166-2-lvl4":"MD-CU","country":"Moldova","country_code":"md"},"osm_type":"relation","osm_id":18967541,"type":"administrative","location":[28.75462155591725,47.01264055],"bbox":[28.7198863,46.9677028,28.7904952,47.0572531]}]}
{"name":"Fălești","other_names":{"name:ko":"팔레슈티","name:ru":"Фалешты","name:uk":"Фалешти","alt_name:ru":"Фэлешть","old_name:de":"Faleschty","old_name:en":"Faleshty"},"display_name":"Fălești, Raionul Fălești, Moldova","address":{"town":"Fălești","district":"Raionul Fălești","ISO3166-2-lvl4":"MD-FA","country":"Moldova","country_code":"md"},"population":18300,"osm_type":"node","osm_id":265099157,"type":"town","location":[27.7068016,47.5735141],"bbox":[27.6668016,47.5335141,27.7468016,47.6135141],"border":[{"name":"Fălești","other_names":{"name:ro":"Fălești","name:ru":"Фалешты","name:uk":"Фалешти","name:ko":"팔레슈티","alt_name:ru":"Фэлешть","old_name:de":"Faleschty","old_name:en":"Faleshty"},"display_name":"Fălești, Raionul Fălești, Moldova","address":{"town":"Fălești","district":"Raionul Fălești","ISO3166-2-lvl4":"MD-FA","country":"Moldova","country_code":"md"},"population":18300,"osm_type":"relation","osm_id":10628594,"type":"administrative","location":[27.7068016,47.5735141],"bbox":[27.6736466,47.5381641,27.7680935,47.6255847]},{"name":"Fălești","other_names":{"official_name":"orașul Fălești"},"display_name":"Fălești, Raionul Fălești, Moldova","address":{"town":"Fălești","district":"Raionul Fălești","ISO3166-2-lvl4":"MD-FA","country":"Moldova","country_code":"md"},"osm_type":"relation","osm_id":18967883,"type":"administrative","location":[27.706237487359143,47.5653327],"bbox":[27.6899224,47.5413165,27.7499442,47.5893681]}]}
{"name":"Florești","other_names":{"name:ko":"플로레슈티","name:ru":"Флорешты"},"display_name":"Florești, Raionul Florești, Moldova","address":{"town":"Florești","district":"Raionul Florești","ISO3166-2-lvl4":"MD-FL","country":"Moldova","country_code":"md"},"population":15300,"osm_type":"node","osm_id":282317476,"type":"town","location":[28.2996474,47.8938318],"bbox":[28.2596474,47.8538318,28.3396474,47.9338318],"border":[{"name":"Florești","other_names":{"name:ru":"Флорешты"},"display_name":"Florești, Raionul Florești, MD-5001, Moldova","address":{"town":"Florești","district":"Raionul Florești","ISO3166-2-lvl4":"MD-FL","postcode":"MD-5001","country":"Moldova","country_code":"md"},"osm_type":"relation","osm_id":14699551,"type":"town","location":[28.300290230504274,47.89571655],"bbox":[28.2635492,47.8780836,28.3315697,47.912485]},{"name":"Florești","other_names":{"name:ko":"플로레슈티","name:ru":"Флорешты"},"display_name":"Florești, Raionul Florești, Moldova","address":{"town":"Florești","district":"Raionul Florești","ISO3166-2-lvl4":"MD-FL","country":"Moldova","country_code":"md"},"population":15300,"osm_type":"relation","osm_id":19072252,"type":"administrative","location":[28.2996474,47.8938318],"bbox":[28.2637077,47.877327,28.3444303,47.9210946]},{"name":"Florești","other_names":{"official_name":"orașul Florești"},"display_name":"Florești, Raionul Florești, MD-5001, Moldova","address":{"town":"Florești","district":"Raionul Florești","ISO3166-2-lvl4":"MD-FL","postcode":"MD-5001","country":"Moldova","country_code":"md"},"osm_type":"relation","osm_id":18968145,"type":"administrative","location":[28.301493702135055,47.897310149999996],"bbox":[28.2637077,47.8781284,28.3430602,47.916815]}]}
{"name":"Frunză","other_names":{"name:ko":"프룬제","name:lt":"Fruncė","name:ru":"Фрунзэ","name:sr":"Фрунза","name:uk":"Фрунзе"},"display_name":"Frunză, Raionul Ocnița, Moldova","address":{"town":"Frunză","district":"Raionul Ocnița","ISO3166-2-lvl4":"MD-OC","country":"Moldova","country_code":"md"},"osm_type":"node","osm_id":283853101,"type":"town","location":[27.5942808,48.4120513],"bbox":[27.5542808,48.3720513,27.6342808,48.4520513],"border":[{"name":"Frunză","other_names":{"name:ko":"프룬제","name:lt":"Fruncė","name:ru":"Фрунзэ","name:sr":"Фрунза","name:uk":"Фрунзе"},"display_name":"Frunză, Raionul Ocnița, MD-7108, Moldova","address":{"town":"Frunză","district":"Raionul Ocnița","ISO3166-2-lvl4":"MD-OC","postcode":"MD-7108","country":"Moldova","country_code":"md"},"osm_type":"relation","osm_id":19038438,"type":"administrative","location":[27.5942808,48.4120513],"bbox":[27.5793128,48.3982824,27.6177039,48.4290613]},{"name":"Frunză","other_names":{"official_name":"orașul Frunză"},"display_name":"Frunză, Raionul Ocnița, MD-7108, Moldova","address":{"town":"Frunză","district":"Raionul Ocnița","ISO3166-2-lvl4":"MD-OC","postcode":"MD-7108","country":"Moldova","country_code":"md"},"osm_type":"relation","osm_id":18966822,"type":"administrative","location":[27.596512229170678,48.410282249999995],"bbox":[27.5848659,48.4056164,27.6031604,48.414725]}]}
{"name":"Ghindești","other_names":{"name:ko":"긴데슈티","name:ru":"Гиндешть"},"display_name":"Ghindești, Raionul Florești, Moldova","address":{"town":"Ghindești","district":"Raionul Florești","ISO3166-2-lvl4":"MD-FL","country":"Moldova","country_code":"md"},"population":1649,"osm_type":"node","osm_id":6467218317,"type":"town","location":[28.3870348,47.8623849],"bbox":[28.3470348,47.8223849,28.4270348,47.9023849],"border":[{"name":"Ghindești","other_names":{"name:ru":"Гиндешть"},"display_name":"Ghindești, Raionul Florești, MD-5021, Moldova","address":{"town":"Ghindești","district":"Raionul Florești","ISO3166-2-lvl4":"MD-FL","postcode":"MD-5021","country":"Moldova","country_code":"md"},"osm_type":"relation","osm_id":10041092,"type":"town","location":[28.3833902181888,47.865939999999995],"bbox":[28.3645186,47.8538538,28.4035367,47.8880716]},{"name":"Ghindești","other_names":{"name:ko":"긴데슈티","name:ru":"Гиндешть"},"display_name":"Ghindești, Raionul Florești, MD-5021, Moldova","address":{"town":"Ghindești","district":"Raionul Florești","ISO3166-2-lvl4":"MD-FL","postcode":"MD-5021","country":"Moldova","country_code":"md"},"population":1649,"osm_type":"relation","osm_id":19072238,"type":"administrative","location":[28.3870348,47.8623849],"bbox":[28.3693208,47.8567408,28.4011076,47.8835954]},{"name":"Ghindești","other_names":{"name:ru":"Гиндешты"},"display_name":"Ghindești, Raionul Florești, MD-5022, Moldova","address":{"commune":"Ghindești","district":"Raionul Florești","ISO3166-2-lvl4":"MD-FL","postcode":"MD-5022","country":"Moldova","country_code":"md"},"population":1900,"osm_type":"relation","osm_id":19072257,"type":"administrative","location":[28.3761123,47.8534032],"bbox":[28.3682738,47.8341576,28.4881545,47.9068936]},{"name":"Ghindești","other_names":{"official_name":"orașul Ghindești"},"display_name":"Ghindești, Raionul Florești, MD-5021, Moldova","address":{"town":"Ghindești","district":"Raionul Florești","ISO3166-2-lvl4":"MD-FL","postcode":"MD-5021","country":"Moldova","country_code":"md"},"osm_type":"relation","osm_id":18967825,"type":"administrative","location":[28.385594388667485,47.86390755],"bbox":[28.369995,47.8567374,28.4000555,47.8770482]}]}
{"name":"Glodeni","other_names":{"name:pl":"Głodziany","name:ru":"Глодяны"},"display_name":"Glodeni, Raionul Glodeni, Moldova","address":{"town":"Glodeni","district":"Raionul Glodeni","ISO3166-2-lvl4":"MD-GL","country":"Moldova","country_code":"md"},"population":12000,"osm_type":"node","osm_id":265099152,"type":"town","location":[27.50441,47.7744001],"bbox":[27.46441,47.7344001,27.54441,47.8144001],"border":[{"name":"Glodeni","other_names":{"name:ru":"Глодяны","name:uk":"Глодяни","official_name":"orașul Glodeni","name:pl":"Głodziany"},"display_name":"Glodeni, Raionul Glodeni, MD-4901, Moldova","address":{"town":"Glodeni","district":"Raionul Glodeni","ISO3166-2-lvl4":"MD-GL","postcode":"MD-4901","country":"Moldova","country_code":"md"},"population":12000,"osm_type":"relation","osm_id":5736380,"type":"administrative","location":[27.50441,47.7744001],"bbox":[27.4725743,47.7246643,27.5594285,47.8200397]},{"name":"Glodeni","other_names":{"official_name":"orașul Glodeni"},"display_name":"Glodeni, Raionul Glodeni, MD-4901, Moldova","address":{"town":"Glodeni","district":"Raionul Glodeni","ISO3166-2-lvl4":"MD-GL","postcode":"MD-4901","country":"Moldova","country_code":"md"},"osm_type":"relation","osm_id":18967080,"type":"administrative","location":[27.51143753696975,47.7777813],"bbox":[27.4932177,47.761349,27.5320687,47.7946727]}]}
{"name":"Ialoveni","other_names":{"name:en":"Ialoveni","name:ro":"Ialoveni","name:ru":"Яловены","official_name":"Orașul Ialoveni"},"display_name":"Ialoveni, Raionul Ialoveni, Moldova","address":{"town":"Ialoveni","district":"Raionul Ialoveni","ISO3166-2-lvl4":"MD-IA","country":"Moldova","country_code":"md"},"population":15300,"osm_type":"node","osm_id":265099163,"type":"town","location":[28.7767232,46.94376],"bbox":[28.7367232,46.90376,28.8167232,46.98376],"border":[{"name":"Ialoveni","other_names":{"name:en":"Ialoveni","name:ro":"Ialoveni","name:ru":"Яловены","name:uk":"Яловени","official_name":"orașul Ialoveni","_place_official_name":"Orașul Ialoveni"},"display_name":"Ialoveni, Raionul Ialoveni, Moldova","address":{"town":"Ialoveni","district":"Raionul Ialoveni","ISO3166-2-lvl4":"MD-IA","country":"Moldova","country_code":"md"},"population":15300,"osm_type":"relation","osm_id":5736377,"type":"administrative","location":[28.7767232,46.94376],"bbox":[28.7286049,46.9033962,28.8247594,46.973796]},{"name":"Ialoveni","other_names":{"official_name":"orașul Ialoveni"},"display_name":"Ialoveni, Raionul Ialoveni, Moldova","address":{"town":"Ialoveni","district":"Raionul Ialoveni","ISO3166-2-lvl4":"MD-IA","country":"Moldova","country_code":"md"},"osm_type":"relation","osm_id":18967355,"type":"administrative","location":[28.779628125623695,46.948294250000004],"bbox":[28.7478251,46.9226227,28.7983296,46.9737757]}]}
{"name":"Iargara","other_names":{"name:bg":"Яргара","name:ru":"Яргара"},"display_name":"Iargara, Raionul Leova, Moldova","address":{"town":"Iargara","district":"Raionul Leova","ISO3166-2-lvl4":"MD-LE","country":"Moldova","country_code":"md"},"osm_type":"node","osm_id":274085473,"type":"town","location":[28.4348311,46.4275436],"bbox":[28.3948311,46.3875436,28.4748311,46.4675436],"border":[{"name":"Iargara","other_names":{"name:bg":"Яргара","name:ru":"Яргара"},"display_name":"Iargara, Raionul Leova, Moldova","address":{"town":"Iargara","district":"Raionul Leova","ISO3166-2-lvl4":"MD-LE","country":"Moldova","country_code":"md"},"osm_type":"relation","osm_id":19113650,"type":"administrative","location":[28.4348311,46.4275436],"bbox":[28.3995686,46.4087879,28.4937482,46.4734348]},{"name":"Iargara","other_names":{"official_name":"orașul Iargara"},"display_name":"Iargara, Raionul Leova, Moldova","address":{"town":"Iargara","district":"Raionul Leova","ISO3166-2-lvl4":"MD-LE","country":"Moldova","country_code":"md"},"osm_type":"relation","osm_id":18968035,"type":"administrative","location":[28.431177362573287,46.428041199999996],"bbox":[28.4053011,46.4145314,28.4703928,46.4415178]}]}
{"name":"Leova","other_names":{"name:bg":"Леова","name:en":"Leova","name:ro":"Leova","name:ru":"Леова","old_name:ru":"Леово"},"display_name":"Leova, Raionul Leova, Moldova","address":{"town":"Leova","district":"Raionul Leova","ISO3166-2-lvl4":"MD-LE","country":"Moldova","country_code":"md"},"population":10900,"osm_type":"node","osm_id":265099171,"type":"town","location":[28.256329,46.480626],"bbox":[28.216329,46.440626,28.296329,46.520626],"border":[{"name":"Leova","display_name":"Leova, Raionul Leova, Moldova","address":{"town":"Leova","district":"Raionul Leova","ISO3166-2-lvl4":"MD-LE","country":"Moldova","country_code":"md"},"osm_type":"relation","osm_id":19113653,"type":"historic","location":[28.265199006200078,46.4831855],"bbox":[28.2092938,46.4453732,28.3162798,46.5205585]},{"name":"Leova","other_names":{"name:bg":"Леова","name:en":"Leova","name:ro":"Leova","name:ru":"Леова","old_name:ru":"Леово"},"display_name":"Leova, Raionul Leova, Moldova","address":{"town":"Leova","district":"Raionul Leova","ISO3166-2-lvl4":"MD-LE","country":"Moldova","country_code":"md"},"population":10900,"osm_type":"relation","osm_id":19314570,"type":"administrative","location":[28.256329,46.480626],"bbox":[28.2092938,46.4453732,28.3162798,46.6399225]},{"name":"Leova","other_names":{"official_name":"orașul Leova"},"display_name":"Leova, Raionul Leova, Moldova","address":{"town":"Leova","district":"Raionul Leova","ISO3166-2-lvl4":"MD-LE","country":"Moldova","country_code":"md"},"osm_type":"relation","osm_id":18967444,"type":"administrative","location":[28.259685316124838,46.4751306],"bbox":[28.2355321,46.4530441,28.2774473,46.4972258]}]}
{"name":"Lipcani","other_names":{"name:md":"Липкань","name:pl":"Lipkany","name:ru":"Липканы","name:uk":"Липкани"},"display_name":"Lipcani, Raionul Briceni, Moldova","address":{"town":"Lipcani","district":"Raionul Briceni","ISO3166-2-lvl4":"MD-BR","country":"Moldova","country_code":"md"},"population":5000,"osm_type":"node","osm_id":283838177,"type":"town","location":[26.8077363,48.2649946],"bbox":[26.7677363,48.2249946,26.8477363,48.3049946],"border":[{"name":"Lipcani","other_names":{"name:md":"Липкань","name:pl":"Lipkany","name:ru":"Липканы","name:uk":"Липкани"},"display_name":"Lipcani, Raionul Briceni, MD-4706, Moldova","address":{"town":"Lipcani","district":"Raionul Briceni","ISO3166-2-lvl4":"MD-BR","postcode":"MD-4706","country":"Moldova","country_code":"md"},"population":5000,"osm_type":"relation","osm_id":19034078,"type":"administrative","location":[26.8077363,48.2649946],"bbox":[26.7581386,48.2478402,26.8303289,48.3023602]},{"name":"Lipcani","other_names":{"official_name":"orașul Lipcani"},"display_name":"Lipcani, Raionul Briceni, MD-4706, Moldova","address":{"town":"Lipcani","district":"Raionul Briceni","ISO3166-2-lvl4":"MD-BR","postcode":"MD-4706","country":"Moldova","country_code":"md"},"osm_type":"relation","osm_id":18967254,"type":"administrative","location":[26.79691300216881,48.27807060000001],"bbox":[26.7581386,48.2527421,26.8302892,48.3023602]}]}
{"name":"Mărculești","other_names":{"name:ko":"머르쿨레슈티","name:ru":"Маркулешты","name:uk":"Меркулешти"},"display_name":"Mărculești, Raionul Florești, Moldova","address":{"town":"Mărculești","district":"Raionul Florești","ISO3166-2-lvl4":"MD-FL","country":"Moldova","country_code":"md"},"osm_type":"node","osm_id":281158770,"type":"town","location":[28.2415422,47.8693441],"bbox":[28.2015422,47.8293441,28.2815422,47.9093441],"border":{"name":"Mărculești","other_names":{"official_name":"orașul Mărculești"},"display_name":"Mărculești, Raionul Florești, Moldova","address":{"town":"Mărculești","district":"Raionul Florești","ISO3166-2-lvl4":"MD-FL","country":"Moldova","country_code":"md"},"osm_type":"relation","osm_id":18967799,"type":"administrative","location":[28.235422973360727,47.871671250000006],"bbox":[28.2223167,47.8625396,28.2498183,47.880838]}}
{"name":"Nisporeni","other_names":{"name:de":"Nisporeni","name:fr":"Nisporeni","name:pl":"Nisporeny","name:ru":"Ниспорены","name:sr":"Ниспорени","name:uk":"Ніспорени","name:ur":"نیسپورینی","name:hsb":"Nisporeni","name:pnb":"نسپورینی","name:be-tarask":"Ніспарэнь"},"display_name":"Nisporeni, Raionul Nisporeni, Moldova","address":{"town":"Nisporeni","district":"Raionul Nisporeni","ISO3166-2-lvl4":"MD-NI","country":"Moldova","country_code":"md"},"population":14700,"osm_type":"node","osm_id":265099162,"type":"town","location":[28.177842,47.07758],"bbox":[28.137842,47.03758,28.217842,47.11758],"border":[{"name":"Nisporeni","other_names":{"name:de":"Nisporeni","name:fr":"Nisporeni","name:pl":"Nisporeny","name:ru":"Ниспорены","name:sr":"Ниспорени","name:uk":"Ніспорени","name:ur":"نیسپورینی","name:hsb":"Nisporeni","name:pnb":"نسپورینی","name:be-tarask":"Ніспарэнь"},"display_name":"Nisporeni, Raionul Nisporeni, Moldova","address":{"town":"Nisporeni","district":"Raionul Nisporeni","ISO3166-2-lvl4":"MD-NI","country":"Moldova","country_code":"md"},"population":14700,"osm_type":"relation","osm_id":19105113,"type":"administrative","location":[28.177842,47.07758],"bbox":[28.0943224,46.9884087,28.2685364,47.102554]},{"name":"Nisporeni","other_names":{"official_name":"orașul Nisporeni"},"display_name":"Nisporeni, Raionul Nisporeni, Moldova","address":{"town":"Nisporeni","district":"Raionul Nisporeni","ISO3166-2-lvl4":"MD-NI","country":"Moldova","country_code":"md"},"osm_type":"relation","osm_id":18966803,"type":"administrative","location":[28.173239379322393,47.07499895],"bbox":[28.146558,47.0474665,28.2148044,47.102554]}]}
{"name":"Ocnița","other_names":{"name:ko":"오크니차","name:pl":"Oknica","name:ru":"Окница","name:uk":"Окниця","name:zh":"奧克尼察","name:crh":"Oknitsa"},"display_name":"Ocnița, Raionul Ocnița, Moldova","address":{"town":"Ocnița","district":"Raionul Ocnița","ISO3166-2-lvl4":"MD-OC","country":"Moldova","country_code":"md"},"population":9300,"osm_type":"node","osm_id":283852736,"type":"town","location":[27.4788168,48.4103263],"bbox":[27.4388168,48.3703263,27.5188168,48.4503263],"border":[{"name":"Ocnița","other_names":{"name:ko":"오크니차","name:pl":"Oknica","name:ru":"Окница","name:uk":"Окниця","name:zh":"奧克尼察","name:crh":"Oknitsa"},"display_name":"Ocnița, Raionul Ocnița, Moldova","address":{"town":"Ocnița","district":"Raionul Ocnița","ISO3166-2-lvl4":"MD-OC","country":"Moldova","country_code":"md"},"population":9300,"osm_type":"relation","osm_id":19038433,"type":"administrative","location":[27.4788168,48.4103263],"bbox":[27.4471128,48.3968318,27.5006937,48.4305976]},{"name":"Ocnița","other_names":{"official_name":"orașul Ocnița"},"display_name":"Ocnița, Raionul Ocnița, Moldova","address":{"town":"Ocnița","district":"Raionul Ocnița","ISO3166-2-lvl4":"MD-OC","country":"Moldova","country_code":"md"},"osm_type":"relation","osm_id":18967148,"type":"administrative","location":[27.47313824923124,48.4096972],"bbox":[27.4471054,48.3967174,27.5006937,48.4225575]}]}
{"name":"Otaci","other_names":{"name:de":"Otaci","name:ru":"Атаки","old_name:ru":"Атаки","official_name":"Otaci"},"display_name":"Otaci, Raionul Ocnița, Moldova","address":{"town":"Otaci","district":"Raionul Ocnița","ISO3166-2-lvl4":"MD-OC","country":"Moldova","country_code":"md"},"population":8500,"osm_type":"node","osm_id":283853454,"type":"town","location":[27.7916711,48.437605],"bbox":[27.7516711,48.397605,27.8316711,48.477605],"border":[{"name":"Otaci","other_names":{"name:de":"Otaci","name:ru":"Атаки","old_name:ru":"Атаки","official_name":"Otaci"},"display_name":"Otaci, Raionul Ocnița, MD-7106, Moldova","address":{"town":"Otaci","district":"Raionul Ocnița","ISO3166-2-lvl4":"MD-OC","postcode":"MD-7106","country":"Moldova","country_code":"md"},"population":8500,"osm_type":"relation","osm_id":19038444,"type":"administrative","location":[27.7916711,48.437605],"bbox":[27.7413798,48.4180895,27.8016663,48.4580771]},{"name":"Otaci","other_names":{"official_name":"orașul Otaci"},"display_name":"Otaci, Raionul Ocnița, MD-7106, Moldova","address":{"town":"Otaci","district":"Raionul Ocnița","ISO3166-2-lvl4":"MD-OC","postcode":"MD-7106","country":"Moldova","country_code":"md"},"osm_type":"relation","osm_id":18968015,"type":"administrative","location":[27.78191344906028,48.4431296],"bbox":[27.7423311,48.4297102,27.8005769,48.4564919]}]}
{"name":"Rezina","other_names":{"name:ko":"레지나","name:ru":"Резина","name:uk":"Резина","name:be-tarask":"Рэзіна"},"display_name":"Rezina, Raionul Rezina, Moldova","address":{"town":"Rezina","district":"Raionul Rezina","ISO3166-2-lvl4":"MD-RE","country":"Moldova","country_code":"md"},"population":10196,"osm_type":"node","osm_id":4674764082,"type":"town","location":[28.9565739,47.7489209],"bbox":[28.9165739,47.7089209,28.9965739,47.7889209],"border":[{"name":"Rezina","other_names":{"name:ko":"레지나","name:ru":"Резина","name:uk":"Резина","name:be-tarask":"Рэзіна"},"display_name":"Rezina, Raionul Rezina, Moldova","address":{"town":"Rezina","district":"Raionul Rezina","ISO3166-2-lvl4":"MD-RE","country":"Moldova","country_code":"md"},"population":10196,"osm_type":"relation","osm_id":19080849,"type":"administrative","location":[28.9565739,47.7489209],"bbox":[28.8990707,47.7213264,28.9925193,47.8055131]},{"name":"Rezina","other_names":{"official_name":"orașul Rezina"},"display_name":"Rezina, Raionul Rezina, MD-5400, Moldova","address":{"town":"Rezina","district":"Raionul Rezina","ISO3166-2-lvl4":"MD-RE","postcode":"MD-5400","country":"Moldova","country_code":"md"},"osm_type":"relation","osm_id":18967202,"type":"administrative","location":[28.95101460901592,47.74905485],"bbox":[28.9328727,47.736938,28.9800693,47.7612406]}]}
{"name":"Rîșcani","other_names":{"name:ko":"리슈카니","name:ru":"Рышканы","name:uk":"Ришкани","alt_name":"Râșcani"},"display_name":"Rîșcani, Raionul Rîșcani, Moldova","address":{"town":"Rîșcani","district":"Raionul Rîșcani","ISO3166-2-lvl4":"MD-RI","country":"Moldova","country_code":"md"},"population":14400,"osm_type":"node","osm_id":265099150,"type":"town","location":[27.5514453,47.9535987],"bbox":[27.5114453,47.9135987,27.5914453,47.9935987],"border":[{"name":"Rîșcani","other_names":{"name:ru":"Рышканы","name:uk":"Ришкани"},"display_name":"Rîșcani, Raionul Rîșcani, MD-5600, Moldova","address":{"town":"Rîșcani","district":"Raionul Rîșcani","ISO3166-2-lvl4":"MD-RI","postcode":"MD-5600","country":"Moldova","country_code":"md"},"osm_type":"relation","osm_id":7923776,"type":"town","location":[27.554267713949464,47.9561169],"bbox":[27.5285872,47.9385706,27.5791259,47.9724598]},{"name":"Rîșcani","other_names":{"name:ko":"리슈카니","name:ru":"Рышканы","name:uk":"Ришкани","alt_name":"Râșcani"},"display_name":"Rîșcani, Raionul Rîșcani, Moldova","address":{"town":"Rîșcani","district":"Raionul Rîșcani","ISO3166-2-lvl4":"MD-RI","country":"Moldova","country_code":"md"},"population":14400,"osm_type":"relation","osm_id":19045242,"type":"administrative","location":[27.5514453,47.9535987],"bbox":[27.4775077,47.9313938,27.6511605,48.0111714]},{"name":"Rîșcani","other_names":{"official_name":"orașul Rîșcani"},"display_name":"Rîșcani, Raionul Rîșcani, MD-5600, Moldova","address":{"town":"Rîșcani","district":"Raionul Rîșcani","ISO3166-2-lvl4":"MD-RI","postcode":"MD-5600","country":"Moldova","country_code":"md"},"osm_type":"relation","osm_id":18968118,"type":"administrative","location":[27.55510831581656,47.95595485],"bbox":[27.5290152,47.9386572,27.5797806,47.9729863]}]}
{"name":"Sîngera","other_names":{"name:ru":"Сынжера"},"display_name":"Sîngera, municipiul Chișinău, Moldova","address":{"town":"Sîngera","municipality":"municipiul Chișinău","ISO3166-2-lvl4":"MD-CU","country":"Moldova","country_code":"md"},"population":12000,"osm_type":"node","osm_id":273491045,"type":"town","location":[28.9725412,46.9140101],"bbox":[28.9325412,46.8740101,29.0125412,46.9540101],"border":[{"name":"Sîngera","other_names":{"name:en":"Singera","name:ru":"Сынжера","name:uk":"Синжера","official_name":"orașul Sîngera"},"display_name":"Sîngera, municipiul Chișinău, Moldova","address":{"town":"Sîngera","municipality":"municipiul Chișinău","ISO3166-2-lvl4":"MD-CU","country":"Moldova","country_code":"md"},"population":12000,"osm_type":"relation","osm_id":1748491,"type":"administrative","location":[28.9725412,46.9140101],"bbox":[28.9368726,46.8581006,29.0349753,46.9355533]},{"name":"Sîngera","other_names":{"official_name":"orașul Sîngera"},"display_name":"Sîngera, municipiul Chișinău, MD-2091, Moldova","address":{"town":"Sîngera","municipality":"municipiul Chișinău","ISO3166-2-lvl4":"MD-CU","postcode":"MD-2091","country":"Moldova","country_code":"md"},"osm_type":"relation","osm_id":18968179,"type":"administrative","location":[28.968058657077936,46.9135988],"bbox":[28.941142,46.8927625,29.0219963,46.9264242]}]}
{"name":"Sîngerei","other_names":{"name:ru":"Сынжерей"},"display_name":"Sîngerei, Raionul Sîngerei, Moldova","address":{"town":"Sîngerei","district":"Raionul Sîngerei","ISO3166-2-lvl4":"MD-SI","country":"Moldova","country_code":"md"},"population":15300,"osm_type":"node","osm_id":265099156,"type":"town","location":[28.1455434,47.636085],"bbox":[28.1055434,47.596085,28.1855434,47.676085],"border":[{"name":"Sîngerei","other_names":{"name:ru":"Сынжерей"},"display_name":"Sîngerei, Raionul Sîngerei, Moldova","address":{"town":"Sîngerei","district":"Raionul Sîngerei","ISO3166-2-lvl4":"MD-SI","country":"Moldova","country_code":"md"},"population":15300,"osm_type":"relation","osm_id":19076878,"type":"administrative","location":[28.1455434,47.636085],"bbox":[28.0660437,47.591764,28.208727,47.7077528]},{"name":"Sîngerei","other_names":{"official_name":"orașul Sîngerei"},"display_name":"Sîngerei, Raionul Sîngerei, MD-6201, Moldova","address":{"town":"Sîngerei","district":"Raionul Sîngerei","ISO3166-2-lvl4":"MD-SI","postcode":"MD-6201","country":"Moldova","country_code":"md"},"osm_type":"relation","osm_id":18967210,"type":"administrative","location":[28.140170764354643,47.633065450000004],"bbox":[28.0962245,47.6178826,28.178814,47.6481557]}]}
{"name":"Șoldănești","other_names":{"name:ko":"숄더네슈티","name:lt":"Šoldeneštis","name:ru":"Шолданешты"},"display_name":"Șoldănești, Raionul Șoldănești, Moldova","address":{"town":"Șoldănești","district":"Raionul Șoldănești","ISO3166-2-lvl4":"MD-SD","country":"Moldova","country_code":"md"},"population":7600,"osm_type":"node","osm_id":265099153,"type":"town","location":[28.793231,47.8135624],"bbox":[28.753231,47.7735624,28.833231,47.8535624],"border":[{"name":"Șoldănești","other_names":{"name:ko":"숄더네슈티","name:lt":"Šoldeneštis","name:ru":"Шолданешты"},"display_name":"Șoldănești, Raionul Șoldănești, MD-7201, Moldova","address":{"town":"Șoldănești","district":"Raionul Șoldănești","ISO3166-2-lvl4":"MD-SD","postcode":"MD-7201","country":"Moldova","country_code":"md"},"population":7600,"osm_type":"relation","osm_id":19080647,"type":"administrative","location":[28.793231,47.8135624],"bbox":[28.7560419,47.7818755,28.8207037,47.8415435]},{"name":"Șoldănești","other_names":{"official_name":"orașul Șoldănești"},"display_name":"Șoldănești, Raionul Șoldănești, MD-7201, Moldova","address":{"town":"Șoldănești","district":"Raionul Șoldănești","ISO3166-2-lvl4":"MD-SD","postcode":"MD-7201","country":"Moldova","country_code":"md"},"osm_type":"relation","osm_id":18968131,"type":"administrative","location":[28.78903492191626,47.8097759],"bbox":[28.758264,47.7925242,28.8168693,47.8270599]}]}
{"name":"Stăuceni","other_names":{"name:ro":"Stăuceni","name:ru":"Ставчены"},"display_name":"Stăuceni, municipiul Chișinău, MD-4839, Moldova","address":{"town":"Stăuceni","municipality":"municipiul Chișinău","ISO3166-2-lvl4":"MD-CU","postcode":"MD-4839","country":"Moldova","country_code":"md"},"osm_type":"node","osm_id":262632916,"type":"town","location":[28.8683681,47.0957801],"bbox":[28.8283681,47.0557801,28.9083681,47.1357801],"border":[{"name":"Stăuceni","other_names":{"name:en":"Stăuceni","name:ru":"Ставчены","name:uk":"Ставчени","official_name":"orașul Stăuceni","name:ro":"Stăuceni"},"display_name":"Stăuceni, municipiul Chișinău, Moldova","address":{"town":"Stăuceni","municipality":"municipiul Chișinău","ISO3166-2-lvl4":"MD-CU","country":"Moldova","country_code":"md"},"osm_type":"relation","osm_id":1782011,"type":"administrative","location":[28.8683681,47.0957801],"bbox":[28.8308996,47.05983,28.9231209,47.1287033]},{"name":"Stăuceni","other_names":{"official_name":"orașul Stăuceni"},"display_name":"Stăuceni, municipiul Chișinău, MD-4838, Moldova","address":{"town":"Stăuceni","municipality":"municipiul Chișinău","ISO3166-2-lvl4":"MD-CU","postcode":"MD-4838","country":"Moldova","country_code":"md"},"osm_type":"relation","osm_id":18966966,"type":"administrative","location":[28.86880149947034,47.095566250000005],"bbox":[28.8309029,47.0679447,28.8813199,47.1125272]}]}
{"name":"Ștefan Vodă","other_names":{"name:de":"Ștefan Vodă","name:en":"Ștefan Vodă","name:es":"Ștefan Vodă","name:fr":"Ștefan Vodă","name:it":"Ștefan Vodă","name:ko":"슈테판보데","name:pt":"Ștefan Vodă","name:ro":"Ștefan Vodă","name:ru":"Штефан-Водэ","name:uk":"Штефан-Воде","old_name":"Suvorovo","old_name:de":"Kizil","old_name:ru":"Суворово","old_name:1884-1964":"Kizil"},"display_name":"Ștefan Vodă, Raionul Ștefan Vodă, Moldova","address":{"town":"Ștefan Vodă","district":"Raionul Ștefan Vodă","ISO3166-2-lvl4":"MD-SV","country":"Moldova","country_code":"md"},"population":8700,"osm_type":"node","osm_id":265099169,"type":"town","location":[29.6621136,46.5156075],"bbox":[29.6221136,46.4756075,29.7021136,46.5556075],"border":[{"name":"Ștefan Vodă","other_names":{"name:ru":"Штефан-Водэ","name:uk":"Штефан-Воде","name:de":"Ștefan Vodă","name:en":"Ștefan Vodă","name:es":"Ștefan Vodă","name:fr":"Ștefan Vodă","name:it":"Ștefan Vodă","name:ko":"슈테판보데","name:pt":"Ștefan Vodă","name:ro":"Ștefan Vodă","old_name":"Suvorovo","old_name:de":"Kizil","old_name:ru":"Суворово","old_name:1884-1964":"Kizil"},"display_name":"Ștefan Vodă, Raionul Ștefan Vodă, MD-4201, Moldova","address":{"town":"Ștefan Vodă","district":"Raionul Ștefan Vodă","ISO3166-2-lvl4":"MD-SV","postcode":"MD-4201","country":"Moldova","country_code":"md"},"population":8700,"osm_type":"relation","osm_id":1706633,"type":"administrative","location":[29.6621136,46.5156075],"bbox":[29.6016797,46.4787936,29.6874208,46.5386903]},{"name":"Ștefan Vodă","other_names":{"official_name":"orașul Ștefan Vodă"},"display_name":"Ștefan Vodă, Raionul Ștefan Vodă, MD-4201, Moldova","address":{"town":"Ștefan Vodă","district":"Raionul Ștefan Vodă","ISO3166-2-lvl4":"MD-SV","postcode":"MD-4201","country":"Moldova","country_code":"md"},"osm_type":"relation","osm_id":18967323,"type":"administrative","location":[29.66449730465319,46.5160024],"bbox":[29.6453737,46.4995217,29.6756918,46.532527]}]}
{"name":"Taraclia","other_names":{"name:bg":"Тараклия","name:ko":"타라클리야","name:lt":"Taraklija","name:ro":"Taraclia","name:ru":"Тараклия","name:uk":"Тараклія","name:gag":"Taraklı","alt_name:de":"Taraklija","alt_name:en":"Tarakliya"},"display_name":"Taraclia, Raionul Taraclia, Moldova","address":{"town":"Taraclia","district":"Raionul Taraclia","ISO3166-2-lvl4":"MD-TA","country":"Moldova","country_code":"md"},"population":21768,"osm_type":"node","osm_id":265099180,"type":"town","location":[28.6687069,45.8979764],"bbox":[28.6287069,45.8579764,28.7087069,45.9379764],"border":[{"name":"Taraclia","other_names":{"name:bg":"Тараклия","name:ko":"타라클리야","name:lt":"Taraklija","name:ro":"Taraclia","name:ru":"Тараклия","name:uk":"Тараклія","name:gag":"Taraklı","alt_name:de":"Taraklija","alt_name:en":"Tarakliya"},"display_name":"Taraclia, Raionul Taraclia, Moldova","address":{"town":"Taraclia","district":"Raionul Taraclia","ISO3166-2-lvl4":"MD-TA","country":"Moldova","country_code":"md"},"population":21768,"osm_type":"relation","osm_id":19118037,"type":"administrative","location":[28.6687069,45.8979764],"bbox":[28.5913395,45.8576544,28.7687346,45.9652565]},{"name":"Taraclia","other_names":{"official_name":"orașul Taraclia"},"display_name":"Taraclia, Raionul Taraclia, Moldova","address":{"town":"Taraclia","district":"Raionul Taraclia","ISO3166-2-lvl4":"MD-TA","country":"Moldova","country_code":"md"},"osm_type":"relation","osm_id":18967127,"type":"administrative","location":[28.669947218078548,45.8999932],"bbox":[28.627421,45.8679967,28.6951798,45.9318902]}]}
{"name":"Telenești","other_names":{"name:lt":"Teleneštis","name:ru":"Теленешть","int_name":"Telenesti","old_name:ru":"Теленешты"},"display_name":"Telenești, Raionul Telenești, Moldova","address":{"town":"Telenești","district":"Raionul Telenești","ISO3166-2-lvl4":"MD-TE","country":"Moldova","country_code":"md"},"population":9800,"osm_type":"node","osm_id":265099158,"type":"town","location":[28.3638314,47.5030998],"bbox":[28.3238314,47.4630998,28.4038314,47.5430998],"border":[{"name":"Telenești","other_names":{"name:lt":"Teleneštis","name:ru":"Теленешть","int_name":"Telenesti","old_name:ru":"Теленешты"},"display_name":"Telenești, Raionul Telenești, MD-5801, Moldova","address":{"town":"Telenești","district":"Raionul Telenești","ISO3166-2-lvl4":"MD-TE","postcode":"MD-5801","country":"Moldova","country_code":"md"},"population":9800,"osm_type":"relation","osm_id":19082833,"type":"administrative","location":[28.3638314,47.5030998],"bbox":[28.3001338,47.4718839,28.3886231,47.5681637]},{"name":"Telenești","other_names":{"official_name":"orașul Telenești"},"display_name":"Telenești, Raionul Telenești, MD-5801, Moldova","address":{"town":"Telenești","district":"Raionul Telenești","ISO3166-2-lvl4":"MD-TE","postcode":"MD-5801","country":"Moldova","country_code":"md"},"osm_type":"relation","osm_id":18967982,"type":"administrative","location":[28.36531359791877,47.49910975],"bbox":[28.3363269,47.486478,28.3879003,47.5239565]}]}
{"name":"Tvardița","other_names":{"name:bg":"Твърдица","name:ko":"트바르디차","name:ro":"Tvardița","name:ru":"Твардица","name:uk":"Твардіца"},"display_name":"Tvardița, Raionul Taraclia, Moldova","address":{"town":"Tvardița","district":"Raionul Taraclia","ISO3166-2-lvl4":"MD-TA","country":"Moldova","country_code":"md"},"population":5843,"osm_type":"node","osm_id":274072415,"type":"town","location":[28.9660834,46.1539606],"bbox":[28.9260834,46.1139606,29.0060834,46.1939606],"border":[{"name":"Tvardița","other_names":{"name:bg":"Твърдица","name:ko":"트바르디차","name:ro":"Tvardița","name:ru":"Твардица","name:uk":"Твардіца"},"display_name":"Tvardița, Raionul Taraclia, MD-7422, Moldova","address":{"town":"Tvardița","district":"Raionul Taraclia","ISO3166-2-lvl4":"MD-TA","postcode":"MD-7422","country":"Moldova","country_code":"md"},"population":5843,"osm_type":"relation","osm_id":19118046,"type":"administrative","location":[28.9660834,46.1539606],"bbox":[28.9157822,46.093734,29.0671142,46.2320448]},{"name":"Tvardița","other_names":{"official_name":"orașul Tvardița"},"display_name":"Tvardița, Raionul Taraclia, MD-7422, Moldova","address":{"town":"Tvardița","district":"Raionul Taraclia","ISO3166-2-lvl4":"MD-TA","postcode":"MD-7422","country":"Moldova","country_code":"md"},"osm_type":"relation","osm_id":18967695,"type":"administrative","location":[28.965805439402644,46.152847949999995],"bbox":[28.9521982,46.1286785,28.9809178,46.1767514]}]}
{"name":"Vadul lui Vodă","other_names":{"name:ja":"バドゥ・ルイ・ボダ","name:ka":"ვადულ-ლუი-ვოდე","name:ko":"바둘루이보더","name:ru":"Вадул-луй-Водэ"},"display_name":"Vadul lui Vodă, municipiul Chișinău, MD-2046, Moldova","address":{"town":"Vadul lui Vodă","municipality":"municipiul Chișinău","ISO3166-2-lvl4":"MD-CU","postcode":"MD-2046","country":"Moldova","country_code":"md"},"population":5000,"osm_type":"node","osm_id":346826203,"type":"town","location":[29.0797876,47.0878452],"bbox":[29.0397876,47.0478452,29.1197876,47.1278452],"border":[{"name":"Vadul lui Vodă","other_names":{"name:en":"Vadul lui Voda","name:ja":"バドゥ・ルイ・ボダ","name:ru":"Вадул-луй-Водэ","name:uk":"Вадул-луй-Воде","official_name":"orașul Vadul lui Vodă","name:ka":"ვადულ-ლუი-ვოდე","name:ko":"바둘루이보더"},"display_name":"Vadul lui Vodă, municipiul Chișinău, MD-2046, Moldova","address":{"town":"Vadul lui Vodă","municipality":"municipiul Chișinău","ISO3166-2-lvl4":"MD-CU","postcode":"MD-2046","country":"Moldova","country_code":"md"},"population":5000,"osm_type":"relation","osm_id":1752811,"type":"administrative","location":[29.0797876,47.0878452],"bbox":[29.0232221,47.0582908,29.1236328,47.1159826]},{"name":"Vadul lui Vodă","other_names":{"official_name":"orașul Vadul lui Vodă"},"display_name":"Vadul lui Vodă, municipiul Chișinău, MD-2046, Moldova","address":{"town":"Vadul lui Vodă","municipality":"municipiul Chișinău","ISO3166-2-lvl4":"MD-CU","postcode":"MD-2046","country":"Moldova","country_code":"md"},"osm_type":"relation","osm_id":18968190,"type":"administrative","location":[29.07251373103524,47.0934211],"bbox":[29.062168,47.0741518,29.0904038,47.1032705]}]}
{"name":"Vatra","other_names":{"name:en":"Vatra","name:ko":"바트라","name:ru":"Ватра","name:uk":"Ватра","old_name":"Гидигич"},"display_name":"Vatra, municipiul Chișinău, Moldova","address":{"town":"Vatra","municipality":"municipiul Chișinău","ISO3166-2-lvl4":"MD-CU","country":"Moldova","country_code":"md"},"population":3400,"osm_type":"node","osm_id":309600918,"type":"town","location":[28.7361331,47.0769942],"bbox":[28.6961331,47.0369942,28.7761331,47.1169942],"border":[{"name":"Vatra","other_names":{"name:en":"Vatra","name:ru":"Ватра","name:uk":"Ватра","official_name":"orașul Vatra","name:ko":"바트라","old_name":"Гидигич"},"display_name":"Vatra, municipiul Chișinău, MD-2055, Moldova","address":{"town":"Vatra","municipality":"municipiul Chișinău","ISO3166-2-lvl4":"MD-CU","postcode":"MD-2055","country":"Moldova","country_code":"md"},"population":3400,"osm_type":"relation","osm_id":1768340,"type":"administrative","location":[28.7361331,47.0769942],"bbox":[28.6619656,47.0682785,28.7563679,47.1383824]},{"name":"Vatra","other_names":{"official_name":"orașul Vatra"},"display_name":"Vatra, municipiul Chișinău, MD-2055, Moldova","address":{"town":"Vatra","municipality":"municipiul Chișinău","ISO3166-2-lvl4":"MD-CU","postcode":"MD-2055","country":"Moldova","country_code":"md"},"osm_type":"relation","osm_id":18968027,"type":"administrative","location":[28.733865915761882,47.076877100000004],"bbox":[28.7246148,47.0684669,28.7561922,47.0850761]}]}
{"name":"Vulcănești","other_names":{"name:bg":"Вулкънещ","name:de":"Wulkaneschty","name:ml":"വുൽക്കനെഷ്ട്","name:pl":"Wułkanieszty","name:ro":"Vulcănești","name:ru":"Вулканешты","alt_name":"Vulcanesti","name:gag":"Valkaneș","alt_name:de":"Wulkaneschty","alt_name:en":"Vulkaneshty","alt_name:pl":"Wulkaneszty","alt_name:ru":"Вулкэнешть","name:gag-cyr":"Валканеш"},"display_name":"Vulcănești, Găgăuzia / Gagauziya / Гагаузия, Moldova","address":{"town":"Vulcănești","region":"Găgăuzia / Gagauziya / Гагаузия","ISO3166-2-lvl4":"MD-GA","country":"Moldova","country_code":"md"},"population":22000,"osm_type":"node","osm_id":273195987,"type":"town","location":[28.4022095,45.6824005],"bbox":[28.3622095,45.6424005,28.4422095,45.7224005],"border":[{"name":"Vulcănești","other_names":{"name:bg":"Вулкънещ","name:de":"Wulkaneschty","name:ml":"വുൽക്കനെഷ്ട്","name:pl":"Wułkanieszty","name:ro":"Vulcănești","name:ru":"Вулканешты","alt_name":"Vulcanesti","name:gag":"Valkaneș","alt_name:de":"Wulkaneschty","alt_name:en":"Vulkaneshty","alt_name:pl":"Wulkaneszty","alt_name:ru":"Вулкэнешть","name:gag-cyr":"Валканеш"},"display_name":"Vulcănești, Găgăuzia / Gagauziya / Гагаузия, Moldova","address":{"town":"Vulcănești","region":"Găgăuzia / Gagauziya / Гагаузия","ISO3166-2-lvl4":"MD-GA","country":"Moldova","country_code":"md"},"population":22000,"osm_type":"relation","osm_id":19117343,"type":"administrative","location":[28.4022095,45.6824005],"bbox":[28.3022307,45.6040811,28.5128647,45.7491429]},{"name":"Vulcănești","other_names":{"official_name":"orașul Vulcănești"},"display_name":"Vulcănești, Găgăuzia / Gagauziya / Гагаузия, Moldova","address":{"town":"Vulcănești","region":"Găgăuzia / Gagauziya / Гагаузия","ISO3166-2-lvl4":"MD-GA","country":"Moldova","country_code":"md"},"osm_type":"relation","osm_id":18967495,"type":"administrative","location":[28.398610314673185,45.68156735],"bbox":[28.3694123,45.6622255,28.4335244,45.7012426]}]}
{"name":"Григориополь","other_names":{"name:be":"Грыгарыёпаль","name:de":"Grigoriopol","name:en":"Grigoriopol","name:hy":"Գրիգորիուպոլ","name:ko":"흐리호리오폴","name:lt":"Grigoriopolis","name:md":"Григориопол","name:pl":"Grigoriopol","name:ro":"Grigoriopol","name:ru":"Григориополь","name:uk":"Григоріополь","int_name":"Grigoriopol"},"display_name":"Григориополь, Григориопольский городской совет, Районул Григориопол / Григориопольский район / Григоріопольський район, Unitățile Administrativ-Teritoriale din Stînga Nistrului, Нистрения / Приднестровье / Придністров'я, Moldova","address":{"town":"Григориополь","state_district":"Районул Григориопол / Григориопольский район / Григоріопольський район","region":"Unitățile Administrativ-Teritoriale din Stînga Nistrului","ISO3166-2-lvl4":"MD-SN","state":"Нистрения / Приднестровье / Придністров'я","country":"Moldova","country_code":"md"},"population":9500,"osm_type":"node","osm_id":278768069,"type":"town","location":[29.2939594,47.1471536],"bbox":[29.2539594,47.1071536,29.3339594,47.1871536],"border":[{"name":"Григориополь","other_names":{"name:be":"Грыгарыёпаль","name:de":"Grigoriopol","name:en":"Grigoriopol","name:hy":"Գրիգորիուպոլ","name:lt":"Grigoriopolis","name:md":"Григориопол","name:pl":"Grigoriopol","name:ro":"Grigoriopol","name:ru":"Григориополь","name:uk":"Григоріополь","int_name":"Grigoriopol"},"display_name":"Григориополь, Районул Григориопол / Григориопольский район / Григоріопольський район, Unitățile Administrativ-Teritoriale din Stînga Nistrului, Нистрения / Приднестровье / Придністров'я, Moldova","address":{"town":"Григориополь","state_district":"Районул Григориопол / Григориопольский район / Григоріопольський район","region":"Unitățile Administrativ-Teritoriale din Stînga Nistrului","ISO3166-2-lvl4":"MD-SN","state":"Нистрения / Приднестровье / Придністров'я","country":"Moldova","country_code":"md"},"osm_type":"relation","osm_id":3287780,"type":"town","location":[29.310030750726355,47.141917500000005],"bbox":[29.2645245,47.1158263,29.3337471,47.1679002]},{"name":"Григориопольский городской совет","other_names":{"name:md":"Советул орэшенеск Григориопол","name:ro":"Sovetul orășenesc Grigoriopol","name:ru":"Григориопольский городской совет","name:uk":"Григоріопольська міська рада","short_name":"Григориополь","official_name":"orașul Grigoriopol","short_name:md":"Григориопол","short_name:ro":"Grigoriopol","short_name:ru":"Григориополь","short_name:uk":"Григоріополь","name:be":"Грыгарыёпаль","name:de":"Grigoriopol","name:en":"Grigoriopol","name:hy":"Գրիգորիուպոլ","name:ko":"흐리호리오폴","name:lt":"Grigoriopolis","name:pl":"Grigoriopol","int_name":"Grigoriopol","alt":"Григориополь","alt:md":"Григориопол","alt:ro":"Grigoriopol","alt:ru":"Григориополь","alt:uk":"Григоріополь"},"display_name":"Григориопольский городской совет, Районул Григориопол / Григориопольский район / Григоріопольський район, Unitățile Administrativ-Teritoriale din Stînga Nistrului, Нистрения / Приднестровье / Придністров'я, MD-4000, Moldova","address":{"town":"Григориопольский городской совет","state_district":"Районул Григориопол / Григориопольский район / Григоріопольський район","region":"Unitățile Administrativ-Teritoriale din Stînga Nistrului","ISO3166-2-lvl4":"MD-SN","state":"Нистрения / Приднестровье / Придністров'я","postcode":"MD-4000","country":"Moldova","country_code":"md"},"population":9500,"osm_type":"relation","osm_id":9301464,"type":"administrative","location":[29.2939594,47.1471536],"bbox":[29.2415702,47.1336541,29.4641984,47.2112328]}]}
{"name":"Днестровск","other_names":{"name:de":"Dnestrowsk","name:en":"Dnestrovsk","name:ko":"드니스트로우스크","name:md":"Днестровск","name:ro":"Dnestrovsc","name:ru":"Днестровск","name:uk":"Дністровськ","alt_name":"Dnestrovsc","int_name":"Dnestrovsk"},"display_name":"Днестровск, Советул орэшенеск Тираспол / Тираспольский городской совет / Тираспольська міська рада, Unitățile Administrativ-Teritoriale din Stînga Nistrului, Нистрения / Приднестровье / Придністров'я, Moldova","address":{"town":"Днестровск","city":"Советул орэшенеск Тираспол / Тираспольский городской совет / Тираспольська міська рада","region":"Unitățile Administrativ-Teritoriale din Stînga Nistrului","ISO3166-2-lvl4":"MD-SN","state":"Нистрения / Приднестровье / Придністров'я","country":"Moldova","country_code":"md"},"population":12382,"osm_type":"node","osm_id":278767851,"type":"town","location":[29.9123271,46.6231077],"bbox":[29.8723271,46.5831077,29.9523271,46.6631077],"border":[{"name":"Днестровск","other_names":{"name:de":"Dnestrowsk","name:en":"Dnestrovsk","name:md":"Днестровск","name:ro":"Dnestrovsc","name:ru":"Днестровск","name:uk":"Дністровськ","alt_name":"Dnestrovsc","int_name":"Dnestrovsk"},"display_name":"Днестровск, Unitățile Administrativ-Teritoriale din Stînga Nistrului, Нистрения / Приднестровье / Придністров'я, MD-3352, Moldova","address":{"town":"Днестровск","region":"Unitățile Administrativ-Teritoriale din Stînga Nistrului","ISO3166-2-lvl4":"MD-SN","state":"Нистрения / Приднестровье / Придністров'я","postcode":"MD-3352","country":"Moldova","country_code":"md"},"population":12382,"osm_type":"relation","osm_id":3108369,"type":"town","location":[29.909081515719986,46.62453645],"bbox":[29.8964689,46.6189445,29.9281028,46.6287922]},{"name":"Днестровск","other_names":{"name:de":"Dnestrowsk","name:en":"Dnestrovsk","name:md":"Днестровск","name:ro":"Dnestrovsc","name:ru":"Днестровск","name:uk":"Дністровськ","short_name":"Dnestrovsk","official_name":"orașul Dnestrovsc","short_name:en":"Dnestrovsk","short_name:ro":"Dnestrovsc","name:ko":"드니스트로우스크","alt_name":"Dnestrovsc","int_name":"Dnestrovsk"},"display_name":"Днестровск, Советул орэшенеск Тираспол / Тираспольский городской совет / Тираспольська міська рада, Unitățile Administrativ-Teritoriale din Stînga Nistrului, Нистрения / Приднестровье / Придністров'я, MD-3352, Moldova","address":{"town":"Днестровск","city":"Советул орэшенеск Тираспол / Тираспольский городской совет / Тираспольська міська рада","region":"Unitățile Administrativ-Teritoriale din Stînga Nistrului","ISO3166-2-lvl4":"MD-SN","state":"Нистрения / Приднестровье / Придністров'я","postcode":"MD-3352","country":"Moldova","country_code":"md"},"population":12382,"osm_type":"relation","osm_id":8290840,"type":"administrative","location":[29.9123271,46.6231077],"bbox":[29.8964689,46.6189445,29.9281028,46.6287922]}]}
{"name":"Дубоссары","other_names":{"name:az":"Dubısari","name:bg":"Дубъсари","name:de":"Dubossary","name:en":"Dubossary","name:fr":"Doubossary","name:ja":"ドゥベサリ","name:ka":"დუბესარი","name:ko":"두보사리","name:md":"Дубэсарь","name:ml":"ഡുബോസാറി","name:pl":"Dubosary","name:ro":"Dubăsari","name:ru":"Дубоссары","name:uk":"Дубоссари","name:yi":"דובאסאר","name:zh":"杜伯薩里","int_name":"Dubăsari"},"display_name":"Дубоссары, Дубоссарский городской совет, Районул Дубэсарь / Дубоссарский район / Дубоссарський район, Unitățile Administrativ-Teritoriale din Stînga Nistrului, Нистрения / Приднестровье / Придністров'я, Moldova","address":{"town":"Дубоссары","city":"Дубоссарский городской совет","state_district":"Районул Дубэсарь / Дубоссарский район / Дубоссарський район","region":"Unitățile Administrativ-Teritoriale din Stînga Nistrului","ISO3166-2-lvl4":"MD-SN","state":"Нистрения / Приднестровье / Придністров'я","country":"Moldova","country_code":"md"},"population":25714,"osm_type":"node","osm_id":278768080,"type":"town","location":[29.1615615,47.26553],"bbox":[29.1215615,47.22553,29.2015615,47.30553],"border":{"name":"Дубоссарский городской совет","other_names":{"name:en":"Dubăsari town council","name:md":"Советул орэшенеск Дубэсарь","name:ro":"Sovetul orășenesc Dubăsari","name:ru":"Дубоссарский городской совет","name:uk":"Дубосарська міська рада","short_name":"Дубоссары","official_name":"orașul Dubăsari","short_name:de":"Dubossary","short_name:en":"Dubăsari","short_name:md":"Дубэсарь","short_name:ro":"Dubăsari","short_name:ru":"Дубоссары","short_name:uk":"Дубосари","name:az":"Dubısari","name:bg":"Дубъсари","name:de":"Dubossary","name:fr":"Doubossary","name:ja":"ドゥベサリ","name:ka":"დუბესარი","name:ko":"두보사리","name:ml":"ഡുബോസാറി","name:pl":"Dubosary","name:yi":"דובאסאר","name:zh":"杜伯薩里","int_name":"Dubăsari","alt":"Дубоссары","alt:en":"Dubossary","alt:md":"Дубэсарь","alt:ro":"Dubăsari","alt:ru":"Дубоссары","alt:uk":"Дубоссари"},"display_name":"Дубоссарский городской совет, Районул Дубэсарь / Дубоссарский район / Дубоссарський район, Unitățile Administrativ-Teritoriale din Stînga Nistrului, Нистрения / Приднестровье / Придністров'я, MD-4500, Moldova","address":{"city":"Дубоссарский городской совет","state_district":"Районул Дубэсарь / Дубоссарский район / Дубоссарський район","region":"Unitățile Administrativ-Teritoriale din Stînga Nistrului","ISO3166-2-lvl4":"MD-SN","state":"Нистрения / Приднестровье / Придністров'я","postcode":"MD-4500","country":"Moldova","country_code":"md"},"population":25714,"osm_type":"relation","osm_id":9288287,"type":"administrative","location":[29.1615615,47.26553],"bbox":[29.1356538,47.2236208,29.3041953,47.3038396]}}
{"name":"Каменка","other_names":{"name:de":"Kamenka","name:en":"Camenca","name:ko":"카멘카","name:md":"Каменка","name:pl":"Kamionka","name:ro":"Camenca","name:ru":"Каменка","name:uk":"Кам'янка","int_name":"Camenca"},"display_name":"Каменка, Районул Каменка / Каменский район / Кам'янський район, Unitățile Administrativ-Teritoriale din Stînga Nistrului, Нистрения / Приднестровье / Придністров'я, Moldova","address":{"town":"Каменка","state_district":"Районул Каменка / Каменский район / Кам'янський район","region":"Unitățile Administrativ-Teritoriale din Stînga Nistrului","ISO3166-2-lvl4":"MD-SN","state":"Нистрения / Приднестровье / Придністров'я","country":"Moldova","country_code":"md"},"population":9404,"osm_type":"node","osm_id":278775848,"type":"town","location":[28.7042359,48.0321816],"bbox":[28.6642359,47.9921816,28.7442359,48.0721816],"border":{"name":"Каменка","other_names":{"name:en":"Camenca","name:ro":"Camenca","name:ru":"Каменка","name:uk":"Кам'янка","short_name":"Camenca","official_name":"orașul Camenca","short_name:en":"Camenca","short_name:ro":"Camenca","name:de":"Kamenka","name:ko":"카멘카","name:md":"Каменка","name:pl":"Kamionka","int_name":"Camenca"},"display_name":"Каменка, Районул Каменка / Каменский район / Кам'янський район, Unitățile Administrativ-Teritoriale din Stînga Nistrului, Нистрения / Приднестровье / Придністров'я, Moldova","address":{"town":"Каменка","state_district":"Районул Каменка / Каменский район / Кам'янський район","region":"Unitățile Administrativ-Teritoriale din Stînga Nistrului","ISO3166-2-lvl4":"MD-SN","state":"Нистрения / Приднестровье / Придністров'я","country":"Moldova","country_code":"md"},"population":9404,"osm_type":"relation","osm_id":19015110,"type":"administrative","location":[28.7042359,48.0321816],"bbox":[28.6248072,48.0023783,28.7362406,48.0583295]}}
{"name":"Красное","other_names":{"name:be":"Краснае","name:de":"Krasnoje","name:en":"Krasnoe","name:ko":"크라스네","name:md":"Красное","name:ro":"Crasnoe","name:ru":"Красное","name:uk":"Красне","int_name":"Crasnoe"},"display_name":"Красное, Краснянский посёлковый совет, Районул Слобозиа / Слободзейский район / Слободзейський район, Unitățile Administrativ-Teritoriale din Stînga Nistrului, Нистрения / Приднестровье / Придністров'я, Moldova","address":{"town":"Красное","state_district":"Районул Слобозиа / Слободзейский район / Слободзейський район","region":"Unitățile Administrativ-Teritoriale din Stînga Nistrului","ISO3166-2-lvl4":"MD-SN","state":"Нистрения / Приднестровье / Придністров'я","country":"Moldova","country_code":"md"},"population":3353,"osm_type":"node","osm_id":273191580,"type":"town","location":[29.8288743,46.6409687],"bbox":[29.7888743,46.6009687,29.8688743,46.6809687],"border":[{"name":"Красное","other_names":{"name:de":"Krasnoje","name:en":"Krasnoye","name:md":"Красное","name:ro":"Crasnoe","name:ru":"Красное","name:uk":"Красне","int_name":"Crasnoe"},"display_name":"Красное, Районул Слобозиа / Слободзейский район / Слободзейський район, Unitățile Administrativ-Teritoriale din Stînga Nistrului, Нистрения / Приднестровье / Придністров'я, MD-5706, Moldova","address":{"town":"Красное","state_district":"Районул Слобозиа / Слободзейский район / Слободзейський район","region":"Unitățile Administrativ-Teritoriale din Stînga Nistrului","ISO3166-2-lvl4":"MD-SN","state":"Нистрения / Приднестровье / Придністров'я","postcode":"MD-5706","country":"Moldova","country_code":"md"},"population":3553,"osm_type":"relation","osm_id":3248686,"type":"town","location":[29.822633393735163,46.6418563],"bbox":[29.8134375,46.6318175,29.8334196,46.6518845]},{"name":"Краснянский посёлковый совет","other_names":{"name:ro":"Crasnoe","name:ru":"Краснянский посёлковый совет","name:uk":"Краснянська селищна рада","short_name":"Crasnoe","official_name":"orașul Crasnoe","short_name:en":"Crasnoe","short_name:ro":"Crasnoe","name:be":"Краснае","name:de":"Krasnoje","name:en":"Krasnoe","name:ko":"크라스네","name:md":"Красное","int_name":"Crasnoe","alt":"Красное","alt:ru":"Красное","alt:uk":"Красне"},"display_name":"Краснянский посёлковый совет, Районул Слобозиа / Слободзейский район / Слободзейський район, Unitățile Administrativ-Teritoriale din Stînga Nistrului, Нистрения / Приднестровье / Придністров'я, MD-5706, Moldova","address":{"town":"Краснянский посёлковый совет","state_district":"Районул Слобозиа / Слободзейский район / Слободзейський район","region":"Unitățile Administrativ-Teritoriale din Stînga Nistrului","ISO3166-2-lvl4":"MD-SN","state":"Нистрения / Приднестровье / Придністров'я","postcode":"MD-5706","country":"Moldova","country_code":"md"},"population":3353,"osm_type":"relation","osm_id":9679382,"type":"administrative","location":[29.8288743,46.6409687],"bbox":[29.8134375,46.6318175,29.8334196,46.6518845]}]}
{"name":"Маяк","other_names":{"name:de":"Majak","name:en":"Mayak","name:nl":"Maiac","name:ro":"Maiac","name:ru":"Маяк","int_name":"Maiac"},"display_name":"Маяк, Маякский поселковый совет, Районул Григориопол / Григориопольский район / Григоріопольський район, Unitățile Administrativ-Teritoriale din Stînga Nistrului, Нистрения / Приднестровье / Придністров'я, Moldova","address":{"town":"Маяк","state_district":"Районул Григориопол / Григориопольский район / Григоріопольський район","region":"Unitățile Administrativ-Teritoriale din Stînga Nistrului","ISO3166-2-lvl4":"MD-SN","state":"Нистрения / Приднестровье / Придністров'я","country":"Moldova","country_code":"md"},"population":1221,"osm_type":"node","osm_id":278768077,"type":"town","location":[29.3838462,47.238827],"bbox":[29.3438462,47.198827,29.4238462,47.278827],"border":{"name":"Маякский поселковый совет","other_names":{"name:ro":"Maiac","name:ru":"Маякский поселковый совет","name:uk":"Маякська селищна рада","short_name":"Maiac","official_name":"orașul Maiac","short_name:en":"Maiac","short_name:ro":"Maiac","name:de":"Majak","name:en":"Mayak","name:nl":"Maiac","int_name":"Maiac","alt":"Маяк","alt:ru":"Маяк"},"display_name":"Маякский поселковый совет, Районул Григориопол / Григориопольский район / Григоріопольський район, Unitățile Administrativ-Teritoriale din Stînga Nistrului, Нистрения / Приднестровье / Придністров'я, MD-4006, Moldova","address":{"town":"Маякский поселковый совет","state_district":"Районул Григориопол / Григориопольский район / Григоріопольський район","region":"Unitățile Administrativ-Teritoriale din Stînga Nistrului","ISO3166-2-lvl4":"MD-SN","state":"Нистрения / Приднестровье / Придністров'я","postcode":"MD-4006","country":"Moldova","country_code":"md"},"population":1221,"osm_type":"relation","osm_id":8539257,"type":"administrative","location":[29.3838462,47.238827],"bbox":[29.3808335,47.2317211,29.3941344,47.2417171]}}
{"name":"Новотираспольский","other_names":{"name:de":"Nowotiraspolski","name:en":"Novotiraspolskiy","name:ko":"노보티라스폴스키","name:md":"Тирасполул Ноу","name:ro":"Tiraspolul Nou","name:ru":"Новотираспольский","name:uk":"Новотираспольський"},"display_name":"Новотираспольский, Tiraspolul Nou, Советул орэшенеск Тираспол / Тираспольский городской совет / Тираспольська міська рада, Unitățile Administrativ-Teritoriale din Stînga Nistrului, Нистрения / Приднестровье / Придністров'я, Moldova","address":{"town":"Новотираспольский","city":"Советул орэшенеск Тираспол / Тираспольский городской совет / Тираспольська міська рада","region":"Unitățile Administrativ-Teritoriale din Stînga Nistrului","ISO3166-2-lvl4":"MD-SN","state":"Нистрения / Приднестровье / Придністров'я","country":"Moldova","country_code":"md"},"population":1488,"osm_type":"node","osm_id":2989159624,"type":"town","location":[29.5664111,46.8301802],"bbox":[29.5264111,46.7901802,29.6064111,46.8701802],"border":{"name":"Tiraspolul Nou","other_names":{"name:en":"Tiraspolul Nou","name:ro":"Tiraspolul Nou","name:ru":"Новый Тирасполь","short_name":"Tiraspolul Nou","official_name":"orașul Tiraspolul Nou","short_name:en":"Tiraspolul Nou","short_name:ro":"Tiraspolul Nou","name:de":"Nowotiraspolski","name:ko":"노보티라스폴스키","name:md":"Тирасполул Ноу","name:uk":"Новотираспольський","alt":"Новотираспольский","alt:en":"Novotiraspolskiy","alt:ru":"Новотираспольский"},"display_name":"Tiraspolul Nou, Советул орэшенеск Тираспол / Тираспольский городской совет / Тираспольська міська рада, Unitățile Administrativ-Teritoriale din Stînga Nistrului, Нистрения / Приднестровье / Придністров'я, Moldova","address":{"town":"Tiraspolul Nou","city":"Советул орэшенеск Тираспол / Тираспольский городской совет / Тираспольська міська рада","region":"Unitățile Administrativ-Teritoriale din Stînga Nistrului","ISO3166-2-lvl4":"MD-SN","state":"Нистрения / Приднестровье / Придністров'я","country":"Moldova","country_code":"md"},"population":1488,"osm_type":"relation","osm_id":18941889,"type":"administrative","location":[29.5664111,46.8301802],"bbox":[29.5453684,46.8150604,29.5974066,46.8454226]}}
{"name":"Первомайск","other_names":{"name:de":"Perwomaisk","name:en":"Pervomaisk","name:ko":"페르보마이스크","name:md":"Первомайск","name:ro":"Pervomaisc","name:ru":"Первомайск","name:uk":"Первомайськ","int_name":"Pervomaisc"},"display_name":"Первомайск, Первомайский поселковый совет, Районул Слобозиа / Слободзейский район / Слободзейський район, Unitățile Administrativ-Teritoriale din Stînga Nistrului, Нистрения / Приднестровье / Придністров'я, Moldova","address":{"town":"Первомайск","municipality":"Первомайский поселковый совет","state_district":"Районул Слобозиа / Слободзейский район / Слободзейський район","region":"Unitățile Administrativ-Teritoriale din Stînga Nistrului","ISO3166-2-lvl4":"MD-SN","state":"Нистрения / Приднестровье / Придністров'я","country":"Moldova","country_code":"md"},"population":4434,"osm_type":"node","osm_id":278767899,"type":"town","location":[29.954471,46.7316295],"bbox":[29.914471,46.6916295,29.994471,46.7716295],"border":{"name":"Первомайский поселковый совет","other_names":{"name:ro":"Pervomaisc","name:ru":"Первомайский поселковый совет","name:uk":"Первомайська селищна рада","short_name":"Pervomaisk","alt_name:uk":"Першотравнева селищна рада","official_name":"Первомайский поселковый совет","short_name:ro":"Pervomaisc","name:de":"Perwomaisk","name:en":"Pervomaisk","name:ko":"페르보마이스크","name:md":"Первомайск","int_name":"Pervomaisc","alt":"Первомайск","alt:ru":"Первомайск","alt:uk":"Первомайськ"},"display_name":"Первомайский поселковый совет, Районул Слобозиа / Слободзейский район / Слободзейський район, Unitățile Administrativ-Teritoriale din Stînga Nistrului, Нистрения / Приднестровье / Придністров'я, MD-5724, Moldova","address":{"municipality":"Первомайский поселковый совет","state_district":"Районул Слобозиа / Слободзейский район / Слободзейський район","region":"Unitățile Administrativ-Teritoriale din Stînga Nistrului","ISO3166-2-lvl4":"MD-SN","state":"Нистрения / Приднестровье / Придністров'я","postcode":"MD-5724","country":"Moldova","country_code":"md"},"population":4434,"osm_type":"relation","osm_id":8290877,"type":"administrative","location":[29.954471,46.7316295],"bbox":[29.7335577,46.6983878,29.9752263,46.8453111]}}
{"name":"Слободзея","other_names":{"name:de":"Slobozia","name:en":"Slobozia","name:ko":"슬로보제야","name:md":"Слобозия","name:ro":"Slobozia","name:ru":"Слободзея","name:uk":"Слободзея","int_name":"Slobozia"},"display_name":"Слободзея, Слободзейский городской совет, Районул Слобозиа / Слободзейский район / Слободзейський район, Unitățile Administrativ-Teritoriale din Stînga Nistrului, Нистрения / Приднестровье / Придністров'я, Moldova","address":{"town":"Слободзея","state_district":"Районул Слобозиа / Слободзейский район / Слободзейський район","region":"Unitățile Administrativ-Teritoriale din Stînga Nistrului","ISO3166-2-lvl4":"MD-SN","state":"Нистрения / Приднестровье / Придністров'я","country":"Moldova","country_code":"md"},"population":16062,"osm_type":"node","osm_id":273185788,"type":"town","location":[29.7087054,46.7276351],"bbox":[29.6687054,46.6876351,29.7487054,46.7676351],"border":[{"name":"Слободзея","other_names":{"name:de":"Slobozia","name:en":"Slobozia","name:md":"Слобозия","name:ro":"Slobozia","name:ru":"Слободзея","name:uk":"Слободзея"},"display_name":"Слободзея, Слободзейский городской совет, Районул Слобозиа / Слободзейский район / Слободзейський район, Unitățile Administrativ-Teritoriale din Stînga Nistrului, Нистрения / Приднестровье / Придністров'я, Moldova","address":{"town":"Слободзея","state_district":"Районул Слобозиа / Слободзейский район / Слободзейський район","region":"Unitățile Administrativ-Teritoriale din Stînga Nistrului","ISO3166-2-lvl4":"MD-SN","state":"Нистрения / Приднестровье / Придністров'я","country":"Moldova","country_code":"md"},"osm_type":"way","osm_id":197239099,"type":"town","location":[29.703490901895975,46.726879350000004],"bbox":[29.6709564,46.6938684,29.7397944,46.7599138]},{"name":"Слободзейский городской совет","other_names":{"name:en":"Slobozia town council","name:md":"Советул орэшенеск дин Слобозия","name:ro":"Sovietul orășenesc din Slobozia","name:ru":"Слободзейский городской совет","name:uk":"Слободзейська міська рада","short_name":"Slobozia","official_name":"orașul Slobozia","short_name:en":"Slobozia","short_name:ro":"Slobozia","name:de":"Slobozia","name:ko":"슬로보제야","int_name":"Slobozia","alt":"Слободзея","alt:en":"Slobozia","alt:md":"Слобозия","alt:ro":"Slobozia","alt:ru":"Слободзея","alt:uk":"Слободзея"},"display_name":"Слободзейский городской совет, Районул Слобозиа / Слободзейский район / Слободзейський район, Unitățile Administrativ-Teritoriale din Stînga Nistrului, Нистрения / Приднестровье / Придністров'я, Moldova","address":{"town":"Слободзейский городской совет","state_district":"Районул Слобозиа / Слободзейский район / Слободзейський район","region":"Unitățile Administrativ-Teritoriale din Stînga Nistrului","ISO3166-2-lvl4":"MD-SN","state":"Нистрения / Приднестровье / Придністров'я","country":"Moldova","country_code":"md"},"population":16062,"osm_type":"relation","osm_id":8289751,"type":"administrative","location":[29.7087054,46.7276351],"bbox":[29.6664502,46.6800886,29.9066455,46.7967158]}]}
{"name":"Чобручи","other_names":{"name:de":"Tschobrutschi","name:en":"Chobruchi","name:md":"Чобурчиу","name:ro":"Cioburciu","name:ru":"Чобручи","name:uk":"Чобручі"},"display_name":"Чобручи, Чобручский сельский совет, Районул Слобозиа / Слободзейский район / Слободзейський район, Unitățile Administrativ-Teritoriale din Stînga Nistrului, Нистрения / Приднестровье / Придністров'я, MD-5715, Moldova","address":{"town":"Чобручи","village":"Чобручский сельский совет","state_district":"Районул Слобозиа / Слободзейский район / Слободзейський район","region":"Unitățile Administrativ-Teritoriale din Stînga Nistrului","ISO3166-2-lvl4":"MD-SN","state":"Нистрения / Приднестровье / Придністров'я","postcode":"MD-5715","country":"Moldova","country_code":"md"},"population":7176,"osm_type":"way","osm_id":197239098,"type":"town","location":[29.74587534457188,46.686941000000004],"bbox":[29.7198591,46.6706063,29.7744048,46.702534]}
