{"name":"Bangar","other_names":{"name:ja":"バンガル","name:ms":"Bangar","name:zh":"邦阿"},"display_name":"Bangar, Temburong, PD1951, Brunei","address":{"town":"Bangar","district":"Temburong","ISO3166-2-lvl4":"BN-TE","postcode":"PD1951","country":"Brunei","country_code":"bn"},"osm_type":"node","osm_id":1699103550,"type":"town","location":[115.0724439,4.7076478],"bbox":[115.0324439,4.6676478,115.1124439,4.7476478]}
{"name":"Kuala Belait","other_names":{"name:en":"Kuala Belait","name:ms":"Kuala Belait","name:uk":"Куала-Белайт","name:zh":"瓜拉马来奕","name:zh-Hans":"瓜拉马来奕","name:zh-Hant":"瓜拉馬來奕"},"display_name":"Kuala Belait, Mukim Kuala Belait, Belait, Brunei","address":{"town":"Kuala Belait","subdistrict":"Mukim Kuala Belait","district":"Belait","ISO3166-2-lvl4":"BN-BE","country":"Brunei","country_code":"bn"},"population":31178,"osm_type":"node","osm_id":1013092342,"type":"town","location":[114.1932373,4.5845101],"bbox":[114.1532373,4.5445101,114.2332373,4.6245101],"border":{"name":"Kuala Belait","other_names":{"name:ms":"Kuala Belait","name:uk":"Куала-Белайт","official_name":"Pekan Kuala Belait","name:en":"Kuala Belait","name:zh":"瓜拉马来奕","name:zh-Hans":"瓜拉马来奕","name:zh-Hant":"瓜拉馬來奕"},"display_name":"Kuala Belait, Mukim Kuala Belait, Belait, Brunei","address":{"town":"Kuala Belait","subdistrict":"Mukim Kuala Belait","district":"Belait","ISO3166-2-lvl4":"BN-BE","country":"Brunei","country_code":"bn"},"population":31178,"osm_type":"relation","osm_id":7411520,"type":"administrative","location":[114.1932373,4.5845101],"bbox":[114.182254,4.5525113,114.2568287,4.5986534]}}
{"name":"Lambak Kanan","display_name":"Lambak Kanan, Mukim Berakas B, Brunei-Muara, Brunei","address":{"town":"Lambak Kanan","subdistrict":"Mukim Berakas B","district":"Brunei-Muara","ISO3166-2-lvl4":"BN-BM","country":"Brunei","country_code":"bn"},"osm_type":"node","osm_id":5934824452,"type":"town","location":[114.9661295,4.9721244],"bbox":[114.9261295,4.9321244,115.0061295,5.0121244],"border":{"name":"Lambak Kanan","display_name":"Lambak Kanan, Mukim Berakas B, Brunei-Muara, Brunei","address":{"town":"Lambak Kanan","subdistrict":"Mukim Berakas B","district":"Brunei-Muara","ISO3166-2-lvl4":"BN-BM","country":"Brunei","country_code":"bn"},"osm_type":"relation","osm_id":8748817,"type":"administrative","location":[114.9661295,4.9721244],"bbox":[114.9501279,4.9559791,114.9823449,4.9942303]}}
{"name":"Lambak","display_name":"Lambak, Mukim Berakas A, Brunei-Muara, Brunei","address":{"town":"Lambak","subdistrict":"Mukim Berakas A","district":"Brunei-Muara","ISO3166-2-lvl4":"BN-BM","country":"Brunei","country_code":"bn"},"osm_type":"node","osm_id":5934637149,"type":"town","location":[114.9461528,4.968644],"bbox":[114.9061528,4.928644,114.9861528,5.008644],"border":{"name":"Lambak","other_names":{"name:ms":"Lambak","official_name":"Kampung Lambak"},"display_name":"Lambak, Mukim Berakas A, Brunei-Muara, Brunei","address":{"town":"Lambak","subdistrict":"Mukim Berakas A","district":"Brunei-Muara","ISO3166-2-lvl4":"BN-BM","country":"Brunei","country_code":"bn"},"osm_type":"relation","osm_id":8748559,"type":"administrative","location":[114.9461528,4.968644],"bbox":[114.9300789,4.9529763,114.9601003,4.9864477]}}
{"name":"Muara","other_names":{"name:en":"Muara Town","name:ja":"ムアラ","name:ms":"Pekan Muara","name:zh":"摩拉","name:zh-Hans":"摩拉","name:zh-Hant":"摩拉","official_name":"Pekan Muara"},"display_name":"Muara, Mukim Serasa, Brunei-Muara, Brunei","address":{"town":"Muara","subdistrict":"Mukim Serasa","district":"Brunei-Muara","ISO3166-2-lvl4":"BN-BM","country":"Brunei","country_code":"bn"},"population":16242,"osm_type":"node","osm_id":369493516,"type":"town","location":[115.0702263,5.0262617],"bbox":[115.0302263,4.9862617,115.1102263,5.0662617],"border":{"name":"Muara","other_names":{"name:en":"Muara Town","name:ms":"Pekan Muara","name:ja":"ムアラ","name:zh":"摩拉","name:zh-Hans":"摩拉","name:zh-Hant":"摩拉","official_name":"Pekan Muara"},"display_name":"Muara, Mukim Serasa, Brunei-Muara, BT1128, Brunei","address":{"town":"Muara","subdistrict":"Mukim Serasa","district":"Brunei-Muara","ISO3166-2-lvl4":"BN-BM","postcode":"BT1128","country":"Brunei","country_code":"bn"},"population":16242,"osm_type":"relation","osm_id":8731579,"type":"administrative","location":[115.0702263,5.0262617],"bbox":[115.0618559,5.0183776,115.0933172,5.0402277]}}
{"name":"Sengkurong","display_name":"Sengkurong, Mukim Sengkurong, Brunei-Muara, BG1121, Brunei","address":{"town":"Sengkurong","municipality":"Mukim Sengkurong","district":"Brunei-Muara","ISO3166-2-lvl4":"BN-BM","postcode":"BG1121","country":"Brunei","country_code":"bn"},"osm_type":"node","osm_id":5934613785,"type":"town","location":[114.8411148,4.8873301],"bbox":[114.8011148,4.8473301,114.8811148,4.9273301],"border":{"name":"Sengkurong","other_names":{"name:ms":"Sengkurong","official_name":"Kampung Sengkurong"},"display_name":"Sengkurong, Mukim Sengkurong, Brunei-Muara, Brunei","address":{"town":"Sengkurong","municipality":"Mukim Sengkurong","district":"Brunei-Muara","ISO3166-2-lvl4":"BN-BM","country":"Brunei","country_code":"bn"},"osm_type":"relation","osm_id":8748527,"type":"administrative","location":[114.83565083620238,4.90332105],"bbox":[114.8255408,4.884427,114.8534567,4.9212302]}}
{"name":"Seria","other_names":{"name:zh":"诗里亚","name:zh-Hans":"诗里亚"},"display_name":"Seria, Mukim Seria, Belait, Brunei","address":{"town":"Seria","subdistrict":"Mukim Seria","district":"Belait","ISO3166-2-lvl4":"BN-BE","country":"Brunei","country_code":"bn"},"population":30097,"osm_type":"node","osm_id":1841496285,"type":"town","location":[114.3301832,4.6141594],"bbox":[114.2901832,4.5741594,114.3701832,4.6541594],"border":{"name":"Seria","other_names":{"name:ms":"Seria","alt_name":"Seria Town","official_name":"Pekan Seria","name:zh":"诗里亚","name:zh-Hans":"诗里亚"},"display_name":"Seria, Mukim Seria, Belait, Brunei","address":{"town":"Seria","subdistrict":"Mukim Seria","district":"Belait","ISO3166-2-lvl4":"BN-BE","country":"Brunei","country_code":"bn"},"population":30097,"osm_type":"relation","osm_id":8757975,"type":"administrative","location":[114.3301832,4.6141594],"bbox":[114.3243742,4.6035738,114.3494622,4.6274498]}}
{"display_name":"Temburong, PE2751, Brunei","address":{"district":"Temburong","ISO3166-2-lvl4":"BN-TE","postcode":"PE2751","country":"Brunei","country_code":"bn"},"osm_type":"node","osm_id":11800438173,"type":"town","location":[115.0671836,4.6577303],"bbox":[115.0271836,4.6177303,115.1071836,4.6977303]}
{"name":"Tutong","other_names":{"name:zh":"都东","official_name":"Pekan Tutong"},"display_name":"Tutong, Mukim Pekan Tutong, Tutong, Brunei","address":{"town":"Tutong","subdistrict":"Mukim Pekan Tutong","district":"Tutong","ISO3166-2-lvl4":"BN-TU","country":"Brunei","country_code":"bn"},"population":49438,"osm_type":"node","osm_id":5940019095,"type":"town","location":[114.6594998,4.806672],"bbox":[114.6194998,4.766672,114.6994998,4.846672],"border":{"name":"Tutong","other_names":{"name:en":"Tutong","name:ms":"Tutong","name:zh":"都东","name:zh-Hans":"都东","name:zh-Hant":"都東","official_name":"Pekan Tutong"},"display_name":"Tutong, Mukim Pekan Tutong, Tutong, Brunei","address":{"town":"Tutong","subdistrict":"Mukim Pekan Tutong","district":"Tutong","ISO3166-2-lvl4":"BN-TU","country":"Brunei","country_code":"bn"},"population":49438,"osm_type":"way","osm_id":438248473,"type":"town","location":[114.6594998,4.806672],"bbox":[114.6497154,4.7996721,114.6735546,4.8271372]}}
