{"name":"Amina bofê","display_name":"Amina bofê, Kankan, Guinée","address":{"town":"Amina bofê","state":"Kankan","ISO3166-2-lvl4":"GN-K","country":"Guinée","country_code":"gn"},"osm_type":"node","osm_id":2535979836,"type":"town","location":[-10.0585218,11.7132794],"bbox":[-10.0985218,11.6732794,-10.0185218,11.7532794]}
{"name":"Babila","display_name":"Babila, Préfecture de Kouroussa, Kankan, Guinée","address":{"town":"Babila","county":"Préfecture de Kouroussa","ISO3166-2-lvl6":"GN-KO","state":"Kankan","ISO3166-2-lvl4":"GN-K","country":"Guinée","country_code":"gn"},"osm_type":"node","osm_id":2760769768,"type":"town","location":[-9.6832538,10.6541811],"bbox":[-9.7232538,10.6141811,-9.6432538,10.6941811]}
{"name":"Balandougou","display_name":"Balandougou, Kankan, Guinée","address":{"town":"Balandougou","state":"Kankan","ISO3166-2-lvl4":"GN-K","country":"Guinée","country_code":"gn"},"osm_type":"node","osm_id":11508683055,"type":"town","location":[-9.0170096,12.2810421],"bbox":[-9.0570096,12.2410421,-8.9770096,12.3210421]}
{"name":"Balandougouba","display_name":"Balandougouba, Kankan, Guinée","address":{"town":"Balandougouba","state":"Kankan","ISO3166-2-lvl4":"GN-K","country":"Guinée","country_code":"gn"},"osm_type":"node","osm_id":12662385812,"type":"town","location":[-8.4124352,11.3254028],"bbox":[-8.4524352,11.2854028,-8.3724352,11.3654028],"border":{"name":"Balandougouba","display_name":"Balandougouba, Kankan, Guinée","address":{"town":"Balandougouba","state":"Kankan","ISO3166-2-lvl4":"GN-K","country":"Guinée","country_code":"gn"},"osm_type":"way","osm_id":304943697,"type":"town","location":[-8.4124352,11.3254028],"bbox":[-8.4136001,11.3247492,-8.4120548,11.3261968]}}
{"name":"Balato","display_name":"Balato, Kintinian, Kankan, Guinée","address":{"town":"Balato","state":"Kankan","ISO3166-2-lvl4":"GN-K","country":"Guinée","country_code":"gn"},"osm_type":"node","osm_id":2541023229,"type":"town","location":[-9.3230542,11.5715231],"bbox":[-9.3630542,11.5315231,-9.2830542,11.6115231]}
{"name":"Balato","display_name":"Balato, Préfecture de Kouroussa, Kankan, Guinée","address":{"town":"Balato","county":"Préfecture de Kouroussa","ISO3166-2-lvl6":"GN-KO","state":"Kankan","ISO3166-2-lvl4":"GN-K","country":"Guinée","country_code":"gn"},"osm_type":"node","osm_id":2760769773,"type":"town","location":[-9.5660214,10.7153118],"bbox":[-9.6060214,10.6753118,-9.5260214,10.7553118]}
{"name":"Balizia","display_name":"Balizia, Macenta, Nzérékoré, Guinée","address":{"town":"Balizia","county":"Macenta","ISO3166-2-lvl6":"GN-MC","state":"Nzérékoré","ISO3166-2-lvl4":"GN-N","country":"Guinée","country_code":"gn"},"osm_type":"node","osm_id":462637437,"type":"town","location":[-9.5813454,8.6202243],"bbox":[-9.6213454,8.5802243,-9.5413454,8.6602243]}
{"name":"Banankoro","display_name":"Banankoro, Kankan, Guinée","address":{"town":"Banankoro","state":"Kankan","ISO3166-2-lvl4":"GN-K","country":"Guinée","country_code":"gn"},"osm_type":"node","osm_id":462343048,"type":"town","location":[-9.299787,9.179748],"bbox":[-9.339787,9.139748,-9.259787,9.219748]}
{"name":"Banfélé","other_names":{"name:fr":"Banfélé","alt_name":"Bafélé"},"display_name":"Banfélé, Préfecture de Kouroussa, Kankan, Guinée","address":{"town":"Banfélé","county":"Préfecture de Kouroussa","ISO3166-2-lvl6":"GN-KO","state":"Kankan","ISO3166-2-lvl4":"GN-K","country":"Guinée","country_code":"gn"},"osm_type":"node","osm_id":2521067185,"type":"town","location":[-10.1266116,10.1554098],"bbox":[-10.1666116,10.1154098,-10.0866116,10.1954098]}
{"name":"Banié","other_names":{"name:fr":"Banié","alt_name":"Gbanhié"},"display_name":"Banié, Yomou, Nzérékoré, Guinée","address":{"town":"Banié","county":"Yomou","ISO3166-2-lvl6":"GN-YO","state":"Nzérékoré","ISO3166-2-lvl4":"GN-N","country":"Guinée","country_code":"gn"},"osm_type":"node","osm_id":2595412874,"type":"town","location":[-9.3396443,7.5427018],"bbox":[-9.3796443,7.5027018,-9.2996443,7.5827018]}
{"name":"Banko","display_name":"Banko, Faranah, Guinée","address":{"town":"Banko","state":"Faranah","ISO3166-2-lvl4":"GN-F","country":"Guinée","country_code":"gn"},"osm_type":"node","osm_id":2758768862,"type":"town","location":[-10.7092912,10.7242091],"bbox":[-10.7492912,10.6842091,-10.6692912,10.7642091]}
{"name":"Bankou","display_name":"Bankou, Kankan, Guinée","address":{"village":"Bankou","state":"Kankan","ISO3166-2-lvl4":"GN-K","country":"Guinée","country_code":"gn"},"osm_type":"way","osm_id":296970071,"type":"town","location":[-8.8047615,11.5588762],"bbox":[-8.8098334,11.5511469,-8.8005954,11.5626331]}
{"name":"Banora","display_name":"Banora, Dinguiraye, Faranah, Guinée","address":{"town":"Banora","county":"Dinguiraye","state":"Faranah","ISO3166-2-lvl4":"GN-F","country":"Guinée","country_code":"gn"},"osm_type":"node","osm_id":2535980101,"type":"town","location":[-10.2970052,11.6080136],"bbox":[-10.3370052,11.5680136,-10.2570052,11.6480136]}
{"name":"Baro","display_name":"Baro, Préfecture de Kouroussa, Kankan, Guinée","address":{"town":"Baro","county":"Préfecture de Kouroussa","ISO3166-2-lvl6":"GN-KO","state":"Kankan","ISO3166-2-lvl4":"GN-K","country":"Guinée","country_code":"gn"},"osm_type":"node","osm_id":2760769793,"type":"town","location":[-9.7036358,10.6076675],"bbox":[-9.7436358,10.5676675,-9.6636358,10.6476675]}
{"name":"Baté-Nafadji","other_names":{"name:fr":"Baté-Nafadji","alt_name":"Baté Nafadji","name:man":"ߓߊߕߍ߫ ߣߝߊ߬ߖߌ߫","alt_name_1":"Nafadié","alt_name_2":"Nafadji"},"display_name":"Baté-Nafadji, Kankan, Guinée","address":{"town":"Baté-Nafadji","state":"Kankan","ISO3166-2-lvl4":"GN-K","country":"Guinée","country_code":"gn"},"population":48278,"osm_type":"node","osm_id":2757328344,"type":"town","location":[-9.2485004,10.6597239],"bbox":[-9.2885004,10.6197239,-9.2085004,10.6997239]}
{"name":"Bembétakoura","display_name":"Bembétakoura, Kankan, Guinée","address":{"town":"Bembétakoura","state":"Kankan","ISO3166-2-lvl4":"GN-K","country":"Guinée","country_code":"gn"},"osm_type":"node","osm_id":2442440412,"type":"town","location":[-8.8927852,11.875082],"bbox":[-8.9327852,11.835082,-8.8527852,11.915082]}
{"display_name":"Beyla, Nzérékoré, Guinée","address":{"county":"Beyla","ISO3166-2-lvl6":"GN-BE","state":"Nzérékoré","ISO3166-2-lvl4":"GN-N","country":"Guinée","country_code":"gn"},"osm_type":"node","osm_id":3008280106,"type":"town","location":[-8.7820851,8.7989515],"bbox":[-8.8220851,8.7589515,-8.7420851,8.8389515]}
{"display_name":"Beyla, Nzérékoré, Guinée","address":{"county":"Beyla","ISO3166-2-lvl6":"GN-BE","state":"Nzérékoré","ISO3166-2-lvl4":"GN-N","country":"Guinée","country_code":"gn"},"osm_type":"node","osm_id":3008279872,"type":"town","location":[-8.8381969,8.8388468],"bbox":[-8.8781969,8.7988468,-8.7981969,8.8788468]}
{"name":"Beyla","other_names":{"name:fr":"Beyla","name:ru":"Бейла"},"display_name":"Beyla, Nzérékoré, Guinée","address":{"town":"Beyla","county":"Beyla","ISO3166-2-lvl6":"GN-BE","state":"Nzérékoré","ISO3166-2-lvl4":"GN-N","country":"Guinée","country_code":"gn"},"population":13204,"osm_type":"node","osm_id":2595412878,"type":"town","location":[-8.648345,8.6898481],"bbox":[-8.688345,8.6498481,-8.608345,8.7298481],"border":{"name":"Beyla","other_names":{"name:en":"Beyla Prefecture","name:fr":"Préfecture de Beyla","ISO3166-2":"GN-BE"},"display_name":"Beyla, Nzérékoré, Guinée","address":{"county":"Beyla","ISO3166-2-lvl6":"GN-BE","state":"Nzérékoré","ISO3166-2-lvl4":"GN-N","country":"Guinée","country_code":"gn"},"osm_type":"relation","osm_id":3401811,"type":"administrative","location":[-8.367475476673686,8.909431999999999],"bbox":[-8.955052,8.2319078,-7.6379222,9.5854987]}}
{"name":"Bheeta","other_names":{"name:fr":"Bheeta","alt_name":"Béta"},"display_name":"Bheeta, Yomou, Nzérékoré, Guinée","address":{"town":"Bheeta","county":"Yomou","ISO3166-2-lvl6":"GN-YO","state":"Nzérékoré","ISO3166-2-lvl4":"GN-N","country":"Guinée","country_code":"gn"},"osm_type":"node","osm_id":2595412886,"type":"town","location":[-9.1985321,7.435162],"bbox":[-9.2385321,7.395162,-9.1585321,7.475162]}
{"name":"Bignamou","other_names":{"name:fr":"Bignamou","alt_name":"Gbinianmou;Gbignamou"},"display_name":"Bignamou, Yomou, Nzérékoré, Guinée","address":{"town":"Bignamou","county":"Yomou","ISO3166-2-lvl6":"GN-YO","state":"Nzérékoré","ISO3166-2-lvl4":"GN-N","country":"Guinée","country_code":"gn"},"osm_type":"node","osm_id":2595412898,"type":"town","location":[-9.0782002,7.3417478],"bbox":[-9.1182002,7.3017478,-9.0382002,7.3817478]}
{"name":"Bissikrima","display_name":"Bissikrima, Faranah, Guinée","address":{"town":"Bissikrima","state":"Faranah","ISO3166-2-lvl4":"GN-F","country":"Guinée","country_code":"gn"},"osm_type":"node","osm_id":2522379435,"type":"town","location":[-10.937022,10.853351],"bbox":[-10.977022,10.813351,-10.897022,10.893351]}
{"name":"Boffa","other_names":{"name:fr":"Boffa","name:ru":"Боффа"},"display_name":"Boffa, Boké, Guinée","address":{"town":"Boffa","state":"Boké","ISO3166-2-lvl4":"GN-B","country":"Guinée","country_code":"gn"},"osm_type":"node","osm_id":1847714672,"type":"town","location":[-14.0377043,10.1812281],"bbox":[-14.0777043,10.1412281,-13.9977043,10.2212281]}
{"name":"Bougoula","display_name":"Bougoula, Kankan, Guinée","address":{"village":"Bougoula","state":"Kankan","ISO3166-2-lvl4":"GN-K","country":"Guinée","country_code":"gn"},"osm_type":"way","osm_id":262535903,"type":"town","location":[-8.1392575,10.2731535],"bbox":[-8.1425513,10.2679194,-8.1338605,10.2774277]}
{"name":"Boukaria","display_name":"Boukaria, Kintinian, Kankan, Guinée","address":{"town":"Boukaria","state":"Kankan","ISO3166-2-lvl4":"GN-K","country":"Guinée","country_code":"gn"},"osm_type":"node","osm_id":3042853864,"type":"town","location":[-9.3632371,11.5509463],"bbox":[-9.4032371,11.5109463,-9.3232371,11.5909463]}
{"name":"Bounouma","display_name":"Bounouma, Nzérékoré, Guinée","address":{"town":"Bounouma","county":"Nzérékoré","ISO3166-2-lvl6":"GN-NZ","state":"Nzérékoré","ISO3166-2-lvl4":"GN-N","country":"Guinée","country_code":"gn"},"osm_type":"node","osm_id":476565716,"type":"town","location":[-8.796935,7.63906],"bbox":[-8.836935,7.59906,-8.756935,7.67906]}
{"name":"Bowé","other_names":{"name:fr":"Bowé","alt_name":"Booué"},"display_name":"Bowé, Yomou, Nzérékoré, Guinée","address":{"town":"Bowé","county":"Yomou","ISO3166-2-lvl6":"GN-YO","state":"Nzérékoré","ISO3166-2-lvl4":"GN-N","country":"Guinée","country_code":"gn"},"osm_type":"node","osm_id":2595412883,"type":"town","location":[-9.1660037,7.7830359],"bbox":[-9.2060037,7.7430359,-9.1260037,7.8230359]}
{"name":"Carrefour","display_name":"Carrefour, Kankan, Guinée","address":{"town":"Carrefour","state":"Kankan","ISO3166-2-lvl4":"GN-K","country":"Guinée","country_code":"gn"},"osm_type":"node","osm_id":3045870602,"type":"town","location":[-10.0413286,11.7639718],"bbox":[-10.0813286,11.7239718,-10.0013286,11.8039718]}
{"name":"Colia","other_names":{"name:fr":"Coliah lambanyi centre","alt_name":"Mokefoton"},"display_name":"Colia, Boké, 102137, Guinée","address":{"town":"Colia","state":"Boké","ISO3166-2-lvl4":"GN-B","postcode":"102137","country":"Guinée","country_code":"gn"},"osm_type":"node","osm_id":2925269293,"type":"town","location":[-14.0484645,10.4113325],"bbox":[-14.0884645,10.3713325,-14.0084645,10.4513325]}
{"name":"Coyah","other_names":{"int_name":"Coyah"},"display_name":"Coyah, Kindia, Guinée","address":{"town":"Coyah","state":"Kindia","ISO3166-2-lvl4":"GN-D","country":"Guinée","country_code":"gn"},"osm_type":"node","osm_id":462036776,"type":"town","location":[-13.388956,9.709041],"bbox":[-13.428956,9.669041,-13.348956,9.749041],"border":{"name":"Coyah","other_names":{"name:fr":"Coyah","int_name":"Coyah"},"display_name":"Coyah, Kindia, Guinée","address":{"town":"Coyah","state":"Kindia","ISO3166-2-lvl4":"GN-D","country":"Guinée","country_code":"gn"},"osm_type":"relation","osm_id":6202900,"type":"administrative","location":[-13.388956,9.709041],"bbox":[-13.4309126,9.6680262,-13.3438351,9.7309574]}}
{"name":"Dabiss","display_name":"Dabiss, Boké, Guinée","address":{"town":"Dabiss","state":"Boké","ISO3166-2-lvl4":"GN-B","country":"Guinée","country_code":"gn"},"osm_type":"node","osm_id":2911197501,"type":"town","location":[-14.5406292,11.1936506],"bbox":[-14.5806292,11.1536506,-14.5006292,11.2336506]}
{"name":"Dabola","display_name":"Dabola, Faranah, Guinée","address":{"town":"Dabola","state":"Faranah","ISO3166-2-lvl4":"GN-F","country":"Guinée","country_code":"gn"},"population":17855,"osm_type":"node","osm_id":2134625027,"type":"town","location":[-11.106486,10.742172],"bbox":[-11.146486,10.702172,-11.066486,10.782172]}
{"name":"Dalaba","other_names":{"name:fr":"Dalaba","name:ru":"Далаба"},"display_name":"Dalaba, Préfecture de Dalaba, Mamou, Guinée","address":{"town":"Dalaba","county":"Préfecture de Dalaba","ISO3166-2-lvl6":"GN-DL","state":"Mamou","ISO3166-2-lvl4":"GN-M","country":"Guinée","country_code":"gn"},"osm_type":"node","osm_id":2922826675,"type":"town","location":[-12.2516243,10.6911854],"bbox":[-12.2916243,10.6511854,-12.2116243,10.7311854]}
{"name":"Dalein","display_name":"Dalein, Préfecture de Labé, Labé, Guinée","address":{"town":"Dalein","county":"Préfecture de Labé","ISO3166-2-lvl6":"GN-LA","state":"Labé","ISO3166-2-lvl4":"GN-L","country":"Guinée","country_code":"gn"},"osm_type":"node","osm_id":2462455089,"type":"town","location":[-12.3078021,11.5163156],"bbox":[-12.3478021,11.4763156,-12.2678021,11.5563156]}
{"name":"Damakania","display_name":"Damakania, Kindia, Guinée","address":{"town":"Damakania","state":"Kindia","ISO3166-2-lvl4":"GN-D","country":"Guinée","country_code":"gn"},"population":33,"osm_type":"node","osm_id":1750733510,"type":"town","location":[-12.9041182,10.0070186],"bbox":[-12.9441182,9.9670186,-12.8641182,10.0470186]}
{"name":"Damaro","display_name":"Damaro, Kankan, Guinée","address":{"town":"Damaro","state":"Kankan","ISO3166-2-lvl4":"GN-K","country":"Guinée","country_code":"gn"},"osm_type":"node","osm_id":3033641585,"type":"town","location":[-8.901172,9.129111],"bbox":[-8.941172,9.089111,-8.861172,9.169111]}
{"name":"Damisa Koro","display_name":"Damisa Koro, Kankan, Guinée","address":{"town":"Damisa Koro","state":"Kankan","ISO3166-2-lvl4":"GN-K","country":"Guinée","country_code":"gn"},"osm_type":"node","osm_id":3036499471,"type":"town","location":[-9.3240486,11.0715424],"bbox":[-9.3640486,11.0315424,-9.2840486,11.1115424]}
{"name":"Dialakoro","display_name":"Dialakoro, Kankan, Guinée","address":{"town":"Dialakoro","state":"Kankan","ISO3166-2-lvl4":"GN-K","country":"Guinée","country_code":"gn"},"osm_type":"node","osm_id":3053073360,"type":"town","location":[-8.8886148,11.4402335],"bbox":[-8.9286148,11.4002335,-8.8486148,11.4802335]}
{"name":"Diara-Guérela","other_names":{"name:fr":"Diara-Guérela","alt_name":"Dialagouéla;Diaraguerela"},"display_name":"Diara-Guérela, Beyla, Nzérékoré, Guinée","address":{"town":"Diara-Guérela","county":"Beyla","ISO3166-2-lvl6":"GN-BE","state":"Nzérékoré","ISO3166-2-lvl4":"GN-N","country":"Guinée","country_code":"gn"},"osm_type":"node","osm_id":2595412888,"type":"town","location":[-8.5203134,8.6384608],"bbox":[-8.5603134,8.5984608,-8.4803134,8.6784608]}
{"name":"Diassodou","display_name":"Diassodou, Beyla, Nzérékoré, Guinée","address":{"town":"Diassodou","county":"Beyla","ISO3166-2-lvl6":"GN-BE","state":"Nzérékoré","ISO3166-2-lvl4":"GN-N","country":"Guinée","country_code":"gn"},"osm_type":"node","osm_id":2595412890,"type":"town","location":[-8.33986,9.111465],"bbox":[-8.37986,9.071465,-8.29986,9.151465]}
{"name":"Didi","display_name":"Didi, Kankan, Guinée","address":{"town":"Didi","state":"Kankan","ISO3166-2-lvl4":"GN-K","country":"Guinée","country_code":"gn"},"osm_type":"node","osm_id":2541051143,"type":"town","location":[-9.6037658,11.5489257],"bbox":[-9.6437658,11.5089257,-9.5637658,11.5889257],"border":{"name":"Didi","other_names":{"name:fr":"Didi","official_name":"Sous-préfecture de Didi"},"display_name":"Didi, Kankan, Guinée","address":{"town":"Didi","state":"Kankan","ISO3166-2-lvl4":"GN-K","country":"Guinée","country_code":"gn"},"osm_type":"relation","osm_id":16025518,"type":"administrative","location":[-9.6037658,11.5489257],"bbox":[-10.020183,11.356995,-9.4731546,11.6590033]}}
{"name":"Diécké","other_names":{"name:fr":"Diécké","alt_name":"Djécké"},"display_name":"Diécké, Yomou, Nzérékoré, Guinée","address":{"town":"Diécké","county":"Yomou","ISO3166-2-lvl6":"GN-YO","state":"Nzérékoré","ISO3166-2-lvl4":"GN-N","country":"Guinée","country_code":"gn"},"osm_type":"node","osm_id":476565242,"type":"town","location":[-8.9543077,7.3479168],"bbox":[-8.9943077,7.3079168,-8.9143077,7.3879168]}
{"display_name":"Dinguiraye, Faranah, Guinée","address":{"county":"Dinguiraye","state":"Faranah","ISO3166-2-lvl4":"GN-F","country":"Guinée","country_code":"gn"},"osm_type":"node","osm_id":5952526630,"type":"town","location":[-10.8802404,11.2131473],"bbox":[-10.9202404,11.1731473,-10.8402404,11.2531473]}
{"display_name":"Dinguiraye, Faranah, Guinée","address":{"county":"Dinguiraye","state":"Faranah","ISO3166-2-lvl4":"GN-F","country":"Guinée","country_code":"gn"},"osm_type":"node","osm_id":3044614915,"type":"town","location":[-10.7917108,11.5635367],"bbox":[-10.8317108,11.5235367,-10.7517108,11.6035367]}
{"display_name":"Dinguiraye, Faranah, Guinée","address":{"county":"Dinguiraye","state":"Faranah","ISO3166-2-lvl4":"GN-F","country":"Guinée","country_code":"gn"},"osm_type":"node","osm_id":3044614230,"type":"town","location":[-10.7890886,11.5706116],"bbox":[-10.8290886,11.5306116,-10.7490886,11.6106116]}
{"name":"Dinguiraye","other_names":{"name:fr":"Dinguiraye","name:ru":"Дингирае"},"display_name":"Dinguiraye, Faranah, Guinée","address":{"town":"Dinguiraye","county":"Dinguiraye","state":"Faranah","ISO3166-2-lvl4":"GN-F","country":"Guinée","country_code":"gn"},"population":20085,"osm_type":"node","osm_id":2320049299,"type":"town","location":[-10.714459,11.292368],"bbox":[-10.754459,11.252368,-10.674459,11.332368],"border":{"name":"Dinguiraye","other_names":{"name:fr":"Dinguiraye","official_name":"Préfecture de Dinguiraye","official_name:fr":"Préfecture de Dinguiraye"},"display_name":"Dinguiraye, Faranah, Guinée","address":{"county":"Dinguiraye","state":"Faranah","ISO3166-2-lvl4":"GN-F","country":"Guinée","country_code":"gn"},"osm_type":"relation","osm_id":12286515,"type":"administrative","location":[-10.672726776682739,11.5325439],"bbox":[-11.5958675,10.8332955,-10.0005628,12.231741]}}
{"display_name":"Dinguiraye, Faranah, Guinée","address":{"county":"Dinguiraye","state":"Faranah","ISO3166-2-lvl4":"GN-F","country":"Guinée","country_code":"gn"},"osm_type":"node","osm_id":3066342876,"type":"town","location":[-11.0585984,11.1179167],"bbox":[-11.0985984,11.0779167,-11.0185984,11.1579167]}
{"display_name":"Dinguiraye, Faranah, Guinée","address":{"county":"Dinguiraye","state":"Faranah","ISO3166-2-lvl4":"GN-F","country":"Guinée","country_code":"gn"},"osm_type":"node","osm_id":3044614825,"type":"town","location":[-10.7454008,11.658983],"bbox":[-10.7854008,11.618983,-10.7054008,11.698983]}
{"name":"Diomabana","display_name":"Diomabana, Kankan, Guinée","address":{"town":"Diomabana","state":"Kankan","ISO3166-2-lvl4":"GN-K","country":"Guinée","country_code":"gn"},"osm_type":"node","osm_id":3008033562,"type":"town","location":[-9.1344888,11.2643828],"bbox":[-9.1744888,11.2243828,-9.0944888,11.3043828]}
{"name":"Djélibakörö","other_names":{"name:fr":"Djélibakörö","alt_name":"Djéliba Körö","alt_name:fr":"Djéliba Körö"},"display_name":"Djélibakörö, Kankan, Guinée","address":{"town":"Djélibakörö","state":"Kankan","ISO3166-2-lvl4":"GN-K","country":"Guinée","country_code":"gn"},"osm_type":"node","osm_id":3036499589,"type":"town","location":[-9.2366531,11.052863],"bbox":[-9.2766531,11.012863,-9.1966531,11.092863]}
{"name":"Djimbala","display_name":"Djimbala, Kankan, Guinée","address":{"town":"Djimbala","state":"Kankan","ISO3166-2-lvl4":"GN-K","country":"Guinée","country_code":"gn"},"osm_type":"node","osm_id":3131136891,"type":"town","location":[-8.9824497,10.3902551],"bbox":[-9.0224497,10.3502551,-8.9424497,10.4302551]}
{"name":"Dogomet","display_name":"Dogomet, Faranah, Guinée","address":{"town":"Dogomet","state":"Faranah","ISO3166-2-lvl4":"GN-F","country":"Guinée","country_code":"gn"},"osm_type":"node","osm_id":2131266836,"type":"town","location":[-11.4356786,10.7125727],"bbox":[-11.4756786,10.6725727,-11.3956786,10.7525727]}
{"name":"Doko","display_name":"Doko, Kankan, Guinée","address":{"town":"Doko","state":"Kankan","ISO3166-2-lvl4":"GN-K","country":"Guinée","country_code":"gn"},"osm_type":"node","osm_id":2442440719,"type":"town","location":[-8.9616031,11.7810942],"bbox":[-9.0016031,11.7410942,-8.9216031,11.8210942]}
{"name":"Dondékoro","display_name":"Dondékoro, Guéckédou, Nzérékoré, Guinée","address":{"town":"Dondékoro","county":"Guéckédou","ISO3166-2-lvl6":"GN-GU","state":"Nzérékoré","ISO3166-2-lvl4":"GN-N","country":"Guinée","country_code":"gn"},"osm_type":"node","osm_id":2742239724,"type":"town","location":[-10.4716135,8.9755634],"bbox":[-10.5116135,8.9355634,-10.4316135,9.0155634]}
{"name":"Donghol-touma","display_name":"Donghol-touma, Préfecture de Pita, Mamou, Guinée","address":{"town":"Donghol-touma","county":"Préfecture de Pita","ISO3166-2-lvl6":"GN-PI","state":"Mamou","ISO3166-2-lvl4":"GN-M","country":"Guinée","country_code":"gn"},"osm_type":"node","osm_id":4895297242,"type":"town","location":[-12.6942514,10.995709],"bbox":[-12.7342514,10.955709,-12.6542514,11.035709]}
{"name":"Douako","display_name":"Douako, Préfecture de Kouroussa, Kankan, Guinée","address":{"town":"Douako","county":"Préfecture de Kouroussa","ISO3166-2-lvl6":"GN-KO","state":"Kankan","ISO3166-2-lvl4":"GN-K","country":"Guinée","country_code":"gn"},"osm_type":"node","osm_id":2741745210,"type":"town","location":[-10.172211,9.737675],"bbox":[-10.212211,9.697675,-10.132211,9.777675]}
{"name":"Dounet","other_names":{"name:fr":"Dounet","alt_name":"Douné"},"display_name":"Dounet, Mamou, Guinée","address":{"town":"Dounet","state":"Mamou","ISO3166-2-lvl4":"GN-M","country":"Guinée","country_code":"gn"},"osm_type":"node","osm_id":2758768948,"type":"town","location":[-11.918698,10.513374],"bbox":[-11.958698,10.473374,-11.878698,10.553374]}
{"name":"Dubréka","display_name":"Dubréka, Kindia, Guinée","address":{"town":"Dubréka","state":"Kindia","ISO3166-2-lvl4":"GN-D","country":"Guinée","country_code":"gn"},"osm_type":"node","osm_id":462038591,"type":"town","location":[-13.5169725,9.7889809],"bbox":[-13.5569725,9.7489809,-13.4769725,9.8289809],"border":{"name":"Dubréka","display_name":"Dubréka, Kindia, Guinée","address":{"town":"Dubréka","state":"Kindia","ISO3166-2-lvl4":"GN-D","country":"Guinée","country_code":"gn"},"osm_type":"relation","osm_id":6251938,"type":"administrative","location":[-13.5169725,9.7889809],"bbox":[-13.565968,9.6744445,-13.4166133,9.9153056]}}
{"name":"Falama","display_name":"Falama, Kankan, Guinée","address":{"town":"Falama","state":"Kankan","ISO3166-2-lvl4":"GN-K","country":"Guinée","country_code":"gn"},"osm_type":"node","osm_id":2124628179,"type":"town","location":[-9.0390519,11.4382479],"bbox":[-9.0790519,11.3982479,-8.9990519,11.4782479]}
{"name":"Fanafanako","display_name":"Fanafanako, Kankan, Guinée","address":{"town":"Fanafanako","state":"Kankan","ISO3166-2-lvl4":"GN-K","country":"Guinée","country_code":"gn"},"osm_type":"node","osm_id":2540991781,"type":"town","location":[-9.047017,11.7772917],"bbox":[-9.087017,11.7372917,-9.007017,11.8172917]}
{"name":"Fangamadou","other_names":{"name:fr":"Fangamadou","alt_name":"Fangamandou"},"display_name":"Fangamadou, Guéckédou, Nzérékoré, Guinée","address":{"town":"Fangamadou","county":"Guéckédou","ISO3166-2-lvl6":"GN-GU","state":"Nzérékoré","ISO3166-2-lvl4":"GN-N","country":"Guinée","country_code":"gn"},"population":26,"osm_type":"node","osm_id":2756588011,"type":"town","location":[-10.5859784,8.4922387],"bbox":[-10.6259784,8.4522387,-10.5459784,8.5322387]}
{"name":"Faraba","display_name":"Faraba, Kankan, Guinée","address":{"town":"Faraba","state":"Kankan","ISO3166-2-lvl4":"GN-K","country":"Guinée","country_code":"gn"},"osm_type":"node","osm_id":11412930272,"type":"town","location":[-8.9710822,11.4099064],"bbox":[-9.0110822,11.3699064,-8.9310822,11.4499064]}
{"display_name":"Faranah, Guinée","address":{"state":"Faranah","ISO3166-2-lvl4":"GN-F","country":"Guinée","country_code":"gn"},"osm_type":"node","osm_id":2964232485,"type":"town","location":[-11.1221457,9.9536037],"bbox":[-11.1621457,9.9136037,-11.0821457,9.9936037]}
{"name":"Fassankoni","other_names":{"name:fr":"Fassankoni","alt_name":"Fassangouni"},"display_name":"Fassankoni, Macenta, Nzérékoré, Guinée","address":{"town":"Fassankoni","county":"Macenta","ISO3166-2-lvl6":"GN-MC","state":"Nzérékoré","ISO3166-2-lvl4":"GN-N","country":"Guinée","country_code":"gn"},"osm_type":"node","osm_id":2597048494,"type":"town","location":[-9.3640001,8.0323825],"bbox":[-9.4040001,7.9923825,-9.3240001,8.0723825]}
{"name":"Fatako","other_names":{"name:fr":"Fatako","alt_name":"Fattako"},"display_name":"Fatako, Préfecture de Tougué, Labé, Guinée","address":{"town":"Fatako","county":"Préfecture de Tougué","ISO3166-2-lvl6":"GN-TO","state":"Labé","ISO3166-2-lvl4":"GN-L","country":"Guinée","country_code":"gn"},"osm_type":"node","osm_id":2462970414,"type":"town","location":[-11.888528,11.21388],"bbox":[-11.928528,11.17388,-11.848528,11.25388]}
{"name":"Fatöya","other_names":{"name:fr":"Fatöya","alt_name":"Fatoya"},"display_name":"Fatöya, Kintinian, Kankan, Guinée","address":{"town":"Fatöya","state":"Kankan","ISO3166-2-lvl4":"GN-K","country":"Guinée","country_code":"gn"},"osm_type":"node","osm_id":3095226593,"type":"town","location":[-9.3409264,11.5674319],"bbox":[-9.3809264,11.5274319,-9.3009264,11.6074319],"border":{"name":"Fatöya","display_name":"Fatöya, Kintinian, Kankan, Guinée","address":{"suburb":"Fatöya","town":"Kintinian","state":"Kankan","ISO3166-2-lvl4":"GN-K","country":"Guinée","country_code":"gn"},"osm_type":"relation","osm_id":9321500,"type":"administrative","location":[-9.343430926728912,11.5604218],"bbox":[-9.3575648,11.5317287,-9.3088719,11.5897609]}}
{"name":"Fidako","display_name":"Fidako, Kankan, Guinée","address":{"town":"Fidako","state":"Kankan","ISO3166-2-lvl4":"GN-K","country":"Guinée","country_code":"gn"},"osm_type":"node","osm_id":2535983024,"type":"town","location":[-9.1737922,12.1053825],"bbox":[-9.2137922,12.0653825,-9.1337922,12.1453825]}
{"name":"Fifa","display_name":"Fifa, Didi, Kankan, Guinée","address":{"town":"Fifa","state":"Kankan","ISO3166-2-lvl4":"GN-K","country":"Guinée","country_code":"gn"},"osm_type":"node","osm_id":3047073740,"type":"town","location":[-9.8718904,11.4546127],"bbox":[-9.9118904,11.4146127,-9.8318904,11.4946127],"border":{"name":"Fifa","display_name":"Fifa, Didi, Kankan, Guinée","address":{"suburb":"Fifa","town":"Didi","state":"Kankan","ISO3166-2-lvl4":"GN-K","country":"Guinée","country_code":"gn"},"osm_type":"relation","osm_id":9321486,"type":"administrative","location":[-9.934623609788531,11.4359888],"bbox":[-10.020183,11.3761674,-9.855423,11.4958166]}}
{"name":"Forécariah","other_names":{"name:fr":"Forécariah","name:ru":"Форекарья"},"display_name":"Forécariah, Kindia, Guinée","address":{"town":"Forécariah","state":"Kindia","ISO3166-2-lvl4":"GN-D","country":"Guinée","country_code":"gn"},"population":288000,"osm_type":"node","osm_id":1848315485,"type":"town","location":[-13.0833859,9.4300088],"bbox":[-13.1233859,9.3900088,-13.0433859,9.4700088]}
{"name":"Foumbadou","display_name":"Foumbadou, Lola, Nzérékoré, Guinée","address":{"town":"Foumbadou","county":"Lola","ISO3166-2-lvl6":"GN-LO","state":"Nzérékoré","ISO3166-2-lvl4":"GN-N","country":"Guinée","country_code":"gn"},"osm_type":"node","osm_id":2597353394,"type":"town","location":[-8.412982,8.1903],"bbox":[-8.452982,8.1503,-8.372982,8.2303]}
{"name":"Franwalia","display_name":"Franwalia, Kankan, Guinée","address":{"town":"Franwalia","state":"Kankan","ISO3166-2-lvl4":"GN-K","country":"Guinée","country_code":"gn"},"osm_type":"node","osm_id":2689568880,"type":"town","location":[-9.3836759,11.697248],"bbox":[-9.4236759,11.657248,-9.3436759,11.737248]}
{"name":"Friguiagbé","other_names":{"name:fr":"Friguiagbé","alt_name":"Friguibe"},"display_name":"Friguiagbé, Kindia, Guinée","address":{"town":"Friguiagbé","state":"Kindia","ISO3166-2-lvl4":"GN-D","country":"Guinée","country_code":"gn"},"population":44,"osm_type":"node","osm_id":1750733481,"type":"town","location":[-12.9541185,9.953567],"bbox":[-12.9941185,9.913567,-12.9141185,9.993567]}
{"name":"Gama-Béréma","other_names":{"name:fr":"Gama-Béréma","alt_name":"Gama"},"display_name":"Gama-Béréma, Lola, Nzérékoré, Guinée","address":{"town":"Gama-Béréma","county":"Lola","ISO3166-2-lvl6":"GN-LO","state":"Nzérékoré","ISO3166-2-lvl4":"GN-N","country":"Guinée","country_code":"gn"},"osm_type":"node","osm_id":2597353404,"type":"town","location":[-8.2366842,7.8943203],"bbox":[-8.2766842,7.8543203,-8.1966842,7.9343203]}
{"name":"Gaoual","display_name":"Gaoual, Préfecture de Gaoual, Boké, Guinée","address":{"town":"Gaoual","county":"Préfecture de Gaoual","ISO3166-2-lvl6":"GN-GA","state":"Boké","ISO3166-2-lvl4":"GN-B","country":"Guinée","country_code":"gn"},"osm_type":"node","osm_id":321619921,"type":"town","location":[-13.200333,11.754096],"bbox":[-13.240333,11.714096,-13.160333,11.794096],"border":{"name":"Gaoual","display_name":"Gaoual, Préfecture de Gaoual, Boké, Guinée","address":{"town":"Gaoual","county":"Préfecture de Gaoual","ISO3166-2-lvl6":"GN-GA","state":"Boké","ISO3166-2-lvl4":"GN-B","country":"Guinée","country_code":"gn"},"osm_type":"relation","osm_id":2697025,"type":"administrative","location":[-13.200333,11.754096],"bbox":[-13.2191215,11.7369941,-13.1902029,11.7774595]}}
{"name":"Gaumbali","display_name":"Gaumbali, Préfecture de Kouroussa, Kankan, Guinée","address":{"town":"Gaumbali","county":"Préfecture de Kouroussa","ISO3166-2-lvl6":"GN-KO","state":"Kankan","ISO3166-2-lvl4":"GN-K","country":"Guinée","country_code":"gn"},"osm_type":"node","osm_id":2741800381,"type":"town","location":[-10.2290667,9.6420404],"bbox":[-10.2690667,9.6020404,-10.1890667,9.6820404]}
{"name":"Gbenko","display_name":"Gbenko, Kankan, Guinée","address":{"town":"Gbenko","state":"Kankan","ISO3166-2-lvl4":"GN-K","country":"Guinée","country_code":"gn"},"osm_type":"node","osm_id":4883826625,"type":"town","location":[-9.3011746,9.2274271],"bbox":[-9.3411746,9.1874271,-9.2611746,9.2674271]}
{"name":"Gbéssoba","other_names":{"name:fr":"Gbéssoba","alt_name":"Gouessoba"},"display_name":"Gbéssoba, Beyla, Nzérékoré, Guinée","address":{"town":"Gbéssoba","county":"Beyla","ISO3166-2-lvl6":"GN-BE","state":"Nzérékoré","ISO3166-2-lvl4":"GN-N","country":"Guinée","country_code":"gn"},"osm_type":"node","osm_id":2595412896,"type":"town","location":[-8.0851641,8.7526872],"bbox":[-8.1251641,8.7126872,-8.0451641,8.7926872]}
{"name":"Gbonodou","display_name":"Gbonodou, Macenta, Nzérékoré, Guinée","address":{"town":"Gbonodou","county":"Macenta","ISO3166-2-lvl6":"GN-MC","state":"Nzérékoré","ISO3166-2-lvl4":"GN-N","country":"Guinée","country_code":"gn"},"osm_type":"node","osm_id":2746686359,"type":"town","location":[-9.040371,8.5633049],"bbox":[-9.080371,8.5233049,-9.000371,8.6033049]}
{"name":"Goinso","display_name":"Goinso, Kankan, Guinée","address":{"town":"Goinso","state":"Kankan","ISO3166-2-lvl4":"GN-K","country":"Guinée","country_code":"gn"},"osm_type":"node","osm_id":12797960145,"type":"town","location":[-8.6120926,11.1286092],"bbox":[-8.6520926,11.0886092,-8.5720926,11.1686092]}
{"name":"Gouécké","display_name":"Gouécké, Nzérékoré, Guinée","address":{"town":"Gouécké","county":"Nzérékoré","ISO3166-2-lvl6":"GN-NZ","state":"Nzérékoré","ISO3166-2-lvl4":"GN-N","country":"Guinée","country_code":"gn"},"osm_type":"node","osm_id":2594779370,"type":"town","location":[-8.7249071,8.0255802],"bbox":[-8.7649071,7.9855802,-8.6849071,8.0655802]}
{"name":"Guéassou","other_names":{"name:fr":"Guéassou","alt_name":"Guéasso"},"display_name":"Guéassou, Lola, Nzérékoré, Guinée","address":{"town":"Guéassou","county":"Lola","ISO3166-2-lvl6":"GN-LO","state":"Nzérékoré","ISO3166-2-lvl4":"GN-N","country":"Guinée","country_code":"gn"},"osm_type":"node","osm_id":2320050454,"type":"town","location":[-8.2332756,8.0259814],"bbox":[-8.2732756,7.9859814,-8.1932756,8.0659814]}
{"name":"Gueckedou Centre","other_names":{"alt_name":"Guékédou-Lele"},"display_name":"Gueckedou Centre, Guéckédou, Nzérékoré, Guinée","address":{"town":"Gueckedou Centre","county":"Guéckédou","ISO3166-2-lvl6":"GN-GU","state":"Nzérékoré","ISO3166-2-lvl4":"GN-N","country":"Guinée","country_code":"gn"},"population":31,"osm_type":"node","osm_id":2742838022,"type":"town","location":[-10.1565976,8.572559],"bbox":[-10.1965976,8.532559,-10.1165976,8.612559],"border":{"name":"Gueckedou Centre","other_names":{"name:fr":"Gueckedou Centre","alt_name":"Guékédou-Lele"},"display_name":"Gueckedou Centre, Guéckédou, Nzérékoré, Guinée","address":{"town":"Gueckedou Centre","county":"Guéckédou","ISO3166-2-lvl6":"GN-GU","state":"Nzérékoré","ISO3166-2-lvl4":"GN-N","country":"Guinée","country_code":"gn"},"population":31,"osm_type":"relation","osm_id":7445392,"type":"administrative","location":[-10.1565976,8.572559],"bbox":[-10.1630305,8.5331395,-10.0712309,8.6254786]}}
{"name":"Guéckédou","other_names":{"name:ar":"غيكيدو","name:fr":"Guéckédou","alt_name:ar":"جيكيدوغو;غوكيدو"},"display_name":"Guéckédou, Gueckedou Centre, Guéckédou, Nzérékoré, Guinée","address":{"town":"Guéckédou","county":"Guéckédou","ISO3166-2-lvl6":"GN-GU","state":"Nzérékoré","ISO3166-2-lvl4":"GN-N","country":"Guinée","country_code":"gn"},"population":290611,"osm_type":"node","osm_id":5724142117,"type":"town","location":[-10.1328278,8.5616492],"bbox":[-10.1728278,8.5216492,-10.0928278,8.6016492]}
{"name":"Héréko","other_names":{"name:fr":"Héréko","alt_name":"Erako"},"display_name":"Héréko, Préfecture de Kouroussa, Kankan, Guinée","address":{"town":"Héréko","county":"Préfecture de Kouroussa","ISO3166-2-lvl6":"GN-KO","state":"Kankan","ISO3166-2-lvl4":"GN-K","country":"Guinée","country_code":"gn"},"osm_type":"node","osm_id":2741745282,"type":"town","location":[-10.3857663,9.7345919],"bbox":[-10.4257663,9.6945919,-10.3457663,9.7745919]}
{"name":"Irié","display_name":"Irié, Macenta, Nzérékoré, Guinée","address":{"town":"Irié","county":"Macenta","ISO3166-2-lvl6":"GN-MC","state":"Nzérékoré","ISO3166-2-lvl4":"GN-N","country":"Guinée","country_code":"gn"},"osm_type":"node","osm_id":2597048498,"type":"town","location":[-9.1743704,8.2746635],"bbox":[-9.2143704,8.2346635,-9.1343704,8.3146635]}
{"name":"Kakony","display_name":"Kakony, Préfecture de Gaoual, Boké, Guinée","address":{"town":"Kakony","county":"Préfecture de Gaoual","ISO3166-2-lvl6":"GN-GA","state":"Boké","ISO3166-2-lvl4":"GN-B","country":"Guinée","country_code":"gn"},"osm_type":"node","osm_id":2520253414,"type":"town","location":[-13.1739897,11.3116335],"bbox":[-13.2139897,11.2716335,-13.1339897,11.3516335]}
{"name":"Kaliah","display_name":"Kaliah, Kindia, Guinée","address":{"town":"Kaliah","state":"Kindia","ISO3166-2-lvl4":"GN-D","country":"Guinée","country_code":"gn"},"osm_type":"node","osm_id":4900204096,"type":"town","location":[-13.0634456,9.3982028],"bbox":[-13.1034456,9.3582028,-13.0234456,9.4382028]}
{"name":"Kankalabé","display_name":"Kankalabé, Préfecture de Dalaba, Mamou, Guinée","address":{"town":"Kankalabé","county":"Préfecture de Dalaba","ISO3166-2-lvl6":"GN-DL","state":"Mamou","ISO3166-2-lvl4":"GN-M","country":"Guinée","country_code":"gn"},"osm_type":"node","osm_id":2463050097,"type":"town","location":[-12.0003841,11.1478722],"bbox":[-12.0403841,11.1078722,-11.9603841,11.1878722]}
{"display_name":"Kankan, Guinée","address":{"state":"Kankan","ISO3166-2-lvl4":"GN-K","country":"Guinée","country_code":"gn"},"osm_type":"way","osm_id":297169144,"type":"town","location":[-8.65617517019983,10.94182595],"bbox":[-8.6600697,10.9395366,-8.6538846,10.9442255]}
{"name":"Karakoro","display_name":"Karakoro, Kankan, Guinée","address":{"town":"Karakoro","state":"Kankan","ISO3166-2-lvl4":"GN-K","country":"Guinée","country_code":"gn"},"osm_type":"node","osm_id":3105478413,"type":"town","location":[-9.1381988,11.1617977],"bbox":[-9.1781988,11.1217977,-9.0981988,11.2017977]}
{"name":"Karala","display_name":"Karala, Beyla, Nzérékoré, Guinée","address":{"town":"Karala","county":"Beyla","ISO3166-2-lvl6":"GN-BE","state":"Nzérékoré","ISO3166-2-lvl4":"GN-N","country":"Guinée","country_code":"gn"},"osm_type":"node","osm_id":462687644,"type":"town","location":[-8.3768508,9.3832822],"bbox":[-8.4168508,9.3432822,-8.3368508,9.4232822]}
{"name":"Karfamoriah","other_names":{"name:fr":"Karfamoriah","alt_name":"Karfamoria"},"display_name":"Karfamoriah, Kankan, Guinée","address":{"town":"Karfamoriah","state":"Kankan","ISO3166-2-lvl4":"GN-K","country":"Guinée","country_code":"gn"},"osm_type":"node","osm_id":2757328167,"type":"town","location":[-9.268572,10.4181078],"bbox":[-9.308572,10.3781078,-9.228572,10.4581078]}
{"name":"Keniebakoura","other_names":{"name:fr":"Keniebakoura","alt_name":"Kiniebakoura","alt_name_1":"Kinébakoura"},"display_name":"Keniebakoura, Kankan, Guinée","address":{"town":"Keniebakoura","state":"Kankan","ISO3166-2-lvl4":"GN-K","country":"Guinée","country_code":"gn"},"osm_type":"node","osm_id":3008030417,"type":"town","location":[-9.1429556,11.2959198],"bbox":[-9.1829556,11.2559198,-9.1029556,11.3359198]}
{"name":"Kérouané","other_names":{"name:fr":"Kérouané","name:ru":"Керуане"},"display_name":"Kérouané, Kankan, Guinée","address":{"town":"Kérouané","state":"Kankan","ISO3166-2-lvl4":"GN-K","country":"Guinée","country_code":"gn"},"population":35738,"osm_type":"node","osm_id":321620007,"type":"town","location":[-9.0076196,9.2705687],"bbox":[-9.0476196,9.2305687,-8.9676196,9.3105687]}
{"name":"Kieniekoura","display_name":"Kieniekoura, Kankan, Guinée","address":{"town":"Kieniekoura","state":"Kankan","ISO3166-2-lvl4":"GN-K","country":"Guinée","country_code":"gn"},"osm_type":"node","osm_id":2611809224,"type":"town","location":[-8.5919723,11.3179529],"bbox":[-8.6319723,11.2779529,-8.5519723,11.3579529]}
{"name":"Kiniéran","other_names":{"name:fr":"Kiniéran","alt_name":"Kéniéran"},"display_name":"Kiniéran, Kankan, Guinée","address":{"town":"Kiniéran","state":"Kankan","ISO3166-2-lvl4":"GN-K","country":"Guinée","country_code":"gn"},"osm_type":"node","osm_id":3053073381,"type":"town","location":[-8.8329888,11.0784239],"bbox":[-8.8729888,11.0384239,-8.7929888,11.1184239]}
{"name":"Kiniéro","display_name":"Kiniéro, Préfecture de Kouroussa, Kankan, Guinée","address":{"town":"Kiniéro","county":"Préfecture de Kouroussa","ISO3166-2-lvl6":"GN-KO","state":"Kankan","ISO3166-2-lvl4":"GN-K","country":"Guinée","country_code":"gn"},"osm_type":"node","osm_id":3093528090,"type":"town","location":[-9.7522137,10.3937936],"bbox":[-9.7922137,10.3537936,-9.7122137,10.4337936]}
{"name":"Kintinian","display_name":"Kintinian, Kankan, Guinée","address":{"town":"Kintinian","state":"Kankan","ISO3166-2-lvl4":"GN-K","country":"Guinée","country_code":"gn"},"osm_type":"node","osm_id":3047073741,"type":"town","location":[-9.3822453,11.6017284],"bbox":[-9.4222453,11.5617284,-9.3422453,11.6417284],"border":{"name":"Kintinian","other_names":{"name:fr":"Kintinian","official_name":"Sous-préfecture de Kintinian"},"display_name":"Kintinian, Kankan, Guinée","address":{"town":"Kintinian","state":"Kankan","ISO3166-2-lvl4":"GN-K","country":"Guinée","country_code":"gn"},"osm_type":"relation","osm_id":9321460,"type":"administrative","location":[-9.3822453,11.6017284],"bbox":[-9.5210964,11.3865845,-9.1980887,11.6778742]}}
{"name":"Koba Tatéma","display_name":"Koba Tatéma, Boké, Guinée","address":{"town":"Koba Tatéma","state":"Boké","ISO3166-2-lvl4":"GN-B","country":"Guinée","country_code":"gn"},"osm_type":"node","osm_id":4898356106,"type":"town","location":[-13.8854769,9.9475149],"bbox":[-13.9254769,9.9075149,-13.8454769,9.9875149]}
{"name":"Kobédara","display_name":"Kobédara, Kankan, Guinée","address":{"town":"Kobédara","state":"Kankan","ISO3166-2-lvl4":"GN-K","country":"Guinée","country_code":"gn"},"osm_type":"node","osm_id":3045870603,"type":"town","location":[-9.94141,11.6422318],"bbox":[-9.98141,11.6022318,-9.90141,11.6822318]}
{"name":"Kobéla","other_names":{"name:fr":"Kobéla","alt_name":"Koola"},"display_name":"Kobéla, Nzérékoré, Guinée","address":{"town":"Kobéla","county":"Nzérékoré","ISO3166-2-lvl6":"GN-NZ","state":"Nzérékoré","ISO3166-2-lvl4":"GN-N","country":"Guinée","country_code":"gn"},"osm_type":"node","osm_id":2597048504,"type":"town","location":[-9.0247198,7.8833253],"bbox":[-9.0647198,7.8433253,-8.9847198,7.9233253]}
{"name":"Kodiaran","other_names":{"name:fr":"Kodiaran","alt_name":"Kodiaran"},"display_name":"Kodiaran, Kankan, Guinée","address":{"town":"Kodiaran","state":"Kankan","ISO3166-2-lvl4":"GN-K","country":"Guinée","country_code":"gn"},"osm_type":"node","osm_id":4883616601,"type":"town","location":[-8.8943134,10.5561291],"bbox":[-8.9343134,10.5161291,-8.8543134,10.5961291]}
{"name":"Kokota","other_names":{"name:fr":"Kokota","alt_name":"Kogota"},"display_name":"Kokota, Lola, Nzérékoré, Guinée","address":{"town":"Kokota","county":"Lola","ISO3166-2-lvl6":"GN-LO","state":"Nzérékoré","ISO3166-2-lvl4":"GN-N","country":"Guinée","country_code":"gn"},"osm_type":"node","osm_id":2597353458,"type":"town","location":[-8.498167,7.913973],"bbox":[-8.538167,7.873973,-8.458167,7.953973]}
{"name":"Kolaboui","display_name":"Kolaboui, Boké, Guinée","address":{"town":"Kolaboui","state":"Boké","ISO3166-2-lvl4":"GN-B","country":"Guinée","country_code":"gn"},"osm_type":"node","osm_id":4818690596,"type":"town","location":[-14.3994432,10.7957753],"bbox":[-14.4394432,10.7557753,-14.3594432,10.8357753]}
{"name":"Kolenté","display_name":"Kolenté, Kindia, Guinée","address":{"town":"Kolenté","state":"Kindia","ISO3166-2-lvl4":"GN-D","country":"Guinée","country_code":"gn"},"population":40,"osm_type":"node","osm_id":1750721296,"type":"town","location":[-12.6233947,10.0984032],"bbox":[-12.6633947,10.0584032,-12.5833947,10.1384032]}
{"name":"Kollet","display_name":"Kollet, Préfecture de Tougué, Labé, Guinée","address":{"town":"Kollet","county":"Préfecture de Tougué","ISO3166-2-lvl6":"GN-TO","state":"Labé","ISO3166-2-lvl4":"GN-L","country":"Guinée","country_code":"gn"},"osm_type":"node","osm_id":2462970424,"type":"town","location":[-11.5478111,11.4878646],"bbox":[-11.5878111,11.4478646,-11.5078111,11.5278646]}
{"name":"Konama Koro","display_name":"Konama Koro, Kankan, Guinée","address":{"town":"Konama Koro","state":"Kankan","ISO3166-2-lvl4":"GN-K","country":"Guinée","country_code":"gn"},"osm_type":"node","osm_id":3067846761,"type":"town","location":[-9.1118272,11.154825],"bbox":[-9.1518272,11.114825,-9.0718272,11.194825]}
{"name":"Konama Koura","display_name":"Konama Koura, Kankan, Guinée","address":{"town":"Konama Koura","state":"Kankan","ISO3166-2-lvl4":"GN-K","country":"Guinée","country_code":"gn"},"osm_type":"node","osm_id":3105478416,"type":"town","location":[-9.166897,11.133728],"bbox":[-9.206897,11.093728,-9.126897,11.173728]}
{"name":"Konipara","display_name":"Konipara, Nzérékoré, Guinée","address":{"town":"Konipara","county":"Nzérékoré","ISO3166-2-lvl6":"GN-NZ","state":"Nzérékoré","ISO3166-2-lvl4":"GN-N","country":"Guinée","country_code":"gn"},"osm_type":"node","osm_id":4892306147,"type":"town","location":[-9.0394312,7.8503102],"bbox":[-9.0794312,7.8103102,-8.9994312,7.8903102]}
{"name":"Konkoye","display_name":"Konkoye, Kankan, Guinée","address":{"town":"Konkoye","state":"Kankan","ISO3166-2-lvl4":"GN-K","country":"Guinée","country_code":"gn"},"osm_type":"node","osm_id":3008031525,"type":"town","location":[-8.8863399,11.2852648],"bbox":[-8.9263399,11.2452648,-8.8463399,11.3252648]}
{"name":"Korbé","display_name":"Korbé, Préfecture de Lelouma, Labé, Guinée","address":{"town":"Korbé","county":"Préfecture de Lelouma","ISO3166-2-lvl6":"GN-LE","state":"Labé","ISO3166-2-lvl4":"GN-L","country":"Guinée","country_code":"gn"},"osm_type":"node","osm_id":2520025032,"type":"town","location":[-12.6221382,11.4649996],"bbox":[-12.6621382,11.4249996,-12.5821382,11.5049996]}
{"name":"Kouankan","display_name":"Kouankan, Macenta, Nzérékoré, Guinée","address":{"town":"Kouankan","county":"Macenta","ISO3166-2-lvl6":"GN-MC","state":"Nzérékoré","ISO3166-2-lvl4":"GN-N","country":"Guinée","country_code":"gn"},"osm_type":"node","osm_id":2596420419,"type":"town","location":[-9.13702,8.44597],"bbox":[-9.17702,8.40597,-9.09702,8.48597]}
{"name":"Koubia","display_name":"Koubia, Préfecture de Koubia, Labé, Guinée","address":{"town":"Koubia","county":"Préfecture de Koubia","ISO3166-2-lvl6":"GN-KB","state":"Labé","ISO3166-2-lvl4":"GN-L","country":"Guinée","country_code":"gn"},"osm_type":"node","osm_id":2462582628,"type":"town","location":[-11.894333,11.586028],"bbox":[-11.934333,11.546028,-11.854333,11.626028]}
{"name":"Koulé","display_name":"Koulé, Nzérékoré, Guinée","address":{"town":"Koulé","county":"Nzérékoré","ISO3166-2-lvl6":"GN-NZ","state":"Nzérékoré","ISO3166-2-lvl4":"GN-N","country":"Guinée","country_code":"gn"},"osm_type":"node","osm_id":2594779375,"type":"town","location":[-9.024772,8.0392005],"bbox":[-9.064772,7.9992005,-8.984772,8.0792005]}
{"name":"Koumandjanbougou","display_name":"Koumandjanbougou, Kankan, Guinée","address":{"town":"Koumandjanbougou","state":"Kankan","ISO3166-2-lvl4":"GN-K","country":"Guinée","country_code":"gn"},"osm_type":"node","osm_id":2449013894,"type":"town","location":[-8.9753557,11.4482325],"bbox":[-9.0153557,11.4082325,-8.9353557,11.4882325]}
{"name":"Koumandou","other_names":{"name:fr":"Koumandou","alt_name":"Koumandougou"},"display_name":"Koumandou, Beyla, Nzérékoré, Guinée","address":{"town":"Koumandou","county":"Beyla","ISO3166-2-lvl6":"GN-BE","state":"Nzérékoré","ISO3166-2-lvl4":"GN-N","country":"Guinée","country_code":"gn"},"osm_type":"node","osm_id":2597289169,"type":"town","location":[-7.9911183,9.1645123],"bbox":[-8.0311183,9.1245123,-7.9511183,9.2045123]}
{"name":"Koumbia","display_name":"Koumbia, Préfecture de Gaoual, Boké, Guinée","address":{"town":"Koumbia","county":"Préfecture de Gaoual","ISO3166-2-lvl6":"GN-GA","state":"Boké","ISO3166-2-lvl4":"GN-B","country":"Guinée","country_code":"gn"},"osm_type":"node","osm_id":2520253415,"type":"town","location":[-13.4947101,11.7749954],"bbox":[-13.5347101,11.7349954,-13.4547101,11.8149954]}
{"name":"Koundara","display_name":"Koundara, Préfecture de Koundara, Boké, Guinée","address":{"town":"Koundara","county":"Préfecture de Koundara","ISO3166-2-lvl6":"GN-KN","state":"Boké","ISO3166-2-lvl4":"GN-B","country":"Guinée","country_code":"gn"},"population":16266,"osm_type":"node","osm_id":496398752,"type":"town","location":[-13.298509,12.485154],"bbox":[-13.338509,12.445154,-13.258509,12.525154]}
{"name":"Koundian","display_name":"Koundian, Kankan, Guinée","address":{"town":"Koundian","state":"Kankan","ISO3166-2-lvl4":"GN-K","country":"Guinée","country_code":"gn"},"osm_type":"node","osm_id":2558188487,"type":"town","location":[-8.8933946,10.9208284],"bbox":[-8.9333946,10.8808284,-8.8533946,10.9608284]}
{"name":"Koundianakoro","display_name":"Koundianakoro, Kankan, Guinée","address":{"town":"Koundianakoro","state":"Kankan","ISO3166-2-lvl4":"GN-K","country":"Guinée","country_code":"gn"},"osm_type":"node","osm_id":3008032976,"type":"town","location":[-8.6806172,11.2288578],"bbox":[-8.7206172,11.1888578,-8.6406172,11.2688578]}
{"name":"Koundou Lengo Bengo","other_names":{"name:fr":"Koundou Lengo Bengo","alt_name":"Koundou"},"display_name":"Koundou Lengo Bengo, Guéckédou, Nzérékoré, Guinée","address":{"town":"Koundou Lengo Bengo","county":"Guéckédou","ISO3166-2-lvl6":"GN-GU","state":"Nzérékoré","ISO3166-2-lvl4":"GN-N","country":"Guinée","country_code":"gn"},"osm_type":"node","osm_id":2756588567,"type":"town","location":[-10.412618,8.639009],"bbox":[-10.452618,8.599009,-10.372618,8.679009]}
{"name":"Kounsitel","display_name":"Kounsitel, Préfecture de Gaoual, Boké, Guinée","address":{"town":"Kounsitel","county":"Préfecture de Gaoual","ISO3166-2-lvl6":"GN-GA","state":"Boké","ISO3166-2-lvl4":"GN-B","country":"Guinée","country_code":"gn"},"osm_type":"node","osm_id":2107614696,"type":"town","location":[-13.0743984,11.8039301],"bbox":[-13.1143984,11.7639301,-13.0343984,11.8439301]}
{"name":"Kouramangui","display_name":"Kouramangui, Préfecture de Labé, Labé, Guinée","address":{"town":"Kouramangui","county":"Préfecture de Labé","ISO3166-2-lvl6":"GN-LA","state":"Labé","ISO3166-2-lvl4":"GN-L","country":"Guinée","country_code":"gn"},"population":24160,"osm_type":"node","osm_id":2462455096,"type":"town","location":[-12.4378348,11.5099809],"bbox":[-12.4778348,11.4699809,-12.3978348,11.5499809]}
{"name":"Kourémalé 2","display_name":"Kourémalé 2, Kankan, Guinée","address":{"town":"Kourémalé 2","state":"Kankan","ISO3166-2-lvl4":"GN-K","country":"Guinée","country_code":"gn"},"osm_type":"node","osm_id":10980492720,"type":"town","location":[-8.7886092,11.9443762],"bbox":[-8.8286092,11.9043762,-8.7486092,11.9843762]}
{"name":"Kouroussa","display_name":"Kouroussa, Préfecture de Kouroussa, Kankan, Guinée","address":{"town":"Kouroussa","county":"Préfecture de Kouroussa","ISO3166-2-lvl6":"GN-KO","state":"Kankan","ISO3166-2-lvl4":"GN-K","country":"Guinée","country_code":"gn"},"osm_type":"node","osm_id":1717503545,"type":"town","location":[-9.881002,10.6513609],"bbox":[-9.921002,10.6113609,-9.841002,10.6913609]}
{"name":"Koyamah","other_names":{"name:fr":"Koyamah","alt_name":"Koyama"},"display_name":"Koyamah, Macenta, Nzérékoré, Guinée","address":{"town":"Koyamah","county":"Macenta","ISO3166-2-lvl6":"GN-MC","state":"Nzérékoré","ISO3166-2-lvl4":"GN-N","country":"Guinée","country_code":"gn"},"osm_type":"node","osm_id":2597048515,"type":"town","location":[-9.3579632,7.9021765],"bbox":[-9.3979632,7.8621765,-9.3179632,7.9421765]}
{"name":"Lafou","display_name":"Lafou, Préfecture de Lelouma, Labé, Guinée","address":{"town":"Lafou","county":"Préfecture de Lelouma","ISO3166-2-lvl6":"GN-LE","state":"Labé","ISO3166-2-lvl4":"GN-L","country":"Guinée","country_code":"gn"},"osm_type":"node","osm_id":2520025036,"type":"town","location":[-12.4652558,11.5866968],"bbox":[-12.5052558,11.5466968,-12.4252558,11.6266968],"border":{"name":"Lafou","display_name":"Lafou, Préfecture de Lelouma, Labé, Guinée","address":{"town":"Lafou","county":"Préfecture de Lelouma","ISO3166-2-lvl6":"GN-LE","state":"Labé","ISO3166-2-lvl4":"GN-L","country":"Guinée","country_code":"gn"},"osm_type":"relation","osm_id":8836171,"type":"administrative","location":[-12.4652558,11.5866968],"bbox":[-12.5533141,11.5350846,-12.3526787,11.6961174]}}
{"name":"Lainé","other_names":{"name:fr":"Lainé","alt_name":"Laïné"},"display_name":"Lainé, Lola, Nzérékoré, Guinée","address":{"town":"Lainé","county":"Lola","ISO3166-2-lvl6":"GN-LO","state":"Nzérékoré","ISO3166-2-lvl4":"GN-N","country":"Guinée","country_code":"gn"},"osm_type":"node","osm_id":2597353468,"type":"town","location":[-8.4794525,8.0737829],"bbox":[-8.5194525,8.0337829,-8.4394525,8.1137829]}
{"name":"Lélouma","display_name":"Lélouma, Préfecture de Lelouma, Labé, Guinée","address":{"town":"Lélouma","county":"Préfecture de Lelouma","ISO3166-2-lvl6":"GN-LE","state":"Labé","ISO3166-2-lvl4":"GN-L","country":"Guinée","country_code":"gn"},"osm_type":"node","osm_id":2520025047,"type":"town","location":[-12.6828521,11.4257233],"bbox":[-12.7228521,11.3857233,-12.6428521,11.4657233]}
{"name":"Léro","display_name":"Léro, Kankan, Guinée","address":{"town":"Léro","state":"Kankan","ISO3166-2-lvl4":"GN-K","country":"Guinée","country_code":"gn"},"osm_type":"node","osm_id":2535979660,"type":"town","location":[-10.1086323,11.7560594],"bbox":[-10.1486323,11.7160594,-10.0686323,11.7960594]}
{"name":"Liélila","display_name":"Liélila, Kankan, Guinée","address":{"town":"Liélila","state":"Kankan","ISO3166-2-lvl4":"GN-K","country":"Guinée","country_code":"gn"},"osm_type":"node","osm_id":3008030872,"type":"town","location":[-9.1276867,11.1769514],"bbox":[-9.1676867,11.1369514,-9.0876867,11.2169514]}
{"name":"Linsan","display_name":"Linsan, Kindia, Guinée","address":{"town":"Linsan","state":"Kindia","ISO3166-2-lvl4":"GN-D","country":"Guinée","country_code":"gn"},"osm_type":"node","osm_id":1750704667,"type":"town","location":[-12.4398815,10.2802667],"bbox":[-12.4798815,10.2402667,-12.3998815,10.3202667]}
{"name":"Lola","other_names":{"name:fr":"Lola","name:ru":"Лола"},"display_name":"Lola, Nzérékoré, Guinée","address":{"town":"Lola","county":"Lola","ISO3166-2-lvl6":"GN-LO","state":"Nzérékoré","ISO3166-2-lvl4":"GN-N","country":"Guinée","country_code":"gn"},"osm_type":"node","osm_id":476571432,"type":"town","location":[-8.528632,7.799688],"bbox":[-8.568632,7.759688,-8.488632,7.839688],"border":{"name":"Lola","other_names":{"name:en":"Lola Prefecture","name:fr":"Préfecture de Lola","ISO3166-2":"GN-LO"},"display_name":"Lola, Nzérékoré, Guinée","address":{"county":"Lola","ISO3166-2-lvl6":"GN-LO","state":"Nzérékoré","ISO3166-2-lvl4":"GN-N","country":"Guinée","country_code":"gn"},"osm_type":"relation","osm_id":3402447,"type":"administrative","location":[-8.30784256326609,8.0166961],"bbox":[-8.6093148,7.536841,-7.9430152,8.4963296]}}
{"name":"Madina Oula","other_names":{"name:fr":"Madina Oula","alt_name_3":"Madina Woula"},"display_name":"Madina Oula, Kindia, Guinée","address":{"town":"Madina Oula","state":"Kindia","ISO3166-2-lvl4":"GN-D","country":"Guinée","country_code":"gn"},"population":30,"osm_type":"node","osm_id":2818661356,"type":"town","location":[-12.4557017,9.87624],"bbox":[-12.4957017,9.83624,-12.4157017,9.91624]}
{"name":"Madina Wôra","display_name":"Madina Wôra, Préfecture de Mali, Labé, Guinée","address":{"town":"Madina Wôra","county":"Préfecture de Mali","ISO3166-2-lvl6":"GN-ML","state":"Labé","ISO3166-2-lvl4":"GN-L","country":"Guinée","country_code":"gn"},"osm_type":"way","osm_id":238322217,"type":"town","location":[-12.498934703108688,12.0271515],"bbox":[-12.5060563,12.0218052,-12.4886976,12.0325767]}
{"name":"Maférinya","other_names":{"name:fr":"Maférinya","alt_name":"Maferinyah"},"display_name":"Maférinya, Kindia, Guinée","address":{"town":"Maférinya","state":"Kindia","ISO3166-2-lvl4":"GN-D","country":"Guinée","country_code":"gn"},"osm_type":"node","osm_id":3457467094,"type":"town","location":[-13.2855794,9.5455038],"bbox":[-13.3255794,9.5055038,-13.2455794,9.5855038]}
{"name":"Maléah","display_name":"Maléah, Kankan, Guinée","address":{"town":"Maléah","state":"Kankan","ISO3166-2-lvl4":"GN-K","country":"Guinée","country_code":"gn"},"osm_type":"node","osm_id":3047073742,"type":"town","location":[-9.7115415,11.7994497],"bbox":[-9.7515415,11.7594497,-9.6715415,11.8394497]}
{"name":"Mali","other_names":{"name:fr":"Mali","alt_name":"Mali-ville"},"display_name":"Mali, Préfecture de Mali, Labé, Guinée","address":{"town":"Mali","county":"Préfecture de Mali","ISO3166-2-lvl6":"GN-ML","state":"Labé","ISO3166-2-lvl4":"GN-L","country":"Guinée","country_code":"gn"},"population":39808,"osm_type":"node","osm_id":2461691464,"type":"town","location":[-12.2956935,12.0755231],"bbox":[-12.3356935,12.0355231,-12.2556935,12.1155231]}
{"name":"Mandiana","display_name":"Mandiana, Kankan, Guinée","address":{"town":"Mandiana","state":"Kankan","ISO3166-2-lvl4":"GN-K","country":"Guinée","country_code":"gn"},"osm_type":"node","osm_id":4816881296,"type":"town","location":[-8.6949519,10.6221083],"bbox":[-8.7349519,10.5821083,-8.6549519,10.6621083]}
{"name":"Manfara","display_name":"Manfara, Préfecture de Kouroussa, Kankan, Guinée","address":{"town":"Manfara","county":"Préfecture de Kouroussa","ISO3166-2-lvl6":"GN-KO","state":"Kankan","ISO3166-2-lvl4":"GN-K","country":"Guinée","country_code":"gn"},"osm_type":"node","osm_id":2760769873,"type":"town","location":[-9.4936989,10.7815985],"bbox":[-9.5336989,10.7415985,-9.4536989,10.8215985]}
{"name":"Mankiti","display_name":"Mankiti, Didi, Kankan, Guinée","address":{"town":"Mankiti","state":"Kankan","ISO3166-2-lvl4":"GN-K","country":"Guinée","country_code":"gn"},"osm_type":"node","osm_id":2541050868,"type":"town","location":[-9.6319162,11.4679157],"bbox":[-9.6719162,11.4279157,-9.5919162,11.5079157],"border":{"name":"Mankiti","display_name":"Mankiti, Didi, Kankan, Guinée","address":{"suburb":"Mankiti","town":"Didi","state":"Kankan","ISO3166-2-lvl4":"GN-K","country":"Guinée","country_code":"gn"},"osm_type":"relation","osm_id":9321464,"type":"administrative","location":[-9.636296117948977,11.4376992],"bbox":[-9.6614671,11.387524,-9.6092391,11.4879733]}}
{"name":"Marella","other_names":{"name:fr":"Marella","alt_name":"Maréla"},"display_name":"Marella, Faranah, Guinée","address":{"town":"Marella","state":"Faranah","ISO3166-2-lvl4":"GN-F","country":"Guinée","country_code":"gn"},"osm_type":"node","osm_id":462728356,"type":"town","location":[-11.415613,10.1762828],"bbox":[-11.455613,10.1362828,-11.375613,10.2162828]}
{"name":"Matagania","display_name":"Matagania, Dinguiraye, Faranah, Guinée","address":{"town":"Matagania","county":"Dinguiraye","state":"Faranah","ISO3166-2-lvl4":"GN-F","country":"Guinée","country_code":"gn"},"osm_type":"node","osm_id":2320049588,"type":"town","location":[-10.2554595,11.4973858],"bbox":[-10.2954595,11.4573858,-10.2154595,11.5373858]}
{"name":"Mignada","display_name":"Mignada, Kankan, Guinée","address":{"town":"Mignada","state":"Kankan","ISO3166-2-lvl4":"GN-K","country":"Guinée","country_code":"gn"},"osm_type":"node","osm_id":3046916399,"type":"town","location":[-9.6306861,11.6341972],"bbox":[-9.6706861,11.5941972,-9.5906861,11.6741972]}
{"name":"Missamana","display_name":"Missamana, Kankan, Guinée","address":{"town":"Missamana","state":"Kankan","ISO3166-2-lvl4":"GN-K","country":"Guinée","country_code":"gn"},"osm_type":"node","osm_id":2757328462,"type":"town","location":[-9.0494986,10.2911742],"bbox":[-9.0894986,10.2511742,-9.0094986,10.3311742]}
{"name":"Missiman","display_name":"Missiman, Kankan, Guinée","address":{"town":"Missiman","state":"Kankan","ISO3166-2-lvl4":"GN-K","country":"Guinée","country_code":"gn"},"osm_type":"node","osm_id":3062592749,"type":"town","location":[-8.7658068,10.7482632],"bbox":[-8.8058068,10.7082632,-8.7258068,10.7882632]}
{"name":"Molota","display_name":"Molota, Kindia, Guinée","address":{"town":"Molota","state":"Kindia","ISO3166-2-lvl4":"GN-D","country":"Guinée","country_code":"gn"},"population":15,"osm_type":"node","osm_id":3255942183,"type":"town","location":[-12.8336939,9.9297396],"bbox":[-12.8736939,9.8897396,-12.7936939,9.9697396]}
{"name":"Moribayah","other_names":{"name:fr":"Moribayah","alt_name":"Moribaya"},"display_name":"Moribayah, Kankan, Guinée","address":{"town":"Moribayah","state":"Kankan","ISO3166-2-lvl4":"GN-K","country":"Guinée","country_code":"gn"},"osm_type":"node","osm_id":2598559933,"type":"town","location":[-9.5478324,9.8818204],"bbox":[-9.5878324,9.8418204,-9.5078324,9.9218204]}
{"name":"Morodou","display_name":"Morodou, Kankan, Guinée","address":{"town":"Morodou","state":"Kankan","ISO3166-2-lvl4":"GN-K","country":"Guinée","country_code":"gn"},"population":28140,"osm_type":"node","osm_id":4816880399,"type":"town","location":[-8.6713028,10.8390535],"bbox":[-8.7113028,10.7990535,-8.6313028,10.8790535]}
{"name":"Moussadou","display_name":"Moussadou, Beyla, Nzérékoré, Guinée","address":{"town":"Moussadou","county":"Beyla","ISO3166-2-lvl6":"GN-BE","state":"Nzérékoré","ISO3166-2-lvl4":"GN-N","country":"Guinée","country_code":"gn"},"osm_type":"node","osm_id":462355552,"type":"town","location":[-8.6081107,8.769698],"bbox":[-8.6481107,8.729698,-8.5681107,8.809698]}
{"name":"Moussaya","other_names":{"name:fr":"Moussaya","alt_name":"Moussayah"},"display_name":"Moussaya, Kindia, Guinée","address":{"town":"Moussaya","state":"Kindia","ISO3166-2-lvl4":"GN-D","country":"Guinée","country_code":"gn"},"population":49000,"osm_type":"node","osm_id":3051437497,"type":"town","location":[-12.8535788,9.463163],"bbox":[-12.8935788,9.423163,-12.8135788,9.503163]}
{"name":"Moussaya","display_name":"Moussaya, Préfecture de Kouroussa, Kankan, Guinée","address":{"town":"Moussaya","county":"Préfecture de Kouroussa","ISO3166-2-lvl6":"GN-KO","state":"Kankan","ISO3166-2-lvl4":"GN-K","country":"Guinée","country_code":"gn"},"osm_type":"node","osm_id":2757328322,"type":"town","location":[-9.4337622,10.6586671],"bbox":[-9.4737622,10.6186671,-9.3937622,10.6986671]}
{"name":"N'Zoo","other_names":{"name:fr":"N'Zoo","alt_name":"Nzo"},"display_name":"N'Zoo, Lola, Nzérékoré, Guinée","address":{"town":"N'Zoo","county":"Lola","ISO3166-2-lvl6":"GN-LO","state":"Nzérékoré","ISO3166-2-lvl4":"GN-N","country":"Guinée","country_code":"gn"},"osm_type":"node","osm_id":2597353485,"type":"town","location":[-8.3136688,7.6787488],"bbox":[-8.3536688,7.6387488,-8.2736688,7.7187488]}
{"name":"Naboun","other_names":{"name:fr":"Naboun","alt_name":"Nabou"},"display_name":"Naboun, Kankan, Guinée","address":{"town":"Naboun","state":"Kankan","ISO3166-2-lvl4":"GN-K","country":"Guinée","country_code":"gn"},"osm_type":"node","osm_id":3048766892,"type":"town","location":[-9.520415,11.9847005],"bbox":[-9.560415,11.9447005,-9.480415,12.0247005]}
{"name":"Nafadji","display_name":"Nafadji, Kankan, Guinée","address":{"town":"Nafadji","state":"Kankan","ISO3166-2-lvl4":"GN-K","country":"Guinée","country_code":"gn"},"osm_type":"node","osm_id":11700962105,"type":"town","location":[-8.7754492,11.6048821],"bbox":[-8.8154492,11.5648821,-8.7354492,11.6448821]}
{"name":"Niagassola","display_name":"Niagassola, Kankan, Guinée","address":{"town":"Niagassola","state":"Kankan","ISO3166-2-lvl4":"GN-K","country":"Guinée","country_code":"gn"},"osm_type":"node","osm_id":9560632641,"type":"town","location":[-9.1218763,12.3072939],"bbox":[-9.1618763,12.2672939,-9.0818763,12.3472939]}
{"name":"Niandankoro","other_names":{"name:fr":"Niandankoro","alt_name":"Niandan Koro"},"display_name":"Niandankoro, Kankan, Guinée","address":{"town":"Niandankoro","state":"Kankan","ISO3166-2-lvl4":"GN-K","country":"Guinée","country_code":"gn"},"osm_type":"node","osm_id":1717503546,"type":"town","location":[-9.2481146,11.077132],"bbox":[-9.2881146,11.037132,-9.2081146,11.117132]}
{"name":"Niani","other_names":{"name:de":"Niani","name:fr":"Niani"},"display_name":"Niani, Kankan, Guinée","address":{"town":"Niani","state":"Kankan","ISO3166-2-lvl4":"GN-K","country":"Guinée","country_code":"gn"},"osm_type":"node","osm_id":3095123995,"type":"town","location":[-8.3863625,11.3786932],"bbox":[-8.4263625,11.3386932,-8.3463625,11.4186932]}
{"name":"Niantanina","display_name":"Niantanina, Kankan, Guinée","address":{"town":"Niantanina","state":"Kankan","ISO3166-2-lvl4":"GN-K","country":"Guinée","country_code":"gn"},"osm_type":"way","osm_id":711121547,"type":"town","location":[-8.337179906742136,10.959790649999999],"bbox":[-8.340137,10.954838,-8.3284736,10.964759]}
{"name":"Nongoa","other_names":{"name:fr":"Nongoa","alt_name":"Nongoua;Yenga"},"display_name":"Nongoa, Guéckédou, Nzérékoré, Guinée","address":{"town":"Nongoa","county":"Guéckédou","ISO3166-2-lvl6":"GN-GU","state":"Nzérékoré","ISO3166-2-lvl4":"GN-N","country":"Guinée","country_code":"gn"},"population":20,"osm_type":"node","osm_id":2756588829,"type":"town","location":[-10.3252758,8.5110305],"bbox":[-10.3652758,8.4710305,-10.2852758,8.5510305]}
{"name":"Norassoba","other_names":{"name:fr":"Norassoba","alt_name_1":"Noura"},"display_name":"Norassoba, Kankan, Guinée","address":{"town":"Norassoba","state":"Kankan","ISO3166-2-lvl4":"GN-K","country":"Guinée","country_code":"gn"},"osm_type":"node","osm_id":2757328380,"type":"town","location":[-9.4827134,10.922756],"bbox":[-9.5227134,10.882756,-9.4427134,10.962756]}
{"name":"Nounkounkan","other_names":{"alt_name":"Noukounkan"},"display_name":"Nounkounkan, Kankan, Guinée","address":{"town":"Nounkounkan","state":"Kankan","ISO3166-2-lvl4":"GN-K","country":"Guinée","country_code":"gn"},"population":12839,"osm_type":"node","osm_id":2757431191,"type":"town","location":[-9.3908091,10.968639],"bbox":[-9.4308091,10.928639,-9.3508091,11.008639],"border":[{"name":"nounkounkan","other_names":{"name:fr":"nounkounkan","alt_name":"Noukounkan","alt":"Nounkounkan"},"display_name":"nounkounkan, Kankan, Guinée","address":{"town":"nounkounkan","state":"Kankan","ISO3166-2-lvl4":"GN-K","country":"Guinée","country_code":"gn"},"population":12839,"osm_type":"way","osm_id":1180401014,"type":"administrative","location":[-9.3908091,10.968639],"bbox":[-9.4013054,10.956741,-9.3789506,10.9817238]},{"name":"Nounkounkan","other_names":{"name:fr":"Nounkounkan","alt_name":"Noukounkan"},"display_name":"Nounkounkan, Kankan, Guinée","address":{"town":"Nounkounkan","state":"Kankan","ISO3166-2-lvl4":"GN-K","country":"Guinée","country_code":"gn"},"population":12839,"osm_type":"relation","osm_id":15960713,"type":"administrative","location":[-9.3908091,10.968639],"bbox":[-9.4013054,10.956741,-9.3789506,10.9817238]}]}
{"display_name":"Nzérékoré, Guinée","address":{"county":"Nzérékoré","ISO3166-2-lvl6":"GN-NZ","state":"Nzérékoré","ISO3166-2-lvl4":"GN-N","country":"Guinée","country_code":"gn"},"osm_type":"node","osm_id":4892308664,"type":"town","location":[-9.0406307,7.8492215],"bbox":[-9.0806307,7.8092215,-9.0006307,7.8892215]}
{"name":"Ouendé-kénéma","other_names":{"name:fr":"Ouendé-kénéma","alt_name":"Kenema"},"display_name":"Ouendé-kénéma, Guéckédou, Nzérékoré, Guinée","address":{"town":"Ouendé-kénéma","county":"Guéckédou","ISO3166-2-lvl6":"GN-GU","state":"Nzérékoré","ISO3166-2-lvl4":"GN-N","country":"Guinée","country_code":"gn"},"population":34,"osm_type":"node","osm_id":2756588413,"type":"town","location":[-10.5366796,8.4482967],"bbox":[-10.5766796,8.4082967,-10.4966796,8.4882967]}
{"name":"Ouro","display_name":"Ouro, Yomou, Nzérékoré, Guinée","address":{"town":"Ouro","county":"Yomou","ISO3166-2-lvl6":"GN-YO","state":"Nzérékoré","ISO3166-2-lvl4":"GN-N","country":"Guinée","country_code":"gn"},"osm_type":"node","osm_id":4886544344,"type":"town","location":[-9.107998,7.8497628],"bbox":[-9.147998,7.8097628,-9.067998,7.8897628]}
{"name":"Palé","display_name":"Palé, Nzérékoré, Guinée","address":{"town":"Palé","county":"Nzérékoré","ISO3166-2-lvl6":"GN-NZ","state":"Nzérékoré","ISO3166-2-lvl4":"GN-N","country":"Guinée","country_code":"gn"},"osm_type":"node","osm_id":2594779381,"type":"town","location":[-8.8903983,8.0329948],"bbox":[-8.9303983,7.9929948,-8.8503983,8.0729948]}
{"name":"Parawol","display_name":"Parawol, Préfecture de Lelouma, Labé, Guinée","address":{"town":"Parawol","county":"Préfecture de Lelouma","ISO3166-2-lvl6":"GN-LE","state":"Labé","ISO3166-2-lvl4":"GN-L","country":"Guinée","country_code":"gn"},"osm_type":"node","osm_id":9532018065,"type":"town","location":[-12.6302534,11.3580367],"bbox":[-12.6702534,11.3180367,-12.5902534,11.3980367]}
{"name":"Péla","display_name":"Péla, Yomou, Nzérékoré, Guinée","address":{"town":"Péla","county":"Yomou","ISO3166-2-lvl6":"GN-YO","state":"Nzérékoré","ISO3166-2-lvl4":"GN-N","country":"Guinée","country_code":"gn"},"osm_type":"node","osm_id":476567694,"type":"town","location":[-9.1172369,7.6162564],"bbox":[-9.1572369,7.5762564,-9.0772369,7.6562564]}
{"name":"Popodara","display_name":"Popodara, Préfecture de Labé, Labé, Guinée","address":{"town":"Popodara","county":"Préfecture de Labé","ISO3166-2-lvl6":"GN-LA","state":"Labé","ISO3166-2-lvl4":"GN-L","country":"Guinée","country_code":"gn"},"osm_type":"node","osm_id":462751793,"type":"town","location":[-12.404835,11.401296],"bbox":[-12.444835,11.361296,-12.364835,11.441296]}
{"display_name":"Préfecture de Dalaba, Mamou, Guinée","address":{"county":"Préfecture de Dalaba","ISO3166-2-lvl6":"GN-DL","state":"Mamou","ISO3166-2-lvl4":"GN-M","country":"Guinée","country_code":"gn"},"osm_type":"node","osm_id":4995745909,"type":"town","location":[-11.9809816,11.2372245],"bbox":[-12.0209816,11.1972245,-11.9409816,11.2772245]}
{"display_name":"Préfecture de Kouroussa, Kankan, Guinée","address":{"county":"Préfecture de Kouroussa","ISO3166-2-lvl6":"GN-KO","state":"Kankan","ISO3166-2-lvl4":"GN-K","country":"Guinée","country_code":"gn"},"osm_type":"node","osm_id":2995936383,"type":"town","location":[-10.40148,11.1882365],"bbox":[-10.44148,11.1482365,-10.36148,11.2282365]}
{"display_name":"Préfecture de Tougué, Labé, Guinée","address":{"county":"Préfecture de Tougué","ISO3166-2-lvl6":"GN-TO","state":"Labé","ISO3166-2-lvl4":"GN-L","country":"Guinée","country_code":"gn"},"osm_type":"node","osm_id":4995872229,"type":"town","location":[-11.7103838,11.2705536],"bbox":[-11.7503838,11.2305536,-11.6703838,11.3105536]}
{"display_name":"Préfecture de Tougué, Labé, Guinée","address":{"county":"Préfecture de Tougué","ISO3166-2-lvl6":"GN-TO","state":"Labé","ISO3166-2-lvl4":"GN-L","country":"Guinée","country_code":"gn"},"osm_type":"node","osm_id":4995872223,"type":"town","location":[-11.7267322,11.2731616],"bbox":[-11.7667322,11.2331616,-11.6867322,11.3131616]}
{"display_name":"Préfecture de Tougué, Labé, Guinée","address":{"county":"Préfecture de Tougué","ISO3166-2-lvl6":"GN-TO","state":"Labé","ISO3166-2-lvl4":"GN-L","country":"Guinée","country_code":"gn"},"osm_type":"node","osm_id":4995862613,"type":"town","location":[-11.8142622,11.2580907],"bbox":[-11.8542622,11.2180907,-11.7742622,11.2980907]}
{"name":"Sabadou-Baranama","display_name":"Sabadou-Baranama, Kankan, Guinée","address":{"town":"Sabadou-Baranama","state":"Kankan","ISO3166-2-lvl4":"GN-K","country":"Guinée","country_code":"gn"},"osm_type":"node","osm_id":4883800228,"type":"town","location":[-8.7661514,10.1285814],"bbox":[-8.8061514,10.0885814,-8.7261514,10.1685814]}
{"name":"Sala","display_name":"Sala, Kankan, Guinée","address":{"town":"Sala","state":"Kankan","ISO3166-2-lvl4":"GN-K","country":"Guinée","country_code":"gn"},"osm_type":"node","osm_id":3070261493,"type":"town","location":[-8.9437174,11.8520546],"bbox":[-8.9837174,11.8120546,-8.9037174,11.8920546]}
{"name":"Saloya","other_names":{"name:fr":"Saloya","alt_name":"Souloïa"},"display_name":"Saloya, Faranah, Guinée","address":{"town":"Saloya","state":"Faranah","ISO3166-2-lvl4":"GN-F","country":"Guinée","country_code":"gn"},"osm_type":"node","osm_id":3454102201,"type":"town","location":[-11.2924736,10.1722653],"bbox":[-11.3324736,10.1322653,-11.2524736,10.2122653]}
{"name":"Samanin","other_names":{"name:fr":"Samanin","alt_name":"Samané"},"display_name":"Samanin, Kintinian, Kankan, Guinée","address":{"town":"Samanin","state":"Kankan","ISO3166-2-lvl4":"GN-K","country":"Guinée","country_code":"gn"},"osm_type":"node","osm_id":3046920890,"type":"town","location":[-9.4559201,11.4837038],"bbox":[-9.4959201,11.4437038,-9.4159201,11.5237038],"border":{"name":"Samanin","display_name":"Samanin, Kintinian, Kankan, Guinée","address":{"suburb":"Samanin","town":"Kintinian","state":"Kankan","ISO3166-2-lvl4":"GN-K","country":"Guinée","country_code":"gn"},"osm_type":"relation","osm_id":9321499,"type":"administrative","location":[-9.451304425045075,11.4917898],"bbox":[-9.5210964,11.4404465,-9.3936161,11.5430292]}}
{"name":"Samoé","display_name":"Samoé, Nzérékoré, Guinée","address":{"town":"Samoé","county":"Nzérékoré","ISO3166-2-lvl6":"GN-NZ","state":"Nzérékoré","ISO3166-2-lvl4":"GN-N","country":"Guinée","country_code":"gn"},"osm_type":"node","osm_id":2595412908,"type":"town","location":[-8.8629892,7.8091401],"bbox":[-8.9029892,7.7691401,-8.8229892,7.8491401]}
{"name":"Sangardo","display_name":"Sangardo, Faranah, Guinée","address":{"town":"Sangardo","state":"Faranah","ISO3166-2-lvl4":"GN-F","country":"Guinée","country_code":"gn"},"osm_type":"node","osm_id":2741745406,"type":"town","location":[-10.1429645,9.558728],"bbox":[-10.1829645,9.518728,-10.1029645,9.598728]}
{"name":"Sangarédi","display_name":"Sangarédi, Boké, Guinée","address":{"town":"Sangarédi","state":"Boké","ISO3166-2-lvl4":"GN-B","country":"Guinée","country_code":"gn"},"osm_type":"node","osm_id":3060297654,"type":"town","location":[-13.8106,11.104],"bbox":[-13.8506,11.064,-13.7706,11.144]}
{"name":"Sansanbaya","other_names":{"name:fr":"Sansanbaya","alt_name":"Sanoainbaya"},"display_name":"Sansanbaya, Kankan, Guinée","address":{"town":"Sansanbaya","state":"Kankan","ISO3166-2-lvl4":"GN-K","country":"Guinée","country_code":"gn"},"osm_type":"node","osm_id":2598559935,"type":"town","location":[-9.7110831,9.8471296],"bbox":[-9.7510831,9.8071296,-9.6710831,9.8871296]}
{"name":"Sansando","display_name":"Sansando, Kankan, Guinée","address":{"town":"Sansando","state":"Kankan","ISO3166-2-lvl4":"GN-K","country":"Guinée","country_code":"gn"},"osm_type":"node","osm_id":3067847063,"type":"town","location":[-9.197244,11.077097],"bbox":[-9.237244,11.037097,-9.157244,11.117097]}
{"name":"Saréboïdo","display_name":"Saréboïdo, Préfecture de Koundara, Boké, Guinée","address":{"town":"Saréboïdo","county":"Préfecture de Koundara","ISO3166-2-lvl6":"GN-KN","state":"Boké","ISO3166-2-lvl4":"GN-B","country":"Guinée","country_code":"gn"},"osm_type":"node","osm_id":2520267164,"type":"town","location":[-13.5289661,12.4043823],"bbox":[-13.5689661,12.3643823,-13.4889661,12.4443823]}
{"name":"Séla","display_name":"Séla, Kankan, Guinée","address":{"town":"Séla","state":"Kankan","ISO3166-2-lvl4":"GN-K","country":"Guinée","country_code":"gn"},"osm_type":"node","osm_id":3046920891,"type":"town","location":[-9.6638688,11.5762143],"bbox":[-9.7038688,11.5362143,-9.6238688,11.6162143]}
{"name":"Sélouma","display_name":"Sélouma, Dinguiraye, Faranah, Guinée","address":{"town":"Sélouma","county":"Dinguiraye","state":"Faranah","ISO3166-2-lvl4":"GN-F","country":"Guinée","country_code":"gn"},"osm_type":"node","osm_id":3066342880,"type":"town","location":[-10.9713732,11.1135656],"bbox":[-11.0113732,11.0735656,-10.9313732,11.1535656]}
{"name":"Sérakoro","display_name":"Sérakoro, Préfecture de Kouroussa, Kankan, Guinée","address":{"town":"Sérakoro","county":"Préfecture de Kouroussa","ISO3166-2-lvl6":"GN-KO","state":"Kankan","ISO3166-2-lvl4":"GN-K","country":"Guinée","country_code":"gn"},"osm_type":"node","osm_id":2757328519,"type":"town","location":[-9.7505472,10.4315498],"bbox":[-9.7905472,10.3915498,-9.7105472,10.4715498]}
{"name":"Seridindin","display_name":"Seridindin, Kankan, Guinée","address":{"town":"Seridindin","state":"Kankan","ISO3166-2-lvl4":"GN-K","country":"Guinée","country_code":"gn"},"osm_type":"node","osm_id":2540991852,"type":"town","location":[-9.0814469,11.8141746],"bbox":[-9.1214469,11.7741746,-9.0414469,11.8541746]}
{"name":"Sètiguiya","other_names":{"name:fr":"Sètiguiya","alt_name":"Setiguia"},"display_name":"Sètiguiya, Kintinian, Kankan, Guinée","address":{"town":"Sètiguiya","state":"Kankan","ISO3166-2-lvl4":"GN-K","country":"Guinée","country_code":"gn"},"osm_type":"node","osm_id":3047079460,"type":"town","location":[-9.3724071,11.6148269],"bbox":[-9.4124071,11.5748269,-9.3324071,11.6548269]}
{"name":"Sidikila","display_name":"Sidikila, Kankan, Guinée","address":{"town":"Sidikila","state":"Kankan","ISO3166-2-lvl4":"GN-K","country":"Guinée","country_code":"gn"},"osm_type":"node","osm_id":12652170433,"type":"town","location":[-8.4911717,11.2396132],"bbox":[-8.5311717,11.1996132,-8.4511717,11.2796132]}
{"name":"Siguirini","display_name":"Siguirini, Kankan, Guinée","address":{"town":"Siguirini","state":"Kankan","ISO3166-2-lvl4":"GN-K","country":"Guinée","country_code":"gn"},"osm_type":"node","osm_id":3045876975,"type":"town","location":[-10.0419784,11.8267004],"bbox":[-10.0819784,11.7867004,-10.0019784,11.8667004]}
{"name":"Sinin ko","other_names":{"name:fr":"Sinin ko","alt_name":"Sinoko"},"display_name":"Sinin ko, Kankan, Guinée","address":{"town":"Sinin ko","state":"Kankan","ISO3166-2-lvl4":"GN-K","country":"Guinée","country_code":"gn"},"osm_type":"node","osm_id":3066144948,"type":"town","location":[-9.135722,11.9454457],"bbox":[-9.175722,11.9054457,-9.095722,11.9854457]}
{"name":"Sinko","other_names":{"name:fr":"Sinko","alt_name":"Sènko"},"display_name":"Sinko, Beyla, Nzérékoré, Guinée","address":{"town":"Sinko","county":"Beyla","ISO3166-2-lvl6":"GN-BE","state":"Nzérékoré","ISO3166-2-lvl4":"GN-N","country":"Guinée","country_code":"gn"},"osm_type":"node","osm_id":462356839,"type":"town","location":[-8.270819,8.878697],"bbox":[-8.310819,8.838697,-8.230819,8.918697]}
{"name":"Siriadou","display_name":"Siriadou, Faranah, Guinée","address":{"town":"Siriadou","state":"Faranah","ISO3166-2-lvl4":"GN-F","country":"Guinée","country_code":"gn"},"osm_type":"node","osm_id":8736250247,"type":"town","location":[-9.9475914,9.327915],"bbox":[-9.9875914,9.287915,-9.9075914,9.367915]}
{"name":"Sokourala","other_names":{"name:fr":"Sokourala","alt_name":"Soukourala"},"display_name":"Sokourala, Beyla, Nzérékoré, Guinée","address":{"town":"Sokourala","county":"Beyla","ISO3166-2-lvl6":"GN-BE","state":"Nzérékoré","ISO3166-2-lvl4":"GN-N","country":"Guinée","country_code":"gn"},"osm_type":"node","osm_id":703943080,"type":"town","location":[-8.0609107,9.2148219],"bbox":[-8.1009107,9.1748219,-8.0209107,9.2548219]}
{"name":"Sougueta","other_names":{"name:fr":"Sougueta","alt_name":"Sougeta"},"display_name":"Sougueta, Kindia, Guinée","address":{"town":"Sougueta","state":"Kindia","ISO3166-2-lvl4":"GN-D","country":"Guinée","country_code":"gn"},"osm_type":"node","osm_id":1750710255,"type":"town","location":[-12.5333544,10.1478119],"bbox":[-12.5733544,10.1078119,-12.4933544,10.1878119]}
{"name":"Soulouta","display_name":"Soulouta, Nzérékoré, Guinée","address":{"town":"Soulouta","county":"Nzérékoré","ISO3166-2-lvl6":"GN-NZ","state":"Nzérékoré","ISO3166-2-lvl4":"GN-N","country":"Guinée","country_code":"gn"},"osm_type":"node","osm_id":2594779385,"type":"town","location":[-8.687099,7.974066],"bbox":[-8.727099,7.934066,-8.647099,8.014066]}
{"name":"Soumbarakolé","display_name":"Soumbarakolé, Kankan, Guinée","address":{"town":"Soumbarakolé","state":"Kankan","ISO3166-2-lvl4":"GN-K","country":"Guinée","country_code":"gn"},"osm_type":"node","osm_id":2442440406,"type":"town","location":[-9.0592751,11.7085579],"bbox":[-9.0992751,11.6685579,-9.0192751,11.7485579]}
{"name":"Tangali","display_name":"Tangali, Préfecture de Tougué, Labé, Guinée","address":{"town":"Tangali","county":"Préfecture de Tougué","ISO3166-2-lvl6":"GN-TO","state":"Labé","ISO3166-2-lvl4":"GN-L","country":"Guinée","country_code":"gn"},"osm_type":"node","osm_id":2462970435,"type":"town","location":[-11.9173972,11.3473418],"bbox":[-11.9573972,11.3073418,-11.8773972,11.3873418]}
{"name":"Télimélé","other_names":{"name:fr":"Télimélé","name:ru":"Телимеле","alt_name":"Telemele"},"display_name":"Télimélé, Kindia, Guinée","address":{"town":"Télimélé","state":"Kindia","ISO3166-2-lvl4":"GN-D","country":"Guinée","country_code":"gn"},"population":24761,"osm_type":"node","osm_id":321619917,"type":"town","location":[-13.0326711,10.9020333],"bbox":[-13.0726711,10.8620333,-12.9926711,10.9420333]}
{"name":"Tianguel-Bori","display_name":"Tianguel-Bori, Tyanguel-bori, Préfecture de Lelouma, Labé, Guinée","address":{"town":"Tianguel-Bori","city":"Tyanguel-bori","county":"Préfecture de Lelouma","ISO3166-2-lvl6":"GN-LE","state":"Labé","ISO3166-2-lvl4":"GN-L","country":"Guinée","country_code":"gn"},"osm_type":"node","osm_id":2520025065,"type":"town","location":[-12.5374066,11.6350645],"bbox":[-12.5774066,11.5950645,-12.4974066,11.6750645],"border":{"name":"Tyanguel-bori","other_names":{"name:fr":"Tyanguel-bori","alt_name":"Tianguel-Bori"},"display_name":"Tyanguel-bori, Préfecture de Lelouma, Labé, Guinée","address":{"city":"Tyanguel-bori","county":"Préfecture de Lelouma","ISO3166-2-lvl6":"GN-LE","state":"Labé","ISO3166-2-lvl4":"GN-L","country":"Guinée","country_code":"gn"},"osm_type":"relation","osm_id":8836172,"type":"administrative","location":[-12.619078690966113,11.6357112],"bbox":[-12.7663254,11.5267637,-12.4219804,11.7441767]}}
{"name":"Timbi-Touny","display_name":"Timbi-Touny, Préfecture de Pita, Mamou, Guinée","address":{"town":"Timbi-Touny","county":"Préfecture de Pita","ISO3166-2-lvl6":"GN-PI","state":"Mamou","ISO3166-2-lvl4":"GN-M","country":"Guinée","country_code":"gn"},"osm_type":"node","osm_id":4895330661,"type":"town","location":[-12.5040397,11.1202097],"bbox":[-12.5440397,11.0802097,-12.4640397,11.1602097]}
{"name":"Timbo","display_name":"Timbo, Mamou, Guinée","address":{"town":"Timbo","state":"Mamou","ISO3166-2-lvl4":"GN-M","country":"Guinée","country_code":"gn"},"osm_type":"node","osm_id":2598762472,"type":"town","location":[-11.828446,10.6342624],"bbox":[-11.868446,10.5942624,-11.788446,10.6742624]}
{"name":"Tiro","display_name":"Tiro, Faranah, Guinée","address":{"town":"Tiro","state":"Faranah","ISO3166-2-lvl4":"GN-F","country":"Guinée","country_code":"gn"},"osm_type":"node","osm_id":4892439328,"type":"town","location":[-10.6359449,9.7389019],"bbox":[-10.6759449,9.6989019,-10.5959449,9.7789019]}
{"name":"Tokounou","other_names":{"name:fr":"Tokounou","alt_name":"Toukounou","alt_name_1":"Tokonou"},"display_name":"Tokounou, Kankan, Guinée","address":{"town":"Tokounou","state":"Kankan","ISO3166-2-lvl4":"GN-K","country":"Guinée","country_code":"gn"},"osm_type":"node","osm_id":462351845,"type":"town","location":[-9.776064,9.6546735],"bbox":[-9.816064,9.6146735,-9.736064,9.6946735]}
{"name":"Tomba Kanssa","display_name":"Tomba Kanssa, Tomba-kanssa, Kankan, Guinée","address":{"town":"Tomba Kanssa","state":"Kankan","ISO3166-2-lvl4":"GN-K","country":"Guinée","country_code":"gn"},"osm_type":"node","osm_id":10961683446,"type":"town","location":[-10.1889916,11.7232138],"bbox":[-10.2289916,11.6832138,-10.1489916,11.7632138],"border":{"name":"Tomba-kanssa","other_names":{"name:fr":"Tomba-kanssa","alt":"Tomba Kanssa"},"display_name":"Tomba-kanssa, Kankan, Guinée","address":{"town":"Tomba-kanssa","state":"Kankan","ISO3166-2-lvl4":"GN-K","country":"Guinée","country_code":"gn"},"osm_type":"relation","osm_id":15962609,"type":"administrative","location":[-10.1889916,11.7232138],"bbox":[-10.2703271,11.4639984,-10.0545597,11.8908662]}}
{"name":"Tonborho","display_name":"Tonborho, Kankan, Guinée","address":{"town":"Tonborho","state":"Kankan","ISO3166-2-lvl4":"GN-K","country":"Guinée","country_code":"gn"},"osm_type":"node","osm_id":2541009618,"type":"town","location":[-8.9494287,11.8366302],"bbox":[-8.9894287,11.7966302,-8.9094287,11.8766302]}
{"name":"Tondon","display_name":"Tondon, Kindia, Guinée","address":{"town":"Tondon","state":"Kindia","ISO3166-2-lvl4":"GN-D","country":"Guinée","country_code":"gn"},"osm_type":"node","osm_id":3327442627,"type":"town","location":[-13.355724,10.371473],"bbox":[-13.395724,10.331473,-13.315724,10.411473]}
{"name":"Tougué","display_name":"Tougué, Préfecture de Tougué, Labé, Guinée","address":{"town":"Tougué","county":"Préfecture de Tougué","ISO3166-2-lvl6":"GN-TO","state":"Labé","ISO3166-2-lvl4":"GN-L","country":"Guinée","country_code":"gn"},"osm_type":"node","osm_id":2462970438,"type":"town","location":[-11.6629484,11.4394566],"bbox":[-11.7029484,11.3994566,-11.6229484,11.4794566]}
{"name":"Tounkarata","other_names":{"name:fr":"Tounkarata","alt_name":"Tongarata"},"display_name":"Tounkarata, Lola, Nzérékoré, Guinée","address":{"town":"Tounkarata","county":"Lola","ISO3166-2-lvl6":"GN-LO","state":"Nzérékoré","ISO3166-2-lvl4":"GN-N","country":"Guinée","country_code":"gn"},"osm_type":"node","osm_id":2320050142,"type":"town","location":[-8.1979566,7.7786376],"bbox":[-8.2379566,7.7386376,-8.1579566,7.8186376]}
{"name":"Wendou M'Bour","display_name":"Wendou M'Bour, Préfecture de Gaoual, Boké, Guinée","address":{"town":"Wendou M'Bour","county":"Préfecture de Gaoual","ISO3166-2-lvl6":"GN-GA","state":"Boké","ISO3166-2-lvl4":"GN-B","country":"Guinée","country_code":"gn"},"osm_type":"node","osm_id":2245118141,"type":"town","location":[-13.8752228,11.4335112],"bbox":[-13.9152228,11.3935112,-13.8352228,11.4735112]}
{"name":"Womey","other_names":{"name:fr":"Womey","alt_name":"Ouomé"},"display_name":"Womey, Nzérékoré, Guinée","address":{"town":"Womey","county":"Nzérékoré","ISO3166-2-lvl6":"GN-NZ","state":"Nzérékoré","ISO3166-2-lvl4":"GN-N","country":"Guinée","country_code":"gn"},"osm_type":"node","osm_id":2594779390,"type":"town","location":[-8.7808635,8.0776989],"bbox":[-8.8208635,8.0376989,-8.7408635,8.1176989]}
{"name":"Yalenzou","display_name":"Yalenzou, Nzérékoré, Guinée","address":{"town":"Yalenzou","county":"Nzérékoré","ISO3166-2-lvl6":"GN-NZ","state":"Nzérékoré","ISO3166-2-lvl4":"GN-N","country":"Guinée","country_code":"gn"},"osm_type":"node","osm_id":2595724376,"type":"town","location":[-8.688867,7.709427],"bbox":[-8.728867,7.669427,-8.648867,7.749427]}
{"name":"Yembering","other_names":{"name:fr":"Yembering","alt_name":"Yimbéring"},"display_name":"Yembering, Préfecture de Mali, Labé, Guinée","address":{"town":"Yembering","county":"Préfecture de Mali","ISO3166-2-lvl6":"GN-ML","state":"Labé","ISO3166-2-lvl4":"GN-L","country":"Guinée","country_code":"gn"},"osm_type":"node","osm_id":2461691499,"type":"town","location":[-12.3491158,11.8161979],"bbox":[-12.3891158,11.7761979,-12.3091158,11.8561979]}
{"name":"Yombiro","display_name":"Yombiro, Faranah, Guinée","address":{"town":"Yombiro","state":"Faranah","ISO3166-2-lvl4":"GN-F","country":"Guinée","country_code":"gn"},"osm_type":"node","osm_id":2741637868,"type":"town","location":[-10.306377,9.0882155],"bbox":[-10.346377,9.0482155,-10.266377,9.1282155]}
{"name":"Yomou","other_names":{"name:fr":"Yomou","name:ru":"Йому"},"display_name":"Yomou, Nzérékoré, Guinée","address":{"town":"Yomou","county":"Yomou","ISO3166-2-lvl6":"GN-YO","state":"Nzérékoré","ISO3166-2-lvl4":"GN-N","country":"Guinée","country_code":"gn"},"osm_type":"node","osm_id":2595412917,"type":"town","location":[-9.2597491,7.5695786],"bbox":[-9.2997491,7.5295786,-9.2197491,7.6095786],"border":{"name":"Yomou","other_names":{"name:en":"Yomou Prefecture","name:fr":"Préfecture de Yomou","ISO3166-2":"GN-YO"},"display_name":"Yomou, Nzérékoré, Guinée","address":{"county":"Yomou","ISO3166-2-lvl6":"GN-YO","state":"Nzérékoré","ISO3166-2-lvl4":"GN-N","country":"Guinée","country_code":"gn"},"osm_type":"relation","osm_id":3400656,"type":"administrative","location":[-9.125011328958427,7.53455495],"bbox":[-9.4844362,7.1906045,-8.7959941,7.8812069]}}
