{"name":"Abuko","display_name":"Abuko, Kombo North/Saint Mary, Brikama, West Coast, Gambia","address":{"town":"Abuko","county":"Kombo North/Saint Mary","state_district":"Brikama","state":"West Coast","ISO3166-2-lvl4":"GM-W","country":"Gambia","country_code":"gm"},"population":8089,"osm_type":"node","osm_id":2616155056,"type":"town","location":[-16.660575,13.403813],"bbox":[-16.700575,13.363813,-16.620575,13.443813]}
{"name":"Badja Kunda","display_name":"Badja Kunda, Wuli East, Basse, Upper River, Gambia","address":{"town":"Badja Kunda","county":"Wuli East","state_district":"Basse","state":"Upper River","ISO3166-2-lvl4":"GM-U","country":"Gambia","country_code":"gm"},"population":3938,"osm_type":"node","osm_id":2611642740,"type":"town","location":[-14.050921,13.471415],"bbox":[-14.090921,13.431415,-14.010921,13.511415]}
{"name":"Banjul","other_names":{"name:am":"ባንጁል","name:ar":"بانجول","name:be":"Банжул","name:bg":"Банджул","name:bo":"བཱན་ཇཱུ་ལ།","name:br":"Banjul","name:ca":"Banjul","name:de":"Banjul","name:el":"Μπανζούλ","name:en":"Banjul","name:eo":"Banĵulo","name:es":"Banjul","name:fa":"بانجول","name:fr":"Banjul","name:he":"בנג'ול","name:hi":"बाञ्जुल","name:ht":"Banjoul","name:hu":"Banjul","name:hy":"Բանջուլ","name:is":"Banjul","name:ja":"バンジュール","name:ka":"ბანჯული","name:ko":"반줄","name:ky":"Банжул","name:la":"Bathurstopolis","name:lt":"Bandžulis","name:lv":"Bandžula","name:mk":"Банџул","name:mr":"बंजुल","name:oc":"Banjul","name:pl":"Bandżul","name:ru":"Банжул","name:sr":"Банџул","name:sv":"Banjul","name:ta":"பஞ்சுல்","name:tg":"Банҷул","name:th":"บันจูล","name:uk":"Банжул","name:ur":"بانجول","name:yi":"באנזשול","name:zh":"班珠尔 / 班竹","name:azb":"بانجول","name:ckb":"بانجول","name:grc":"Βανζούλη","name:mrj":"Банжул","name:nah":"Banyul","name:pnb":"بانجول","name:udm":"Банжул","old_name":"Bathurst","old_name:fr":"Bathurst","name:zh-Hans":"班珠尔","name:zh-Hant":"班珠爾 / 班竹","name:zh-Hant-HK":"班珠爾","name:zh-Hant-TW":"班竹"},"display_name":"Banjul, Gambia","address":{"town":"Banjul","ISO3166-2-lvl4":"GM-B","country":"Gambia","country_code":"gm"},"population":31356,"osm_type":"node","osm_id":249167555,"type":"town","location":[-16.575646,13.45535],"bbox":[-16.615646,13.41535,-16.535646,13.49535],"border":{"name":"Banjul","other_names":{"name:af":"Banjul","name:am":"ባንጁል","name:an":"Banjul","name:ar":"بانجول","name:az":"Bancul","name:be":"Банжул","name:bg":"Банджул","name:bn":"বাঞ্জুল","name:bo":"བཱན་ཇཱུ་ལ།","name:br":"Banjul","name:bs":"Banjul","name:ca":"Banjul","name:ce":"Банжул","name:cs":"Banjul","name:cy":"Banjul","name:da":"Banjul","name:de":"Banjul","name:el":"Μπανζούλ","name:en":"Banjul","name:es":"Banjul","name:et":"Banjul","name:eu":"Banjul","name:fa":"بانجول","name:ff":"Bannjulu","name:fr":"Banjul","name:fy":"Banjul","name:ga":"Banjul","name:gd":"Banjul","name:gl":"Banjul","name:gn":"Banjul","name:ha":"Banjul","name:he":"בנג'ול","name:hi":"बाञ्जुल","name:hr":"Banjul","name:ht":"Banjoul","name:hu":"Banjul","name:hy":"Բանջուլ","name:ia":"Banjul","name:id":"Banjul","name:ie":"Banjul","name:io":"Banjul","name:is":"Banjul","name:it":"Banjul","name:ja":"バンジュール","name:jv":"Banjul","name:ka":"ბანჯული","name:kg":"Banjul","name:kk":"Банжул","name:ko":"반줄","name:ku":"Banjul","name:kw":"Banjul","name:ky":"Банжул","name:la":"Baniulum","name:lb":"Banjul","name:lt":"Bandžulis","name:lv":"Bandžula","name:mk":"Банџул","name:ml":"ബഞ്ജുൾ","name:mr":"बंजुल","name:ms":"Banjul","name:nl":"Banjul","name:nn":"Banjul","name:no":"Banjul","name:ny":"Banjul","name:oc":"Banjul","name:os":"Банджул","name:pa":"ਬੰਜੁਲ","name:pl":"Bandżul","name:ps":"بانجول","name:pt":"Banjul","name:qu":"Banjul","name:ro":"Banjul","name:ru":"Банжул","name:rw":"Banjul","name:sc":"Banjul","name:sh":"Banjul","name:sk":"Banjul","name:sl":"Banjul","name:sn":"Banjul","name:so":"Banjul","name:sq":"Banxhul","name:sr":"Банџул","name:sv":"Banjul","name:sw":"Banjul","name:ta":"பஞ்சுல்","name:tg":"Бонҷул","name:th":"บันจูล","name:tl":"Banjul","name:tr":"Banjul","name:uk":"Банжул","name:ur":"بانجول","name:uz":"Banjul","name:vi":"Banjul","name:vo":"Banjul","name:wo":"Banjul","name:yi":"באנזשול","name:yo":"Banjul","name:zh":"班珠尔 / 班竹","name:arz":"بانجول","name:ast":"Banxul","name:avk":"Banjul","name:azb":"بانجول","name:cdo":"Banjul","name:ceb":"Banjul (ulohang dakbayan sa Gambiya)","name:ckb":"بانجول","name:diq":"Banjul","name:frr":"Banjul","name:grc":"Βανζούλη","name:hak":"Banjul","name:hif":"Banjul","name:hsb":"Banjul","name:hyw":"Պանճուլ","name:kab":"Banjul","name:lfn":"Banjul","name:lij":"Banjul","name:lmo":"Banjul","name:mrj":"Банжул","name:mzn":"بانجول","name:nan":"Banjul","name:nds":"Banjul","name:nov":"Banjul","name:nqo":"ߓߊ߲߬ߖߎߟ","name:pms":"Banjul","name:pnb":"بانجول","name:sco":"Banjul","name:smn":"Banjul","name:szl":"Bandżul","name:udm":"Банжул","name:vec":"Banjul","name:vep":"Banžul","name:vro":"Banjul","name:war":"Banjul","name:wuu":"班珠尔","name:xmf":"ბანჯული","name:yue":"班珠爾","ISO3166-2":"GM-B","name:zh-Hans":"班珠尔","name:zh-Hant":"班珠爾 / 班竹","name:eo":"Banĵulo","name:be-tarask":"Банжул","name:nah":"Banyul","old_name":"Bathurst","name:zh-Hant-CN":"班珠爾","name:zh-Hant-HK":"班珠爾","name:zh-Hant-TW":"班竹","old_name:fr":"Bathurst","alt:la":"Bathurstopolis","alt:tg":"Банҷул"},"display_name":"Banjul, Gambia","address":{"town":"Banjul","ISO3166-2-lvl4":"GM-B","country":"Gambia","country_code":"gm"},"population":31356,"osm_type":"relation","osm_id":3214211,"type":"administrative","location":[-16.575646,13.45535],"bbox":[-16.5966956,13.4196522,-16.535462,13.4718799]}}
{"name":"Banjulinding","display_name":"Banjulinding, Kombo North/Saint Mary, Brikama, West Coast, Gambia","address":{"town":"Banjulinding","county":"Kombo North/Saint Mary","state_district":"Brikama","state":"West Coast","ISO3166-2-lvl4":"GM-W","country":"Gambia","country_code":"gm"},"osm_type":"node","osm_id":6257820513,"type":"town","location":[-16.6530548,13.3765391],"bbox":[-16.6930548,13.3365391,-16.6130548,13.4165391]}
{"name":"Bansang","display_name":"Bansang, Upper Fuladu West, Janjanbureh, Central River, Gambia","address":{"town":"Bansang","county":"Upper Fuladu West","state_district":"Janjanbureh","state":"Central River","ISO3166-2-lvl4":"GM-M","country":"Gambia","country_code":"gm"},"osm_type":"node","osm_id":1224809649,"type":"town","location":[-14.6587882,13.4357739],"bbox":[-14.6987882,13.3957739,-14.6187882,13.4757739]}
{"name":"Barra","display_name":"Barra, Lower Niumi, Kerewan, North Bank, Gambia","address":{"town":"Barra","county":"Lower Niumi","state_district":"Kerewan","state":"North Bank","ISO3166-2-lvl4":"GM-N","country":"Gambia","country_code":"gm"},"osm_type":"node","osm_id":11017761232,"type":"town","location":[-16.5434548,13.4855782],"bbox":[-16.5834548,13.4455782,-16.5034548,13.5255782],"border":{"name":"Barra","display_name":"Barra, Lower Niumi, Kerewan, North Bank, Gambia","address":{"town":"Barra","county":"Lower Niumi","state_district":"Kerewan","state":"North Bank","ISO3166-2-lvl4":"GM-N","country":"Gambia","country_code":"gm"},"osm_type":"way","osm_id":256051380,"type":"town","location":[-16.5434548,13.4855782],"bbox":[-16.5466787,13.4807452,-16.5397885,13.4908739]}}
{"name":"Basse Santa Su","display_name":"Basse Santa Su, Basse Fulladu East, Basse, Upper River, Gambia","address":{"town":"Basse Santa Su","county":"Basse Fulladu East","state_district":"Basse","state":"Upper River","ISO3166-2-lvl4":"GM-U","country":"Gambia","country_code":"gm"},"population":11859,"osm_type":"node","osm_id":2612325231,"type":"town","location":[-14.2150033,13.31004],"bbox":[-14.2550033,13.27004,-14.1750033,13.35004]}
{"name":"Brikama Ba","display_name":"Brikama Ba, Lower Fuladu West, Janjanbureh, Central River, Gambia","address":{"town":"Brikama Ba","county":"Lower Fuladu West","state_district":"Janjanbureh","state":"Central River","ISO3166-2-lvl4":"GM-M","country":"Gambia","country_code":"gm"},"osm_type":"node","osm_id":2562957722,"type":"town","location":[-14.927528,13.537606],"bbox":[-14.967528,13.497606,-14.887528,13.577606]}
{"name":"Brikama","display_name":"Brikama, Kombo North/Saint Mary, Brikama, West Coast, Gambia","address":{"town":"Brikama","county":"Kombo North/Saint Mary","state_district":"Brikama","state":"West Coast","ISO3166-2-lvl4":"GM-W","country":"Gambia","country_code":"gm"},"osm_type":"node","osm_id":249167597,"type":"town","location":[-16.6454431,13.2743914],"bbox":[-16.6854431,13.2343914,-16.6054431,13.3143914]}
{"name":"Busumbala","other_names":{"name:en":"Busumbala","old_name":"Old-Busumbala"},"display_name":"Busumbala, Kombo North/Saint Mary, Brikama, West Coast, Gambia","address":{"town":"Busumbala","county":"Kombo North/Saint Mary","state_district":"Brikama","state":"West Coast","ISO3166-2-lvl4":"GM-W","country":"Gambia","country_code":"gm"},"population":11189,"osm_type":"node","osm_id":12922112381,"type":"town","location":[-16.6667198,13.3333776],"bbox":[-16.7067198,13.2933776,-16.6267198,13.3733776]}
{"name":"Farafenni","display_name":"Farafenni, Illiasa, Kerewan, North Bank, Gambia","address":{"town":"Farafenni","county":"Illiasa","state_district":"Kerewan","state":"North Bank","ISO3166-2-lvl4":"GM-N","country":"Gambia","country_code":"gm"},"population":19512,"osm_type":"node","osm_id":249169367,"type":"town","location":[-15.5979467,13.5721243],"bbox":[-15.6379467,13.5321243,-15.5579467,13.6121243]}
{"name":"Fass","other_names":{"name:en":"Fass","alt_name":"Fass Njaga Choi"},"display_name":"Fass, Lower Niumi, Kerewan, North Bank, Gambia","address":{"town":"Fass","county":"Lower Niumi","state_district":"Kerewan","state":"North Bank","ISO3166-2-lvl4":"GM-N","country":"Gambia","country_code":"gm"},"population":3020,"osm_type":"node","osm_id":2617758506,"type":"town","location":[-16.42609,13.564147],"bbox":[-16.46609,13.524147,-16.38609,13.604147]}
{"name":"Fatoto","display_name":"Fatoto, Kantora, Basse, Upper River, Gambia","address":{"town":"Fatoto","county":"Kantora","state_district":"Basse","state":"Upper River","ISO3166-2-lvl4":"GM-U","country":"Gambia","country_code":"gm"},"osm_type":"node","osm_id":1848292178,"type":"town","location":[-13.891031,13.399247],"bbox":[-13.931031,13.359247,-13.851031,13.439247],"border":{"name":"Fatoto","display_name":"Fatoto, Kantora, Basse, Upper River, Gambia","address":{"administrative":"Fatoto","county":"Kantora","state_district":"Basse","state":"Upper River","ISO3166-2-lvl4":"GM-U","country":"Gambia","country_code":"gm"},"osm_type":"way","osm_id":1098564670,"type":"administrative","location":[-13.889870339969605,13.402016249999999],"bbox":[-13.9006891,13.3945037,-13.8754244,13.4114769]}}
{"name":"Garowol","display_name":"Garowol, Kantora, Basse, Upper River, Gambia","address":{"town":"Garowol","county":"Kantora","state_district":"Basse","state":"Upper River","ISO3166-2-lvl4":"GM-U","country":"Gambia","country_code":"gm"},"population":8272,"osm_type":"node","osm_id":2609154078,"type":"town","location":[-13.939908,13.414043],"bbox":[-13.979908,13.374043,-13.899908,13.454043],"border":{"name":"Garowol","display_name":"Garowol, Kantora, Basse, Upper River, Gambia","address":{"town":"Garowol","county":"Kantora","state_district":"Basse","state":"Upper River","ISO3166-2-lvl4":"GM-U","country":"Gambia","country_code":"gm"},"population":8272,"osm_type":"way","osm_id":255193942,"type":"town","location":[-13.939908,13.414043],"bbox":[-13.9430344,13.4032503,-13.9336178,13.4187794]}}
{"name":"Gunjur","display_name":"Gunjur, Brikama, West Coast, Gambia","address":{"town":"Gunjur","state_district":"Brikama","state":"West Coast","ISO3166-2-lvl4":"GM-W","country":"Gambia","country_code":"gm"},"osm_type":"node","osm_id":1580793350,"type":"town","location":[-16.759896,13.17602],"bbox":[-16.799896,13.13602,-16.719896,13.21602]}
{"name":"Janjanbureh","other_names":{"name:en":"George Town","alt_name":"McCarthy Island","old_name":"Georgetown"},"display_name":"Janjanbureh, Central River, Gambia","address":{"town":"Janjanbureh","county":"Janjanbureh","state_district":"Janjanbureh","state":"Central River","ISO3166-2-lvl4":"GM-M","country":"Gambia","country_code":"gm"},"population":3998,"osm_type":"node","osm_id":1848292179,"type":"town","location":[-14.761229,13.539083],"bbox":[-14.801229,13.499083,-14.721229,13.579083],"border":{"name":"Janjanbureh","display_name":"Janjanbureh, Central River, Gambia","address":{"county":"Janjanbureh","state_district":"Janjanbureh","state":"Central River","ISO3166-2-lvl4":"GM-M","country":"Gambia","country_code":"gm"},"osm_type":"relation","osm_id":9258622,"type":"administrative","location":[-14.77544996875641,13.54102925],"bbox":[-14.8058796,13.5234916,-14.7111973,13.5575946]}}
{"name":"Kanifing","other_names":{"name:de":"Kanifing","name:en":"Kanifing","name:fr":"Kanifing","alt_name":"Kanifeng","alt_name:de":"Kanifeng","alt_name:fr":"Kanifeng"},"display_name":"Kanifing, Gambia","address":{"town":"Kanifing","state":"Kanifing","country":"Gambia","country_code":"gm"},"osm_type":"node","osm_id":2189917788,"type":"town","location":[-16.674821,13.453768],"bbox":[-16.714821,13.413768,-16.634821,13.493768]}
{"name":"Kartong","display_name":"Kartong, Brikama, West Coast, Gambia","address":{"town":"Kartong","state_district":"Brikama","state":"West Coast","ISO3166-2-lvl4":"GM-W","country":"Gambia","country_code":"gm"},"osm_type":"node","osm_id":6395850702,"type":"town","location":[-16.7596892,13.0913053],"bbox":[-16.7996892,13.0513053,-16.7196892,13.1313053]}
{"name":"Kudang","display_name":"Kudang, Niamina East, Janjanbureh, Central River, Gambia","address":{"town":"Kudang","county":"Niamina East","state_district":"Janjanbureh","state":"Central River","ISO3166-2-lvl4":"GM-M","country":"Gambia","country_code":"gm"},"osm_type":"node","osm_id":2487593828,"type":"town","location":[-15.0602182,13.6621445],"bbox":[-15.1002182,13.6221445,-15.0202182,13.7021445]}
{"name":"Kuntaur","other_names":{"name:ar":"كونتور","name:en":"Kuntaur","name:ur":"کونتاور"},"display_name":"Kuntaur, Niani, Kuntaur, Central River, Gambia","address":{"town":"Kuntaur","county":"Niani","state_district":"Kuntaur","state":"Central River","ISO3166-2-lvl4":"GM-M","country":"Gambia","country_code":"gm"},"osm_type":"node","osm_id":2487616275,"type":"town","location":[-14.889486,13.670615],"bbox":[-14.929486,13.630615,-14.849486,13.710615]}
{"name":"Lamin","display_name":"Lamin, Kombo North/Saint Mary, Brikama, West Coast, Gambia","address":{"town":"Lamin","county":"Kombo North/Saint Mary","state_district":"Brikama","state":"West Coast","ISO3166-2-lvl4":"GM-W","country":"Gambia","country_code":"gm"},"osm_type":"node","osm_id":6257816376,"type":"town","location":[-16.6438923,13.3873524],"bbox":[-16.6838923,13.3473524,-16.6038923,13.4273524]}
{"name":"Mandinaba","other_names":{"name:en":"Mandinaba","alt_name":"Mandina Ba"},"display_name":"Mandinaba, Kombo North/Saint Mary, Brikama, West Coast, Gambia","address":{"town":"Mandinaba","county":"Kombo North/Saint Mary","state_district":"Brikama","state":"West Coast","ISO3166-2-lvl4":"GM-W","country":"Gambia","country_code":"gm"},"osm_type":"node","osm_id":2367205839,"type":"town","location":[-16.5899201,13.2804046],"bbox":[-16.6299201,13.2404046,-16.5499201,13.3204046]}
{"name":"Ndungu Kebbe","display_name":"Ndungu Kebbe, Lower Niumi, Kerewan, North Bank, Gambia","address":{"town":"Ndungu Kebbe","county":"Lower Niumi","state_district":"Kerewan","state":"North Bank","ISO3166-2-lvl4":"GM-N","country":"Gambia","country_code":"gm"},"osm_type":"node","osm_id":4116438238,"type":"town","location":[-16.3178823,13.5391899],"bbox":[-16.3578823,13.4991899,-16.2778823,13.5791899]}
{"name":"Nyamanari","display_name":"Nyamanari, Kantora, Basse, Upper River, Gambia","address":{"town":"Nyamanari","county":"Kantora","state_district":"Basse","state":"Upper River","ISO3166-2-lvl4":"GM-U","country":"Gambia","country_code":"gm"},"osm_type":"node","osm_id":2115560890,"type":"town","location":[-13.8702288,13.3323921],"bbox":[-13.9102288,13.2923921,-13.8302288,13.3723921]}
{"name":"Old Yundum","display_name":"Old Yundum, Kombo North/Saint Mary, Brikama, West Coast, Gambia","address":{"town":"Old Yundum","county":"Kombo North/Saint Mary","state_district":"Brikama","state":"West Coast","ISO3166-2-lvl4":"GM-W","country":"Gambia","country_code":"gm"},"osm_type":"node","osm_id":1612632716,"type":"town","location":[-16.6841716,13.3675894],"bbox":[-16.7241716,13.3275894,-16.6441716,13.4075894]}
{"name":"Soma","display_name":"Soma, Jarra West, Mansakonko, Lower River, Gambia","address":{"town":"Soma","county":"Jarra West","state_district":"Mansakonko","state":"Lower River","ISO3166-2-lvl4":"GM-L","country":"Gambia","country_code":"gm"},"population":11050,"osm_type":"node","osm_id":3871387436,"type":"town","location":[-15.535526,13.444642],"bbox":[-15.575526,13.404642,-15.495526,13.484642],"border":{"name":"Soma","display_name":"Soma, Jarra West, Mansakonko, Lower River, Gambia","address":{"town":"Soma","county":"Jarra West","state_district":"Mansakonko","state":"Lower River","ISO3166-2-lvl4":"GM-L","country":"Gambia","country_code":"gm"},"population":11050,"osm_type":"way","osm_id":298791295,"type":"town","location":[-15.535526,13.444642],"bbox":[-15.544731,13.4291117,-15.5259922,13.4544817]}}
{"name":"Sukuta","other_names":{"name:en":"Sukuta","alt_name":"Sukuta Sanchaba, Sukuta Sulay Jobe"},"display_name":"Sukuta, Kombo North/Saint Mary, Brikama, West Coast, Gambia","address":{"town":"Sukuta","county":"Kombo North/Saint Mary","state_district":"Brikama","state":"West Coast","ISO3166-2-lvl4":"GM-W","country":"Gambia","country_code":"gm"},"population":31674,"osm_type":"node","osm_id":2616106113,"type":"town","location":[-16.707618,13.4147608],"bbox":[-16.747618,13.3747608,-16.667618,13.4547608]}
{"name":"Wassu","display_name":"Wassu, Niani, Kuntaur, Central River, Gambia","address":{"town":"Wassu","county":"Niani","state_district":"Kuntaur","state":"Central River","ISO3166-2-lvl4":"GM-M","country":"Gambia","country_code":"gm"},"osm_type":"node","osm_id":2487617261,"type":"town","location":[-14.878805,13.692398],"bbox":[-14.918805,13.652398,-14.838805,13.732398]}
{"name":"Wellingara","display_name":"Wellingara, Kombo North/Saint Mary, Brikama, West Coast, Gambia","address":{"town":"Wellingara","county":"Kombo North/Saint Mary","state_district":"Brikama","state":"West Coast","ISO3166-2-lvl4":"GM-W","country":"Gambia","country_code":"gm"},"population":16116,"osm_type":"node","osm_id":2616149102,"type":"town","location":[-16.67405,13.403792],"bbox":[-16.71405,13.363792,-16.63405,13.443792]}
{"display_name":"Wuli West, Basse, Upper River, Gambia","address":{"county":"Wuli West","state_district":"Basse","state":"Upper River","ISO3166-2-lvl4":"GM-U","country":"Gambia","country_code":"gm"},"osm_type":"way","osm_id":255510997,"type":"town","location":[-14.216460636311796,13.38305715],"bbox":[-14.2192215,13.3783628,-14.2100054,13.3880198]}
{"name":"Yundum","other_names":{"name:en":"Yundum","alt_name":"Yumdum"},"display_name":"Yundum, Kombo North/Saint Mary, Brikama, West Coast, Gambia","address":{"town":"Yundum","county":"Kombo North/Saint Mary","state_district":"Brikama","state":"West Coast","ISO3166-2-lvl4":"GM-W","country":"Gambia","country_code":"gm"},"population":13021,"osm_type":"node","osm_id":1607155521,"type":"town","location":[-16.6697325,13.3422376],"bbox":[-16.7097325,13.3022376,-16.6297325,13.3822376]}
