{"name":"Alajuela","display_name":"Alajuela, 20101, Costa Rica","address":{"city":"Alajuela","county":"Alajuela","state":"Alajuela","ISO3166-2-lvl4":"CR-A","postcode":"20101","country":"Costa Rica","country_code":"cr"},"population":50000,"osm_type":"node","osm_id":275730904,"type":"city","location":[-84.2138789,10.0165183],"bbox":[-84.3738789,9.8565183,-84.0538789,10.1765183],"border":[{"name":"Alajuela","other_names":{"name:es":"Alajuela","alt_name":"Cantón de Alajuela"},"display_name":"Alajuela, Costa Rica","address":{"county":"Alajuela","state":"Alajuela","ISO3166-2-lvl4":"CR-A","country":"Costa Rica","country_code":"cr"},"osm_type":"relation","osm_id":5369889,"type":"administrative","location":[-84.18400349970912,10.163729199999999],"bbox":[-84.3679369,9.9142447,-84.1611557,10.4137132]},{"name":"Alajuela","display_name":"Alajuela, 20101, Costa Rica","address":{"city":"Alajuela","county":"Alajuela","state":"Alajuela","ISO3166-2-lvl4":"CR-A","postcode":"20101","country":"Costa Rica","country_code":"cr"},"population":50000,"osm_type":"relation","osm_id":5641981,"type":"administrative","location":[-84.2138789,10.0165183],"bbox":[-84.229061,10.002424,-84.1788929,10.0597271]}]}
{"name":"Cartago","other_names":{"name:es":"Cartago","official_name":"La Muy Noble y Leal Ciudad de Cartago"},"display_name":"Cartago, Oriental, Cartago, 30101, Costa Rica","address":{"city":"Cartago","village":"Oriental","county":"Cartago","province":"Cartago","ISO3166-2-lvl4":"CR-C","postcode":"30101","country":"Costa Rica","country_code":"cr"},"population":110000,"osm_type":"node","osm_id":277971781,"type":"city","location":[-83.9204377,9.8642435],"bbox":[-84.0804377,9.7042435,-83.7604377,10.0242435],"border":{"name":"Cartago","other_names":{"name:es":"Cartago","alt_name":"Cantón de Cartago"},"display_name":"Cartago, Costa Rica","address":{"county":"Cartago","province":"Cartago","ISO3166-2-lvl4":"CR-C","country":"Costa Rica","country_code":"cr"},"osm_type":"relation","osm_id":5698504,"type":"administrative","location":[-83.90503812873601,9.7876256],"bbox":[-84.0881161,9.6038357,-83.7653182,9.9711691]}}
{"name":"Ciudad de San José","other_names":{"name:es":"Ciudad de San José","alt_name":"Área Metropolitana de San José"},"display_name":"Ciudad de San José, San José, Costa Rica","address":{"city":"Ciudad de San José","county":"San José","province":"San José","ISO3166-2-lvl4":"CR-SJ","country":"Costa Rica","country_code":"cr"},"osm_type":"relation","osm_id":18823637,"type":"administrative","location":[-84.08553846653723,9.937352449999999],"bbox":[-84.1858002,9.8073124,-83.8870052,10.0670108],"inferred_type":"city"}
{"name":"Colorado","other_names":{"name:es":"Colorado","name:ta":"கொலராடோ"},"display_name":"Colorado, Pococí, Limón, 70206, Costa Rica","address":{"city":"Colorado","county":"Pococí","province":"Limón","ISO3166-2-lvl4":"CR-L","postcode":"70206","country":"Costa Rica","country_code":"cr"},"osm_type":"relation","osm_id":5700871,"type":"administrative","location":[-83.67171931619708,10.654716950000001],"bbox":[-83.8445162,10.3687607,-83.4159294,10.9403789],"inferred_type":"city"}
{"name":"Conte Burica","other_names":{"name:es":"Conte Burica","official_name":"Comte Burica"},"display_name":"Conte Burica, Golfito, Puntarenas, Costa Rica","address":{"city":"Conte Burica","county":"Golfito","province":"Puntarenas","ISO3166-2-lvl4":"CR-P","country":"Costa Rica","country_code":"cr"},"osm_type":"relation","osm_id":14365588,"type":"administrative","location":[-82.94964195172153,8.230954149999999],"bbox":[-83.1202471,8.0403515,-82.8857555,8.4213295],"inferred_type":"city"}
{"name":"Desamparados","display_name":"Desamparados, San José, 10301, Costa Rica","address":{"city":"Desamparados","county":"Desamparados","province":"San José","ISO3166-2-lvl4":"CR-SJ","postcode":"10301","country":"Costa Rica","country_code":"cr"},"population":38000,"osm_type":"node","osm_id":278280797,"type":"city","location":[-84.0660879,9.8973669],"bbox":[-84.2260879,9.7373669,-83.9060879,10.0573669],"border":[{"name":"Desamparados","other_names":{"name:es":"Desamparados","alt_name":"Cantón de Desamparados"},"display_name":"Desamparados, San José, Costa Rica","address":{"county":"Desamparados","province":"San José","ISO3166-2-lvl4":"CR-SJ","country":"Costa Rica","country_code":"cr"},"osm_type":"relation","osm_id":6200736,"type":"administrative","location":[-84.06990868943741,9.81123565],"bbox":[-84.1093655,9.7138946,-83.9485448,9.908922]},{"name":"Desamparados","display_name":"Desamparados, San José, 10301, Costa Rica","address":{"city":"Desamparados","county":"Desamparados","province":"San José","ISO3166-2-lvl4":"CR-SJ","postcode":"10301","country":"Costa Rica","country_code":"cr"},"population":38000,"osm_type":"relation","osm_id":6247894,"type":"administrative","location":[-84.0660879,9.8973669],"bbox":[-84.0806254,9.8844044,-84.0606523,9.908922]}]}
{"display_name":"Dulce Nombre de Jesús, Vázquez de Coronado, San José, 11103, Costa Rica","address":{"village":"Dulce Nombre de Jesús","county":"Vázquez de Coronado","province":"San José","ISO3166-2-lvl4":"CR-SJ","postcode":"11103","country":"Costa Rica","country_code":"cr"},"osm_type":"node","osm_id":5969929516,"type":"city","location":[-83.955112,10.1459165],"bbox":[-84.115112,9.9859165,-83.795112,10.3059165]}
{"name":"Guápiles","display_name":"Guápiles, Pococí, Limón, 70201, Costa Rica","address":{"city":"Guápiles","county":"Pococí","province":"Limón","ISO3166-2-lvl4":"CR-L","postcode":"70201","country":"Costa Rica","country_code":"cr"},"population":40000,"osm_type":"node","osm_id":440676357,"type":"city","location":[-83.7913634,10.2154361],"bbox":[-83.9513634,10.0554361,-83.6313634,10.3754361],"border":{"name":"Guápiles","display_name":"Guápiles, Pococí, Limón, 70201, Costa Rica","address":{"city":"Guápiles","county":"Pococí","province":"Limón","ISO3166-2-lvl4":"CR-L","postcode":"70201","country":"Costa Rica","country_code":"cr"},"population":40000,"osm_type":"relation","osm_id":5714402,"type":"administrative","location":[-83.7913634,10.2154361],"bbox":[-83.9475041,10.083814,-83.769011,10.3363816]}}
{"name":"Heredia","other_names":{"name:en":"Heredia","name:hu":"Heredia","name:ru":"Эредия","official_name":"Ciudad Heredia"},"display_name":"Heredia, Costa Rica","address":{"city":"Heredia","county":"Heredia","province":"Heredia","ISO3166-2-lvl4":"CR-H","country":"Costa Rica","country_code":"cr"},"population":117000,"osm_type":"node","osm_id":275991117,"type":"city","location":[-84.1170163,9.9981515],"bbox":[-84.2770163,9.8381515,-83.9570163,10.1581515],"border":[{"name":"Heredia","other_names":{"name:es":"Heredia","alt_name":"Cantón de Heredia"},"display_name":"Heredia, Costa Rica","address":{"county":"Heredia","province":"Heredia","ISO3166-2-lvl4":"CR-H","country":"Costa Rica","country_code":"cr"},"osm_type":"relation","osm_id":5730526,"type":"administrative","location":[-84.05802490463611,10.1780614],"bbox":[-84.1648194,9.9593118,-83.9225463,10.2986154]},{"name":"Heredia","other_names":{"name:es":"Heredia","name:en":"Heredia","name:hu":"Heredia","name:ru":"Эредия","official_name":"Ciudad Heredia"},"display_name":"Heredia, 40101, Costa Rica","address":{"city":"Heredia","county":"Heredia","province":"Heredia","ISO3166-2-lvl4":"CR-H","postcode":"40101","country":"Costa Rica","country_code":"cr"},"population":117000,"osm_type":"relation","osm_id":5640048,"type":"administrative","location":[-84.1170163,9.9981515],"bbox":[-84.1248379,9.9909397,-84.108772,10.006123]}]}
{"name":"Isla del Coco","other_names":{"name:en":"Cocos Island","name:es":"Isla del Coco","name:sk":"Kokosový ostrov"},"display_name":"Isla del Coco, Puntarenas, 60110, Costa Rica","address":{"city":"Isla del Coco","county":"Puntarenas","province":"Puntarenas","ISO3166-2-lvl4":"CR-P","postcode":"60110","country":"Costa Rica","country_code":"cr"},"osm_type":"relation","osm_id":5725329,"type":"administrative","location":[-87.05976165965734,5.52811005],"bbox":[-87.1019965,5.4991601,-87.0277557,5.56342],"inferred_type":"city"}
{"name":"Liberia","other_names":{"name:hu":"Liberia"},"display_name":"Liberia, Guanacaste, Costa Rica","address":{"city":"Liberia","county":"Liberia","province":"Guanacaste","ISO3166-2-lvl4":"CR-G","country":"Costa Rica","country_code":"cr"},"population":46000,"osm_type":"node","osm_id":183802950,"type":"city","location":[-85.4362722,10.6333336],"bbox":[-85.5962722,10.4733336,-85.2762722,10.7933336],"border":[{"name":"Liberia","other_names":{"name:es":"Liberia","alt_name":"Cantón de Liberia"},"display_name":"Liberia, Guanacaste, Costa Rica","address":{"county":"Liberia","province":"Guanacaste","ISO3166-2-lvl4":"CR-G","country":"Costa Rica","country_code":"cr"},"osm_type":"relation","osm_id":5725526,"type":"administrative","location":[-85.49855409841476,10.691642949999999],"bbox":[-85.6992869,10.4182972,-85.2920206,10.9651508]},{"name":"Liberia","other_names":{"name:es":"Liberia","name:hu":"Liberia"},"display_name":"Liberia, Guanacaste, 50101, Costa Rica","address":{"city":"Liberia","county":"Liberia","province":"Guanacaste","ISO3166-2-lvl4":"CR-G","postcode":"50101","country":"Costa Rica","country_code":"cr"},"population":46000,"osm_type":"relation","osm_id":5726714,"type":"administrative","location":[-85.4362722,10.6333336],"bbox":[-85.5827667,10.4182972,-85.2920206,10.8127253]}]}
{"name":"Limón","other_names":{"name:hu":"Limón"},"display_name":"Limón, 70101, Costa Rica","address":{"city":"Limón","county":"Limón","province":"Limón","ISO3166-2-lvl4":"CR-L","postcode":"70101","country":"Costa Rica","country_code":"cr"},"population":70000,"osm_type":"node","osm_id":185489267,"type":"city","location":[-83.0297915,9.9932401],"bbox":[-83.1897915,9.8332401,-82.8697915,10.1532401],"border":[{"name":"Limón","other_names":{"name:es":"Limón","alt_name":"Cantón de Limón"},"display_name":"Limón, Costa Rica","address":{"county":"Limón","province":"Limón","ISO3166-2-lvl4":"CR-L","country":"Costa Rica","country_code":"cr"},"osm_type":"relation","osm_id":5708171,"type":"administrative","location":[-83.12705897163092,9.775695500000001],"bbox":[-83.5161291,9.4843073,-82.8708598,10.0663283]},{"name":"Limón","other_names":{"name:es":"Limón","name:hu":"Limón"},"display_name":"Limón, 70101, Costa Rica","address":{"city":"Limón","county":"Limón","province":"Limón","ISO3166-2-lvl4":"CR-L","postcode":"70101","country":"Costa Rica","country_code":"cr"},"population":70000,"osm_type":"relation","osm_id":5698324,"type":"administrative","location":[-83.0297915,9.9932401],"bbox":[-83.1585374,9.9380739,-83.0095361,10.0663283]}]}
{"name":"Neily","display_name":"Neily, Corredor, Corredores, Puntarenas, 61001, Costa Rica","address":{"city":"Neily","county":"Corredores","province":"Puntarenas","ISO3166-2-lvl4":"CR-P","postcode":"61001","country":"Costa Rica","country_code":"cr"},"population":15000,"osm_type":"node","osm_id":3271666970,"type":"city","location":[-82.9438969,8.6490338],"bbox":[-83.1038969,8.4890338,-82.7838969,8.8090338]}
{"name":"Nicoya","display_name":"Nicoya, Guanacaste, 50201, Costa Rica","address":{"city":"Nicoya","county":"Nicoya","province":"Guanacaste","ISO3166-2-lvl4":"CR-G","postcode":"50201","country":"Costa Rica","country_code":"cr"},"population":29000,"osm_type":"node","osm_id":790503307,"type":"city","location":[-85.4531221,10.1492227],"bbox":[-85.6131221,9.9892227,-85.2931221,10.3092227],"border":[{"name":"Nicoya","other_names":{"name:es":"Nicoya","alt_name":"Cantón de Nicoya"},"display_name":"Nicoya, Guanacaste, Costa Rica","address":{"county":"Nicoya","province":"Guanacaste","ISO3166-2-lvl4":"CR-G","country":"Costa Rica","country_code":"cr"},"osm_type":"relation","osm_id":6195190,"type":"administrative","location":[-85.41529423211631,10.103348],"bbox":[-85.6971214,9.8577573,-85.1890733,10.3470124]},{"name":"Nicoya","display_name":"Nicoya, Guanacaste, 50201, Costa Rica","address":{"city":"Nicoya","county":"Nicoya","province":"Guanacaste","ISO3166-2-lvl4":"CR-G","postcode":"50201","country":"Costa Rica","country_code":"cr"},"population":29000,"osm_type":"relation","osm_id":6415824,"type":"administrative","location":[-85.4531221,10.1492227],"bbox":[-85.6083114,9.9784952,-85.3639946,10.2338235]}]}
{"name":"Puntarenas","other_names":{"name:hu":"Puntarenas"},"display_name":"Puntarenas, Costa Rica","address":{"city":"Puntarenas","county":"Puntarenas","province":"Puntarenas","ISO3166-2-lvl4":"CR-P","country":"Costa Rica","country_code":"cr"},"population":70000,"osm_type":"node","osm_id":276517532,"type":"city","location":[-84.8346402,9.9773343],"bbox":[-84.9946402,9.8173343,-84.6746402,10.1373343],"border":[{"name":"Puntarenas","other_names":{"name:es":"Puntarenas","alt_name":"Cantón de Puntarenas"},"display_name":"Puntarenas, Costa Rica","address":{"county":"Puntarenas","province":"Puntarenas","ISO3166-2-lvl4":"CR-P","country":"Costa Rica","country_code":"cr"},"osm_type":"relation","osm_id":6404570,"type":"administrative","location":[-85.05426219188635,9.78774365],"bbox":[-87.1019965,5.4991601,-84.6616346,10.2808957]},{"name":"Puntarenas","other_names":{"name:es":"Puntarenas","name:hu":"Puntarenas"},"display_name":"Puntarenas, 60101, Costa Rica","address":{"city":"Puntarenas","county":"Puntarenas","province":"Puntarenas","ISO3166-2-lvl4":"CR-P","postcode":"60101","country":"Costa Rica","country_code":"cr"},"population":70000,"osm_type":"relation","osm_id":6148264,"type":"administrative","location":[-84.8346402,9.9773343],"bbox":[-85.050391,9.9225249,-84.7359817,10.0481638]}]}
{"name":"Quesada","display_name":"Quesada, San Carlos, Alajuela, 21001, Costa Rica","address":{"city":"Quesada","county":"San Carlos","state":"Alajuela","ISO3166-2-lvl4":"CR-A","postcode":"21001","country":"Costa Rica","country_code":"cr"},"population":42000,"osm_type":"node","osm_id":320100099,"type":"city","location":[-84.4310645,10.3267699],"bbox":[-84.5910645,10.1667699,-84.2710645,10.4867699],"border":{"name":"Quesada","other_names":{"name:es":"Quesada","alt_name":"Ciudad Quesada"},"display_name":"Quesada, San Carlos, Alajuela, 21001, Costa Rica","address":{"city":"Quesada","county":"San Carlos","state":"Alajuela","ISO3166-2-lvl4":"CR-A","postcode":"21001","country":"Costa Rica","country_code":"cr"},"population":42000,"osm_type":"relation","osm_id":6013259,"type":"administrative","location":[-84.4310645,10.3267699],"bbox":[-84.4776771,10.2519432,-84.3626575,10.4359208]}}
{"name":"San Isidro de El General","display_name":"San Isidro de El General, Pérez Zeledón, San José, 11901, Costa Rica","address":{"city":"San Isidro de El General","county":"Pérez Zeledón","province":"San José","ISO3166-2-lvl4":"CR-SJ","postcode":"11901","country":"Costa Rica","country_code":"cr"},"population":50000,"osm_type":"node","osm_id":355110348,"type":"city","location":[-83.7046444,9.3706169],"bbox":[-83.8646444,9.2106169,-83.5446444,9.5306169],"border":{"name":"San Isidro de El General","display_name":"San Isidro de El General, Pérez Zeledón, San José, 11901, Costa Rica","address":{"city":"San Isidro de El General","county":"Pérez Zeledón","province":"San José","ISO3166-2-lvl4":"CR-SJ","postcode":"11901","country":"Costa Rica","country_code":"cr"},"population":50000,"osm_type":"relation","osm_id":7369456,"type":"administrative","location":[-83.7046444,9.3706169],"bbox":[-83.8105955,9.2202603,-83.6569889,9.4572156]}}
{"name":"San José","other_names":{"name:am":"ሳን ሆዜ","name:ar":"سان خوسيه، كوستاريكا","name:az":"San-Xose","name:be":"Сан-Хасэ","name:bg":"Сан Хосе","name:bn":"স্যান হোসে, কোস্টা রিকা","name:bo":"སན་ཇོ་སེ།","name:bs":"San Jose, Kostarika","name:ca":"San José","name:de":"San José","name:el":"Σαν Χοσέ","name:en":"San José","name:eo":"San-Joseo","name:es":"San José","name:fa":"سان خوزه","name:fr":"San José","name:gl":"San Xosé, Costa Rica","name:he":"סן חוסה","name:hi":"सान होज़े","name:ht":"San Jozé","name:hu":"San José","name:hy":"Սան Խոսե","name:io":"San Jose","name:is":"San José","name:ja":"サンホセ","name:ka":"სან-ხოსე","name:ko":"산호세","name:lt":"San Chosė","name:lv":"Sanhosē","name:mk":"Сан Хозе","name:mr":"सान होजे, कोस्टा रिका","name:nl":"San José","name:nn":"San José i Costa Rica","name:os":"Сан-Хосе","name:pl":"San José","name:ru":"Сан-Хосе","name:sk":"San José","name:sr":"Сан Хосе","name:sv":"San José, Costa Rica","name:sw":"San Jose","name:ta":"சான் ஹொசே, கோஸ்ட்டா ரிக்கா","name:th":"ซันโฮเซ","name:ug":"سان خوسې","name:uk":"Сан-Хосе","name:ur":"سان ہوزے","name:zh":"聖荷西","name:pap":"San Jose","name:sah":"Сан Хосе","old_name":"Villa Nueva de la Boca del Monte de Nuestro Señor San José","name:be-tarask":"Сан-Хасэ"},"display_name":"San José, Ciudad de San José, San José, 10103, Costa Rica","address":{"city":"San José","county":"San José","province":"San José","ISO3166-2-lvl4":"CR-SJ","postcode":"10103","country":"Costa Rica","country_code":"cr"},"population":342188,"osm_type":"node","osm_id":197698100,"type":"city","location":[-84.0795782,9.9325427],"bbox":[-84.2395782,9.7725427,-83.9195782,10.0925427],"border":{"name":"San José","other_names":{"name:es":"San José","name:sk":"Kantón San José","alt_name":"Cantón de San José"},"display_name":"San José, Costa Rica","address":{"county":"San José","province":"San José","ISO3166-2-lvl4":"CR-SJ","country":"Costa Rica","country_code":"cr"},"osm_type":"relation","osm_id":4069041,"type":"administrative","location":[-84.09201963892757,9.9357556],"bbox":[-84.1800327,9.8998797,-84.0467977,9.9720332]}}
{"name":"San Rafael","display_name":"San Rafael, Oreamuno, Cartago, 30701, Costa Rica","address":{"city":"San Rafael","county":"Oreamuno","province":"Cartago","ISO3166-2-lvl4":"CR-C","postcode":"30701","country":"Costa Rica","country_code":"cr"},"population":28000,"osm_type":"node","osm_id":281368318,"type":"city","location":[-83.9036025,9.8698026],"bbox":[-84.0636025,9.7098026,-83.7436025,10.0298026],"border":{"name":"San Rafael","display_name":"San Rafael, Oreamuno, Cartago, 30701, Costa Rica","address":{"city":"San Rafael","county":"Oreamuno","province":"Cartago","ISO3166-2-lvl4":"CR-C","postcode":"30701","country":"Costa Rica","country_code":"cr"},"population":28000,"osm_type":"relation","osm_id":5685687,"type":"administrative","location":[-83.9036025,9.8698026],"bbox":[-83.9107582,9.8478343,-83.8794987,9.8925084]}}
{"name":"San Ramón","display_name":"San Ramón, Alajuela, Costa Rica","address":{"city":"San Ramón","county":"San Ramón","state":"Alajuela","ISO3166-2-lvl4":"CR-A","country":"Costa Rica","country_code":"cr"},"population":9400,"osm_type":"node","osm_id":5828342736,"type":"city","location":[-84.4708726,10.0884731],"bbox":[-84.6308726,9.9284731,-84.3108726,10.2484731],"border":[{"name":"San Ramón","other_names":{"name:es":"San Ramón","alt_name":"Cantón de San Ramón"},"display_name":"San Ramón, Alajuela, Costa Rica","address":{"county":"San Ramón","state":"Alajuela","ISO3166-2-lvl4":"CR-A","country":"Costa Rica","country_code":"cr"},"osm_type":"relation","osm_id":5994895,"type":"administrative","location":[-84.5714705713932,10.218219399999999],"bbox":[-84.794071,9.9797331,-84.4145938,10.456727]},{"name":"San Ramón","display_name":"San Ramón, Alajuela, 20201, Costa Rica","address":{"city":"San Ramón","county":"San Ramón","state":"Alajuela","ISO3166-2-lvl4":"CR-A","postcode":"20201","country":"Costa Rica","country_code":"cr"},"population":9400,"osm_type":"relation","osm_id":5631382,"type":"administrative","location":[-84.4708726,10.0884731],"bbox":[-84.4757929,10.0816865,-84.4637131,10.092778]}]}
{"name":"Turrialba","display_name":"Turrialba, Cartago, 30501, Costa Rica","address":{"city":"Turrialba","county":"Turrialba","province":"Cartago","ISO3166-2-lvl4":"CR-C","postcode":"30501","country":"Costa Rica","country_code":"cr"},"population":27000,"osm_type":"node","osm_id":277926174,"type":"city","location":[-83.682418,9.9066003],"bbox":[-83.842418,9.7466003,-83.522418,10.0666003],"border":[{"name":"Turrialba","other_names":{"name:es":"Turrialba","alt_name":"Cantón de Turrialba"},"display_name":"Turrialba, Cartago, Costa Rica","address":{"county":"Turrialba","province":"Cartago","ISO3166-2-lvl4":"CR-C","country":"Costa Rica","country_code":"cr"},"osm_type":"relation","osm_id":6195387,"type":"administrative","location":[-83.49959318552582,9.78436035],"bbox":[-83.8193347,9.4843073,-83.3156187,10.0838329]},{"name":"Turrialba","display_name":"Turrialba, Cartago, 30501, Costa Rica","address":{"city":"Turrialba","county":"Turrialba","province":"Cartago","ISO3166-2-lvl4":"CR-C","postcode":"30501","country":"Costa Rica","country_code":"cr"},"population":27000,"osm_type":"relation","osm_id":6278852,"type":"administrative","location":[-83.682418,9.9066003],"bbox":[-83.7226592,9.8469057,-83.6390367,9.9325634]}]}
