{"name":"Alajuelita","display_name":"Alajuelita, San José, 11001, Costa Rica","address":{"town":"Alajuelita","county":"Alajuelita","province":"San José","ISO3166-2-lvl4":"CR-SJ","postcode":"11001","country":"Costa Rica","country_code":"cr"},"population":14000,"osm_type":"node","osm_id":273114688,"type":"town","location":[-84.1009748,9.9027007],"bbox":[-84.1409748,9.8627007,-84.0609748,9.9427007],"border":[{"name":"Alajuelita","other_names":{"name:es":"Alajuelita","alt_name":"Cantón de Alajuelita"},"display_name":"Alajuelita, San José, Costa Rica","address":{"county":"Alajuelita","province":"San José","ISO3166-2-lvl4":"CR-SJ","country":"Costa Rica","country_code":"cr"},"osm_type":"relation","osm_id":5675713,"type":"administrative","location":[-84.10600361760405,9.888985649999999],"bbox":[-84.1458897,9.8463805,-84.083972,9.9316272]},{"name":"Alajuelita","display_name":"Alajuelita, San José, 11001, Costa Rica","address":{"town":"Alajuelita","county":"Alajuelita","province":"San José","ISO3166-2-lvl4":"CR-SJ","postcode":"11001","country":"Costa Rica","country_code":"cr"},"population":14000,"osm_type":"relation","osm_id":5677621,"type":"administrative","location":[-84.1009748,9.9027007],"bbox":[-84.105844,9.8966322,-84.0933406,9.9102954]}]}
{"name":"Aserrí","display_name":"Aserrí, San José, 10601, Costa Rica","address":{"town":"Aserrí","county":"Aserrí","province":"San José","ISO3166-2-lvl4":"CR-SJ","postcode":"10601","country":"Costa Rica","country_code":"cr"},"population":30000,"osm_type":"node","osm_id":331104211,"type":"town","location":[-84.092119,9.8645349],"bbox":[-84.132119,9.8245349,-84.052119,9.9045349],"border":[{"name":"Aserrí","other_names":{"name:es":"Aserrí","alt_name":"Cantón de Aserrí"},"display_name":"Aserrí, San José, Costa Rica","address":{"county":"Aserrí","province":"San José","ISO3166-2-lvl4":"CR-SJ","country":"Costa Rica","country_code":"cr"},"osm_type":"relation","osm_id":6291877,"type":"administrative","location":[-84.1231453864211,9.7467827],"bbox":[-84.22533,9.6174649,-84.0600877,9.8757489]},{"name":"Aserrí","display_name":"Aserrí, San José, 10601, Costa Rica","address":{"town":"Aserrí","county":"Aserrí","province":"San José","ISO3166-2-lvl4":"CR-SJ","postcode":"10601","country":"Costa Rica","country_code":"cr"},"population":30000,"osm_type":"relation","osm_id":6296988,"type":"administrative","location":[-84.092119,9.8645349],"bbox":[-84.1366431,9.8315983,-84.0789719,9.8757489]}]}
{"name":"Atenas","display_name":"Atenas, Ciudad Atenas, Atenas, Alajuela, 20501, Costa Rica","address":{"town":"Atenas","county":"Atenas","state":"Alajuela","ISO3166-2-lvl4":"CR-A","postcode":"20501","country":"Costa Rica","country_code":"cr"},"population":8000,"osm_type":"node","osm_id":285972437,"type":"town","location":[-84.3797989,9.9772772],"bbox":[-84.4197989,9.9372772,-84.3397989,10.0172772],"border":[{"name":"Atenas","other_names":{"name:es":"Atenas","alt_name":"Cantón de Atenas"},"display_name":"Atenas, Alajuela, Costa Rica","address":{"county":"Atenas","state":"Alajuela","ISO3166-2-lvl4":"CR-A","country":"Costa Rica","country_code":"cr"},"osm_type":"relation","osm_id":5366458,"type":"administrative","location":[-84.3990262636859,9.979493399999999],"bbox":[-84.468879,9.9203002,-84.3410111,10.0387114]},{"name":"Atenas","display_name":"Atenas, Alajuela, 20501, Costa Rica","address":{"town":"Atenas","county":"Atenas","state":"Alajuela","ISO3166-2-lvl4":"CR-A","postcode":"20501","country":"Costa Rica","country_code":"cr"},"population":8000,"osm_type":"relation","osm_id":5652615,"type":"administrative","location":[-84.3797989,9.9772772],"bbox":[-84.3962676,9.9610542,-84.3410111,9.9968734]},{"name":"Ciudad Atenas","other_names":{"name:es":"Ciudad Atenas","alt":"Atenas"},"display_name":"Ciudad Atenas, Atenas, Alajuela, 20501, Costa Rica","address":{"town":"Ciudad Atenas","county":"Atenas","state":"Alajuela","ISO3166-2-lvl4":"CR-A","postcode":"20501","country":"Costa Rica","country_code":"cr"},"population":8000,"osm_type":"relation","osm_id":19201671,"type":"administrative","location":[-84.3797989,9.9772772],"bbox":[-84.3895442,9.9610542,-84.3709023,9.987412]}]}
{"name":"Bagaces","display_name":"Bagaces, Guanacaste, 50401, Costa Rica","address":{"town":"Bagaces","county":"Bagaces","province":"Guanacaste","ISO3166-2-lvl4":"CR-G","postcode":"50401","country":"Costa Rica","country_code":"cr"},"population":17000,"osm_type":"node","osm_id":859265390,"type":"town","location":[-85.2547941,10.526617],"bbox":[-85.2947941,10.486617,-85.2147941,10.566617],"border":[{"name":"Bagaces","other_names":{"name:es":"Bagaces","alt_name":"Cantón de Bagaces"},"display_name":"Bagaces, Guanacaste, Costa Rica","address":{"county":"Bagaces","province":"Guanacaste","ISO3166-2-lvl4":"CR-G","country":"Costa Rica","country_code":"cr"},"osm_type":"relation","osm_id":6156048,"type":"administrative","location":[-85.28449842274762,10.51309385],"bbox":[-85.4340652,10.2499039,-85.0613821,10.7759518]},{"name":"Bagaces","display_name":"Bagaces, Guanacaste, 50401, Costa Rica","address":{"town":"Bagaces","county":"Bagaces","province":"Guanacaste","ISO3166-2-lvl4":"CR-G","postcode":"50401","country":"Costa Rica","country_code":"cr"},"population":17000,"osm_type":"relation","osm_id":6403592,"type":"administrative","location":[-85.2547941,10.526617],"bbox":[-85.4108441,10.2499039,-85.1522078,10.6463249]}]}
{"name":"Barva","display_name":"Barva, Heredia, 40201, Costa Rica","address":{"town":"Barva","county":"Barva","province":"Heredia","ISO3166-2-lvl4":"CR-H","postcode":"40201","country":"Costa Rica","country_code":"cr"},"population":6000,"osm_type":"node","osm_id":276618404,"type":"town","location":[-84.1257246,10.0196132],"bbox":[-84.1657246,9.9796132,-84.0857246,10.0596132],"border":[{"name":"Barva","other_names":{"name:es":"Barva","alt_name":"Cantón de Barva"},"display_name":"Barva, Heredia, Costa Rica","address":{"county":"Barva","province":"Heredia","ISO3166-2-lvl4":"CR-H","country":"Costa Rica","country_code":"cr"},"osm_type":"relation","osm_id":5670537,"type":"administrative","location":[-84.10920192469673,10.07314705],"bbox":[-84.145884,10.0097284,-84.0853027,10.1370195]},{"name":"Barva","display_name":"Barva, Heredia, 40201, Costa Rica","address":{"town":"Barva","county":"Barva","province":"Heredia","ISO3166-2-lvl4":"CR-H","postcode":"40201","country":"Costa Rica","country_code":"cr"},"population":6000,"osm_type":"relation","osm_id":5653850,"type":"administrative","location":[-84.1257246,10.0196132],"bbox":[-84.1303891,10.0148882,-84.1164655,10.0260014]}]}
{"name":"Bribri","display_name":"Bribri, Bratsi, Talamanca, Limón, 70401, Costa Rica","address":{"town":"Bribri","city":"Bratsi","county":"Talamanca","province":"Limón","ISO3166-2-lvl4":"CR-L","postcode":"70401","country":"Costa Rica","country_code":"cr"},"population":7500,"osm_type":"node","osm_id":1363682474,"type":"town","location":[-82.8528059,9.6255563],"bbox":[-82.8928059,9.5855563,-82.8128059,9.6655563]}
{"name":"Buenos Aires","display_name":"Buenos Aires, Puntarenas, 60301, Costa Rica","address":{"town":"Buenos Aires","county":"Buenos Aires","province":"Puntarenas","ISO3166-2-lvl4":"CR-P","postcode":"60301","country":"Costa Rica","country_code":"cr"},"population":26000,"osm_type":"node","osm_id":355119023,"type":"town","location":[-83.3311519,9.1726893],"bbox":[-83.3711519,9.1326893,-83.2911519,9.2126893],"border":[{"name":"Buenos Aires","other_names":{"name:es":"Buenos Aires","alt_name":"Cantón de Buenos Aires"},"display_name":"Buenos Aires, Puntarenas, Costa Rica","address":{"county":"Buenos Aires","province":"Puntarenas","ISO3166-2-lvl4":"CR-P","country":"Costa Rica","country_code":"cr"},"osm_type":"relation","osm_id":6268475,"type":"administrative","location":[-83.22925069832269,9.08001915],"bbox":[-83.5635853,8.7752874,-82.9475716,9.3847047]},{"name":"Buenos Aires","display_name":"Buenos Aires, Puntarenas, 60301, Costa Rica","address":{"town":"Buenos Aires","county":"Buenos Aires","province":"Puntarenas","ISO3166-2-lvl4":"CR-P","postcode":"60301","country":"Costa Rica","country_code":"cr"},"population":26000,"osm_type":"relation","osm_id":6271587,"type":"administrative","location":[-83.3311519,9.1726893],"bbox":[-83.3866028,9.0061744,-83.1756926,9.3847047]}]}
{"name":"Cañas","display_name":"Cañas, Guanacaste, 50601, Costa Rica","address":{"town":"Cañas","county":"Cañas","province":"Guanacaste","ISO3166-2-lvl4":"CR-G","postcode":"50601","country":"Costa Rica","country_code":"cr"},"population":8841,"osm_type":"node","osm_id":332767034,"type":"town","location":[-85.0932802,10.4296202],"bbox":[-85.1332802,10.3896202,-85.0532802,10.4696202],"border":[{"name":"Cañas","other_names":{"name:es":"Cañas","alt_name":"Cantón de Cañas"},"display_name":"Cañas, Guanacaste, Costa Rica","address":{"county":"Cañas","province":"Guanacaste","ISO3166-2-lvl4":"CR-G","country":"Costa Rica","country_code":"cr"},"osm_type":"relation","osm_id":6156366,"type":"administrative","location":[-85.09342257628651,10.446361],"bbox":[-85.2495704,10.1833108,-84.9491265,10.7087773]},{"name":"Cañas","display_name":"Cañas, Guanacaste, 50601, Costa Rica","address":{"town":"Cañas","county":"Cañas","province":"Guanacaste","ISO3166-2-lvl4":"CR-G","postcode":"50601","country":"Costa Rica","country_code":"cr"},"population":8841,"osm_type":"relation","osm_id":6287559,"type":"administrative","location":[-85.0932802,10.4296202],"bbox":[-85.1861129,10.3524315,-85.022402,10.5371219]}]}
{"name":"Carmona","display_name":"Carmona, Nandayure, Guanacaste, 50901, Costa Rica","address":{"town":"Carmona","county":"Nandayure","province":"Guanacaste","ISO3166-2-lvl4":"CR-G","postcode":"50901","country":"Costa Rica","country_code":"cr"},"population":2500,"osm_type":"node","osm_id":1146377252,"type":"town","location":[-85.2519907,9.9936562],"bbox":[-85.2919907,9.9536562,-85.2119907,10.0336562],"border":{"name":"Carmona","display_name":"Carmona, Nandayure, Guanacaste, 50901, Costa Rica","address":{"town":"Carmona","county":"Nandayure","province":"Guanacaste","ISO3166-2-lvl4":"CR-G","postcode":"50901","country":"Costa Rica","country_code":"cr"},"population":2500,"osm_type":"relation","osm_id":6406147,"type":"administrative","location":[-85.2519907,9.9936562],"bbox":[-85.2945994,9.959657,-85.2205929,10.0236509]}}
{"display_name":"Carrandi, Matina, Limón, 70503, Costa Rica","address":{"city":"Carrandi","county":"Matina","province":"Limón","ISO3166-2-lvl4":"CR-L","postcode":"70503","country":"Costa Rica","country_code":"cr"},"osm_type":"way","osm_id":395091271,"type":"town","location":[-83.23507845,10.0143873],"bbox":[-83.2421307,10.010691,-83.2294393,10.0181899]}
{"name":"Colón","display_name":"Colón, Mora, San José, 10701, Costa Rica","address":{"town":"Colón","county":"Mora","province":"San José","ISO3166-2-lvl4":"CR-SJ","postcode":"10701","country":"Costa Rica","country_code":"cr"},"population":17000,"osm_type":"node","osm_id":3584604950,"type":"town","location":[-84.2423468,9.9150939],"bbox":[-84.2823468,9.8750939,-84.2023468,9.9550939],"border":{"name":"Colón","display_name":"Colón, Mora, San José, 10701, Costa Rica","address":{"town":"Colón","county":"Mora","province":"San José","ISO3166-2-lvl4":"CR-SJ","postcode":"10701","country":"Costa Rica","country_code":"cr"},"population":17000,"osm_type":"relation","osm_id":5723883,"type":"administrative","location":[-84.2423468,9.9150939],"bbox":[-84.3249906,9.8840193,-84.1984291,9.9354235]}}
{"name":"Curridabat","display_name":"Curridabat, San José, 11801, Costa Rica","address":{"town":"Curridabat","county":"Curridabat","province":"San José","ISO3166-2-lvl4":"CR-SJ","postcode":"11801","country":"Costa Rica","country_code":"cr"},"population":33000,"osm_type":"node","osm_id":272876550,"type":"town","location":[-84.0362642,9.9142983],"bbox":[-84.0762642,9.8742983,-83.9962642,9.9542983],"border":[{"name":"Curridabat","other_names":{"name:es":"Curridabat","alt_name":"Cantón de Curridabat"},"display_name":"Curridabat, San José, Costa Rica","address":{"county":"Curridabat","province":"San José","ISO3166-2-lvl4":"CR-SJ","country":"Costa Rica","country_code":"cr"},"osm_type":"relation","osm_id":4068814,"type":"administrative","location":[-84.03084210051583,9.916165450000001],"bbox":[-84.0525016,9.8936707,-84.0050567,9.938912]},{"name":"Curridabat","display_name":"Curridabat, San José, 11801, Costa Rica","address":{"town":"Curridabat","county":"Curridabat","province":"San José","ISO3166-2-lvl4":"CR-SJ","postcode":"11801","country":"Costa Rica","country_code":"cr"},"population":33000,"osm_type":"relation","osm_id":4069640,"type":"administrative","location":[-84.0362642,9.9142983],"bbox":[-84.0525016,9.902096,-84.017026,9.9299596]}]}
{"name":"El Tejar","display_name":"El Tejar, El Guarco, Cartago, 30801, Costa Rica","address":{"town":"El Tejar","county":"El Guarco","province":"Cartago","ISO3166-2-lvl4":"CR-C","postcode":"30801","country":"Costa Rica","country_code":"cr"},"population":25000,"osm_type":"node","osm_id":686706581,"type":"town","location":[-83.9369063,9.8439696],"bbox":[-83.9769063,9.8039696,-83.8969063,9.8839696],"border":{"name":"El Tejar","display_name":"El Tejar, El Guarco, Cartago, 30801, Costa Rica","address":{"town":"El Tejar","county":"El Guarco","province":"Cartago","ISO3166-2-lvl4":"CR-C","postcode":"30801","country":"Costa Rica","country_code":"cr"},"population":25000,"osm_type":"relation","osm_id":5694573,"type":"administrative","location":[-83.9369063,9.8439696],"bbox":[-83.9789839,9.8333859,-83.9249477,9.8542727]}}
{"name":"Escazú","other_names":{"alt_name":"La Ciudad de las Brujas"},"display_name":"Escazú, San José, 10201, Costa Rica","address":{"town":"Escazú","county":"Escazú","province":"San José","ISO3166-2-lvl4":"CR-SJ","postcode":"10201","country":"Costa Rica","country_code":"cr"},"population":11984,"osm_type":"node","osm_id":272902096,"type":"town","location":[-84.1400276,9.919527],"bbox":[-84.1800276,9.879527,-84.1000276,9.959527],"border":[{"name":"Escazú","other_names":{"name:es":"Escazú","alt_name":"Cantón de Escazú"},"display_name":"Escazú, San José, Costa Rica","address":{"county":"Escazú","province":"San José","ISO3166-2-lvl4":"CR-SJ","country":"Costa Rica","country_code":"cr"},"osm_type":"relation","osm_id":4071270,"type":"administrative","location":[-84.14098437807948,9.9160325],"bbox":[-84.1858002,9.8595614,-84.1207244,9.9726031]},{"name":"Escazú","other_names":{"name:es":"Escazú","alt_name":"La Ciudad de las Brujas"},"display_name":"Escazú, San José, 10201, Costa Rica","address":{"town":"Escazú","county":"Escazú","province":"San José","ISO3166-2-lvl4":"CR-SJ","postcode":"10201","country":"Costa Rica","country_code":"cr"},"population":11984,"osm_type":"relation","osm_id":4071271,"type":"administrative","location":[-84.1400276,9.919527],"bbox":[-84.162855,9.9048175,-84.1301122,9.9279]}]}
{"name":"Esparza","other_names":{"name:es":"Esparza","alt_name":"Esparza"},"display_name":"Esparza, Espíritu Santo, Esparza, Puntarenas, 60201, Costa Rica","address":{"town":"Esparza","city":"Espíritu Santo","county":"Esparza","province":"Puntarenas","ISO3166-2-lvl4":"CR-P","postcode":"60201","country":"Costa Rica","country_code":"cr"},"population":32000,"osm_type":"node","osm_id":365551769,"type":"town","location":[-84.6660477,9.9917053],"bbox":[-84.7060477,9.9517053,-84.6260477,10.0317053],"border":{"name":"Esparza","other_names":{"name:es":"Esparza","alt_name":"Cantón de Esparza"},"display_name":"Esparza, Puntarenas, Costa Rica","address":{"county":"Esparza","province":"Puntarenas","ISO3166-2-lvl4":"CR-P","country":"Costa Rica","country_code":"cr"},"osm_type":"relation","osm_id":5720555,"type":"administrative","location":[-84.62556364842699,9.99604495],"bbox":[-84.740377,9.8640405,-84.5531131,10.1276918]}}
{"name":"Filadelfia","display_name":"Filadelfia, Carrillo, Guanacaste, 50501, Costa Rica","address":{"town":"Filadelfia","county":"Carrillo","province":"Guanacaste","ISO3166-2-lvl4":"CR-G","postcode":"50501","country":"Costa Rica","country_code":"cr"},"population":9000,"osm_type":"node","osm_id":279298465,"type":"town","location":[-85.5526323,10.4453735],"bbox":[-85.5926323,10.4053735,-85.5126323,10.4853735],"border":{"name":"Filadelfia","display_name":"Filadelfia, Carrillo, Guanacaste, 50501, Costa Rica","address":{"town":"Filadelfia","county":"Carrillo","province":"Guanacaste","ISO3166-2-lvl4":"CR-G","postcode":"50501","country":"Costa Rica","country_code":"cr"},"population":9000,"osm_type":"relation","osm_id":5729105,"type":"administrative","location":[-85.5526323,10.4453735],"bbox":[-85.5739351,10.362339,-85.3687745,10.4756262]}}
{"name":"Golfito","display_name":"Golfito, Puntarenas, 60701, Costa Rica","address":{"town":"Golfito","county":"Golfito","province":"Puntarenas","ISO3166-2-lvl4":"CR-P","postcode":"60701","country":"Costa Rica","country_code":"cr"},"population":10000,"osm_type":"node","osm_id":2600824342,"type":"town","location":[-83.1691952,8.6395363],"bbox":[-83.2091952,8.5995363,-83.1291952,8.6795363],"border":[{"name":"Golfito","other_names":{"name:es":"Golfito","alt_name":"Cantón de Golfito"},"display_name":"Golfito, Puntarenas, Costa Rica","address":{"county":"Golfito","province":"Puntarenas","ISO3166-2-lvl4":"CR-P","country":"Costa Rica","country_code":"cr"},"osm_type":"relation","osm_id":6263891,"type":"administrative","location":[-83.05880959101265,8.4275684],"bbox":[-83.3356433,8.0403515,-82.8857555,8.8143311]},{"name":"Golfito","display_name":"Golfito, Puntarenas, 60701, Costa Rica","address":{"town":"Golfito","county":"Golfito","province":"Puntarenas","ISO3166-2-lvl4":"CR-P","postcode":"60701","country":"Costa Rica","country_code":"cr"},"population":10000,"osm_type":"relation","osm_id":6265491,"type":"administrative","location":[-83.1691952,8.6395363],"bbox":[-83.3356433,8.530124,-83.0109883,8.7750819]}]}
{"name":"Grecia","display_name":"Grecia, Alajuela, 20301, Costa Rica","address":{"town":"Grecia","county":"Grecia","state":"Alajuela","ISO3166-2-lvl4":"CR-A","postcode":"20301","country":"Costa Rica","country_code":"cr"},"population":16700,"osm_type":"node","osm_id":292598198,"type":"town","location":[-84.3119064,10.0730108],"bbox":[-84.3519064,10.0330108,-84.2719064,10.1130108],"border":[{"name":"Grecia","other_names":{"name:es":"Grecia","alt_name":"Cantón de Grecia"},"display_name":"Grecia, Alajuela, Costa Rica","address":{"county":"Grecia","state":"Alajuela","ISO3166-2-lvl4":"CR-A","country":"Costa Rica","country_code":"cr"},"osm_type":"relation","osm_id":5725181,"type":"administrative","location":[-84.29939130280383,10.09057855],"bbox":[-84.3623816,9.9929735,-84.2300031,10.1883296]},{"name":"Grecia","display_name":"Grecia, Alajuela, 20301, Costa Rica","address":{"town":"Grecia","county":"Grecia","state":"Alajuela","ISO3166-2-lvl4":"CR-A","postcode":"20301","country":"Costa Rica","country_code":"cr"},"population":16700,"osm_type":"relation","osm_id":6926790,"type":"administrative","location":[-84.3119064,10.0730108],"bbox":[-84.335385,10.057427,-84.2917759,10.0811966]}]}
{"name":"Guácimo","display_name":"Guácimo, Limón, 70601, Costa Rica","address":{"town":"Guácimo","province":"Limón","ISO3166-2-lvl4":"CR-L","postcode":"70601","country":"Costa Rica","country_code":"cr"},"osm_type":"node","osm_id":444664230,"type":"town","location":[-83.6850907,10.2105886],"bbox":[-83.7250907,10.1705886,-83.6450907,10.2505886],"border":[{"name":"Guácimo","other_names":{"name:es":"Guácimo","alt_name":"Cantón de Guácimo"},"display_name":"Guácimo, Limón, Costa Rica","address":{"town":"Guácimo","province":"Limón","ISO3166-2-lvl4":"CR-L","country":"Costa Rica","country_code":"cr"},"osm_type":"relation","osm_id":5700770,"type":"administrative","location":[-83.6850907,10.2105886],"bbox":[-83.7753237,10.0387116,-83.341976,10.4043033]},{"name":"Guácimo","display_name":"Guácimo, Limón, 70601, Costa Rica","address":{"town":"Guácimo","province":"Limón","ISO3166-2-lvl4":"CR-L","postcode":"70601","country":"Costa Rica","country_code":"cr"},"osm_type":"relation","osm_id":5714398,"type":"administrative","location":[-83.6850907,10.2105886],"bbox":[-83.7753237,10.0398015,-83.6209806,10.3033668]}]}
{"name":"Guadalupe","display_name":"Guadalupe, Goicoechea, San José, 10801, Costa Rica","address":{"town":"Guadalupe","county":"Goicoechea","province":"San José","ISO3166-2-lvl4":"CR-SJ","postcode":"10801","country":"Costa Rica","country_code":"cr"},"population":23000,"osm_type":"node","osm_id":2795101034,"type":"town","location":[-84.0535081,9.9465312],"bbox":[-84.0935081,9.9065312,-84.0135081,9.9865312],"border":{"name":"Guadalupe","display_name":"Guadalupe, Goicoechea, San José, 10801, Costa Rica","address":{"town":"Guadalupe","county":"Goicoechea","province":"San José","ISO3166-2-lvl4":"CR-SJ","postcode":"10801","country":"Costa Rica","country_code":"cr"},"population":23000,"osm_type":"relation","osm_id":5413762,"type":"administrative","location":[-84.0535081,9.9465312],"bbox":[-84.0656358,9.9390986,-84.0369105,9.9597029]}}
{"name":"Hojancha","display_name":"Hojancha, Guanacaste, 51101, Costa Rica","address":{"town":"Hojancha","county":"Hojancha","province":"Guanacaste","ISO3166-2-lvl4":"CR-G","postcode":"51101","country":"Costa Rica","country_code":"cr"},"population":4000,"osm_type":"node","osm_id":1241403543,"type":"town","location":[-85.4175108,10.0603408],"bbox":[-85.4575108,10.0203408,-85.3775108,10.1003408],"border":[{"name":"Hojancha","other_names":{"name:es":"Hojancha","alt_name":"Cantón de Hojancha"},"display_name":"Hojancha, Guanacaste, Costa Rica","address":{"county":"Hojancha","province":"Guanacaste","ISO3166-2-lvl4":"CR-G","country":"Costa Rica","country_code":"cr"},"osm_type":"relation","osm_id":6195113,"type":"administrative","location":[-85.41137090259643,9.97537935],"bbox":[-85.4965178,9.8496656,-85.3229341,10.1008978]},{"name":"Hojancha","display_name":"Hojancha, Guanacaste, 51101, Costa Rica","address":{"town":"Hojancha","county":"Hojancha","province":"Guanacaste","ISO3166-2-lvl4":"CR-G","postcode":"51101","country":"Costa Rica","country_code":"cr"},"population":4000,"osm_type":"relation","osm_id":6408321,"type":"administrative","location":[-85.4175108,10.0603408],"bbox":[-85.4744679,9.9938698,-85.3786594,10.0973166]}]}
{"name":"Jacó","display_name":"Jacó, Garabito, Puntarenas, Costa Rica","address":{"town":"Jacó","district":"Jacó","county":"Garabito","province":"Puntarenas","ISO3166-2-lvl4":"CR-P","country":"Costa Rica","country_code":"cr"},"population":20000,"osm_type":"node","osm_id":7310986869,"type":"town","location":[-84.6281253,9.6156361],"bbox":[-84.6681253,9.5756361,-84.5881253,9.6556361],"border":{"name":"Jacó","display_name":"Jacó, Garabito, Puntarenas, 61101, Costa Rica","address":{"district":"Jacó","county":"Garabito","province":"Puntarenas","ISO3166-2-lvl4":"CR-P","postcode":"61101","country":"Costa Rica","country_code":"cr"},"population":20000,"osm_type":"relation","osm_id":5720534,"type":"administrative","location":[-84.6281253,9.6156361],"bbox":[-84.680533,9.536026,-84.5285348,9.7048028]}}
{"name":"Juan Viñas","display_name":"Juan Viñas, Jiménez, Cartago, 30401, Costa Rica","address":{"town":"Juan Viñas","county":"Jiménez","province":"Cartago","ISO3166-2-lvl4":"CR-C","postcode":"30401","country":"Costa Rica","country_code":"cr"},"population":7400,"osm_type":"node","osm_id":332778637,"type":"town","location":[-83.7457664,9.8949807],"bbox":[-83.7857664,9.8549807,-83.7057664,9.9349807],"border":{"name":"Juan Viñas","display_name":"Juan Viñas, Jiménez, Cartago, 30401, Costa Rica","address":{"town":"Juan Viñas","county":"Jiménez","province":"Cartago","ISO3166-2-lvl4":"CR-C","postcode":"30401","country":"Costa Rica","country_code":"cr"},"population":7400,"osm_type":"relation","osm_id":6282146,"type":"administrative","location":[-83.7457664,9.8949807],"bbox":[-83.7801563,9.8558284,-83.7042644,9.9431568]}}
{"name":"La Cruz","display_name":"La Cruz, Guanacaste, Costa Rica","address":{"town":"La Cruz","county":"La Cruz","province":"Guanacaste","ISO3166-2-lvl4":"CR-G","country":"Costa Rica","country_code":"cr"},"population":8000,"osm_type":"node","osm_id":3846033174,"type":"town","location":[-85.6324372,11.0743722],"bbox":[-85.6724372,11.0343722,-85.5924372,11.1143722],"border":[{"name":"La Cruz","other_names":{"name:es":"La Cruz","alt_name":"Cantón de La Cruz"},"display_name":"La Cruz, Guanacaste, Costa Rica","address":{"county":"La Cruz","province":"Guanacaste","ISO3166-2-lvl4":"CR-G","country":"Costa Rica","country_code":"cr"},"osm_type":"relation","osm_id":5726504,"type":"administrative","location":[-85.55184913182646,11.0088428],"bbox":[-85.9788778,10.7982049,-85.2300116,11.2195684]},{"name":"La Cruz","display_name":"La Cruz, Guanacaste, 51001, Costa Rica","address":{"town":"La Cruz","county":"La Cruz","province":"Guanacaste","ISO3166-2-lvl4":"CR-G","postcode":"51001","country":"Costa Rica","country_code":"cr"},"population":8000,"osm_type":"relation","osm_id":6352413,"type":"administrative","location":[-85.6324372,11.0743722],"bbox":[-85.7567448,10.9494333,-85.5277231,11.2195684]}]}
{"name":"Las Juntas","display_name":"Las Juntas, Abangares, Guanacaste, 50701, Costa Rica","address":{"town":"Las Juntas","county":"Abangares","province":"Guanacaste","ISO3166-2-lvl4":"CR-G","postcode":"50701","country":"Costa Rica","country_code":"cr"},"population":10000,"osm_type":"node","osm_id":876324842,"type":"town","location":[-84.9586651,10.2809719],"bbox":[-84.9986651,10.2409719,-84.9186651,10.3209719],"border":{"name":"Las Juntas","display_name":"Las Juntas, Abangares, Guanacaste, 50701, Costa Rica","address":{"town":"Las Juntas","county":"Abangares","province":"Guanacaste","ISO3166-2-lvl4":"CR-G","postcode":"50701","country":"Costa Rica","country_code":"cr"},"population":10000,"osm_type":"relation","osm_id":6290028,"type":"administrative","location":[-84.9586651,10.2809719],"bbox":[-85.1281087,10.1088881,-84.9178986,10.365305]}}
{"name":"Los Chiles","display_name":"Los Chiles, Alajuela, 21401, Costa Rica","address":{"town":"Los Chiles","county":"Los Chiles","state":"Alajuela","ISO3166-2-lvl4":"CR-A","postcode":"21401","country":"Costa Rica","country_code":"cr"},"population":13000,"osm_type":"node","osm_id":302366533,"type":"town","location":[-84.7156257,11.0327607],"bbox":[-84.7556257,10.9927607,-84.6756257,11.0727607],"border":[{"name":"Los Chiles","other_names":{"name:es":"Los Chiles","alt_name":"Cantón de Los Chiles"},"display_name":"Los Chiles, Alajuela, Costa Rica","address":{"county":"Los Chiles","state":"Alajuela","ISO3166-2-lvl4":"CR-A","country":"Costa Rica","country_code":"cr"},"osm_type":"relation","osm_id":6193364,"type":"administrative","location":[-84.71501777619625,10.857035400000001],"bbox":[-84.8960996,10.6294021,-84.4515587,11.084402]},{"name":"Los Chiles","display_name":"Los Chiles, Alajuela, 21401, Costa Rica","address":{"town":"Los Chiles","county":"Los Chiles","state":"Alajuela","ISO3166-2-lvl4":"CR-A","postcode":"21401","country":"Costa Rica","country_code":"cr"},"population":13000,"osm_type":"relation","osm_id":6336274,"type":"administrative","location":[-84.7156257,11.0327607],"bbox":[-84.7466733,10.8438243,-84.4515587,11.084402]}]}
{"name":"Matina","display_name":"Matina, Limón, 70501, Costa Rica","address":{"town":"Matina","county":"Matina","province":"Limón","ISO3166-2-lvl4":"CR-L","postcode":"70501","country":"Costa Rica","country_code":"cr"},"population":10500,"osm_type":"node","osm_id":1082105680,"type":"town","location":[-83.2900671,10.0770026],"bbox":[-83.3300671,10.0370026,-83.2500671,10.1170026],"border":[{"name":"Matina","other_names":{"name:es":"Matina","alt_name":"Cantón de Matina"},"display_name":"Matina, Limón, Costa Rica","address":{"county":"Matina","province":"Limón","ISO3166-2-lvl4":"CR-L","country":"Costa Rica","country_code":"cr"},"osm_type":"relation","osm_id":5708069,"type":"administrative","location":[-83.33949719306517,10.009750749999998],"bbox":[-83.4683267,9.7977205,-83.1504078,10.2217511]},{"name":"Matina","display_name":"Matina, Limón, 70501, Costa Rica","address":{"town":"Matina","county":"Matina","province":"Limón","ISO3166-2-lvl4":"CR-L","postcode":"70501","country":"Costa Rica","country_code":"cr"},"population":10500,"osm_type":"relation","osm_id":5711784,"type":"administrative","location":[-83.2900671,10.0770026],"bbox":[-83.3879714,9.7977205,-83.1915273,10.1722967]}]}
{"name":"Miramar","display_name":"Miramar, Montes de Oro, Puntarenas, 60401, Costa Rica","address":{"town":"Miramar","county":"Montes de Oro","province":"Puntarenas","ISO3166-2-lvl4":"CR-P","postcode":"60401","country":"Costa Rica","country_code":"cr"},"population":9400,"osm_type":"node","osm_id":623824371,"type":"town","location":[-84.7304249,10.0922468],"bbox":[-84.7704249,10.0522468,-84.6904249,10.1322468],"border":{"name":"Miramar","display_name":"Miramar, Montes de Oro, Puntarenas, 60401, Costa Rica","address":{"town":"Miramar","county":"Montes de Oro","province":"Puntarenas","ISO3166-2-lvl4":"CR-P","postcode":"60401","country":"Costa Rica","country_code":"cr"},"population":9400,"osm_type":"relation","osm_id":6151068,"type":"administrative","location":[-84.7304249,10.0922468],"bbox":[-84.8116329,10.0436202,-84.6637063,10.1763166]}}
{"name":"Naranjo","display_name":"Naranjo, Alajuela, 20601, Costa Rica","address":{"town":"Naranjo","county":"Naranjo","state":"Alajuela","ISO3166-2-lvl4":"CR-A","postcode":"20601","country":"Costa Rica","country_code":"cr"},"population":16000,"osm_type":"node","osm_id":292614842,"type":"town","location":[-84.378584,10.0983023],"bbox":[-84.418584,10.0583023,-84.338584,10.1383023],"border":[{"name":"Naranjo","other_names":{"name:es":"Naranjo","alt_name":"Cantón de Naranjo"},"display_name":"Naranjo, Alajuela, Costa Rica","address":{"county":"Naranjo","state":"Alajuela","ISO3166-2-lvl4":"CR-A","country":"Costa Rica","country_code":"cr"},"osm_type":"relation","osm_id":5900570,"type":"administrative","location":[-84.39948584547625,10.1054677],"bbox":[-84.4438852,10.0183943,-84.3331706,10.1923848]},{"name":"Naranjo","display_name":"Naranjo, Alajuela, 20601, Costa Rica","address":{"town":"Naranjo","county":"Naranjo","state":"Alajuela","ISO3166-2-lvl4":"CR-A","postcode":"20601","country":"Costa Rica","country_code":"cr"},"population":16000,"osm_type":"relation","osm_id":7369155,"type":"administrative","location":[-84.378584,10.0983023],"bbox":[-84.4167208,10.0687181,-84.3585314,10.131577]}]}
{"name":"Orotina","display_name":"Orotina, Alajuela, 20901, Costa Rica","address":{"town":"Orotina","county":"Orotina","state":"Alajuela","ISO3166-2-lvl4":"CR-A","postcode":"20901","country":"Costa Rica","country_code":"cr"},"population":17000,"osm_type":"node","osm_id":332772374,"type":"town","location":[-84.5256678,9.9120538],"bbox":[-84.5656678,9.8720538,-84.4856678,9.9520538],"border":[{"name":"Orotina","other_names":{"name:es":"Orotina","alt_name":"Cantón de Orotina"},"display_name":"Orotina, Alajuela, Costa Rica","address":{"county":"Orotina","state":"Alajuela","ISO3166-2-lvl4":"CR-A","country":"Costa Rica","country_code":"cr"},"osm_type":"relation","osm_id":5721071,"type":"administrative","location":[-84.59458176250948,9.8932724],"bbox":[-84.6893614,9.8401199,-84.4620718,9.9463458]},{"name":"Orotina","display_name":"Orotina, Alajuela, 20901, Costa Rica","address":{"town":"Orotina","county":"Orotina","state":"Alajuela","ISO3166-2-lvl4":"CR-A","postcode":"20901","country":"Costa Rica","country_code":"cr"},"population":17000,"osm_type":"relation","osm_id":5721086,"type":"administrative","location":[-84.5256678,9.9120538],"bbox":[-84.5485771,9.8724818,-84.5014695,9.9322253]}]}
{"name":"Pacayas","display_name":"Pacayas, Alvarado, Cartago, Costa Rica","address":{"town":"Pacayas","county":"Alvarado","province":"Cartago","ISO3166-2-lvl4":"CR-C","country":"Costa Rica","country_code":"cr"},"population":6000,"osm_type":"node","osm_id":3852413229,"type":"town","location":[-83.809283,9.9157783],"bbox":[-83.849283,9.8757783,-83.769283,9.9557783],"border":{"name":"Pacayas","display_name":"Pacayas, Alvarado, Cartago, 30601, Costa Rica","address":{"town":"Pacayas","county":"Alvarado","province":"Cartago","ISO3166-2-lvl4":"CR-C","postcode":"30601","country":"Costa Rica","country_code":"cr"},"population":6000,"osm_type":"relation","osm_id":5685518,"type":"administrative","location":[-83.809283,9.9157783],"bbox":[-83.8427767,9.892621,-83.7929626,9.9829226]}}
{"name":"Palmares","display_name":"Palmares, Alajuela, 20701, Costa Rica","address":{"town":"Palmares","county":"Palmares","state":"Alajuela","ISO3166-2-lvl4":"CR-A","postcode":"20701","country":"Costa Rica","country_code":"cr"},"population":38000,"osm_type":"node","osm_id":456307022,"type":"town","location":[-84.4333051,10.0568569],"bbox":[-84.4733051,10.0168569,-84.3933051,10.0968569],"border":[{"name":"Palmares","other_names":{"name:es":"Palmares","alt_name":"Cantón de Palmares"},"display_name":"Palmares, Alajuela, Costa Rica","address":{"county":"Palmares","state":"Alajuela","ISO3166-2-lvl4":"CR-A","country":"Costa Rica","country_code":"cr"},"osm_type":"relation","osm_id":5654789,"type":"administrative","location":[-84.43557991130497,10.046546],"bbox":[-84.4699332,10.0073829,-84.4047557,10.085797]},{"name":"Palmares","display_name":"Palmares, Alajuela, 20701, Costa Rica","address":{"town":"Palmares","county":"Palmares","state":"Alajuela","ISO3166-2-lvl4":"CR-A","postcode":"20701","country":"Costa Rica","country_code":"cr"},"population":38000,"osm_type":"relation","osm_id":5634273,"type":"administrative","location":[-84.4333051,10.0568569],"bbox":[-84.4385849,10.0478087,-84.4268099,10.0626493]}]}
{"name":"Paraíso","display_name":"Paraíso, Cartago, 30201, Costa Rica","address":{"town":"Paraíso","county":"Paraíso","province":"Cartago","ISO3166-2-lvl4":"CR-C","postcode":"30201","country":"Costa Rica","country_code":"cr"},"population":21500,"osm_type":"node","osm_id":288590588,"type":"town","location":[-83.8662999,9.8384476],"bbox":[-83.9062999,9.7984476,-83.8262999,9.8784476],"border":[{"name":"Paraíso","other_names":{"name:es":"Paraíso","alt_name":"Cantón de Paraíso"},"display_name":"Paraíso, Cartago, Costa Rica","address":{"county":"Paraíso","province":"Cartago","ISO3166-2-lvl4":"CR-C","country":"Costa Rica","country_code":"cr"},"osm_type":"relation","osm_id":6195322,"type":"administrative","location":[-83.77370719370901,9.731299199999999],"bbox":[-83.8947151,9.551114,-83.6270181,9.9078768]},{"name":"Paraíso","display_name":"Paraíso, Cartago, 30201, Costa Rica","address":{"town":"Paraíso","county":"Paraíso","province":"Cartago","ISO3166-2-lvl4":"CR-C","postcode":"30201","country":"Costa Rica","country_code":"cr"},"population":21500,"osm_type":"relation","osm_id":6282277,"type":"administrative","location":[-83.8662999,9.8384476],"bbox":[-83.8788981,9.8074203,-83.8137306,9.8659485]}]}
{"name":"Parrita","display_name":"Parrita, Puntarenas, 60901, Costa Rica","address":{"town":"Parrita","county":"Parrita","province":"Puntarenas","ISO3166-2-lvl4":"CR-P","postcode":"60901","country":"Costa Rica","country_code":"cr"},"population":22000,"osm_type":"node","osm_id":282793947,"type":"town","location":[-84.3220149,9.5216996],"bbox":[-84.3620149,9.4816996,-84.2820149,9.5616996],"border":[{"name":"Parrita","other_names":{"name:es":"Parrita","alt_name":"Cantón de Parrita"},"display_name":"Parrita, Puntarenas, 60901, Costa Rica","address":{"county":"Parrita","province":"Puntarenas","ISO3166-2-lvl4":"CR-P","postcode":"60901","country":"Costa Rica","country_code":"cr"},"osm_type":"relation","osm_id":6145859,"type":"administrative","location":[-84.36634395935779,9.54712105],"bbox":[-84.5625767,9.4450017,-84.1304586,9.6494215]},{"name":"Parrita","display_name":"Parrita, Puntarenas, 60901, Costa Rica","address":{"town":"Parrita","county":"Parrita","province":"Puntarenas","ISO3166-2-lvl4":"CR-P","postcode":"60901","country":"Costa Rica","country_code":"cr"},"population":22000,"osm_type":"relation","osm_id":11552450,"type":"administrative","location":[-84.3220149,9.5216996],"bbox":[-84.5625767,9.4450017,-84.1304586,9.6494215]}]}
{"name":"Puerto Cortés","other_names":{"alt_name":"Ciudad Cortés"},"display_name":"Puerto Cortés, Osa, Puntarenas, 60501, Costa Rica","address":{"town":"Puerto Cortés","county":"Osa","province":"Puntarenas","ISO3166-2-lvl4":"CR-P","postcode":"60501","country":"Costa Rica","country_code":"cr"},"population":8000,"osm_type":"node","osm_id":2525001752,"type":"town","location":[-83.5239723,8.9614477],"bbox":[-83.5639723,8.9214477,-83.4839723,9.0014477],"border":{"name":"Puerto Cortés","other_names":{"name:es":"Puerto Cortés","alt_name":"Ciudad Cortés"},"display_name":"Puerto Cortés, Osa, Puntarenas, 60501, Costa Rica","address":{"town":"Puerto Cortés","county":"Osa","province":"Puntarenas","ISO3166-2-lvl4":"CR-P","postcode":"60501","country":"Costa Rica","country_code":"cr"},"population":8000,"osm_type":"relation","osm_id":6198615,"type":"administrative","location":[-83.5239723,8.9614477],"bbox":[-83.6681552,8.9274223,-83.478475,9.1174217]}}
{"name":"Puerto Jiménez","display_name":"Puerto Jiménez, Puntarenas, 60702, Costa Rica","address":{"town":"Puerto Jiménez","county":"Puerto Jiménez","province":"Puntarenas","ISO3166-2-lvl4":"CR-P","postcode":"60702","country":"Costa Rica","country_code":"cr"},"population":8789,"osm_type":"node","osm_id":413496337,"type":"town","location":[-83.3061343,8.5354115],"bbox":[-83.3461343,8.4954115,-83.2661343,8.5754115],"border":[{"name":"Puerto Jiménez","other_names":{"name:es":"Puerto Jiménez","alt_name":"Cantón de Puerto Jiménez"},"display_name":"Puerto Jiménez, Puntarenas, Costa Rica","address":{"county":"Puerto Jiménez","province":"Puntarenas","ISO3166-2-lvl4":"CR-P","country":"Costa Rica","country_code":"cr"},"osm_type":"relation","osm_id":14010855,"type":"administrative","location":[-83.45844839937729,8.533789500000001],"bbox":[-83.6500756,8.3745732,-83.2718801,8.69298]},{"name":"Puerto Jiménez","display_name":"Puerto Jiménez, Puntarenas, 61301, Costa Rica","address":{"town":"Puerto Jiménez","county":"Puerto Jiménez","province":"Puntarenas","ISO3166-2-lvl4":"CR-P","postcode":"61301","country":"Costa Rica","country_code":"cr"},"population":8789,"osm_type":"relation","osm_id":6265151,"type":"administrative","location":[-83.3061343,8.5354115],"bbox":[-83.6500756,8.3745732,-83.2718801,8.69298]}]}
{"name":"Puerto Viejo","display_name":"Puerto Viejo, Sarapiquí, Heredia, 41001, Costa Rica","address":{"town":"Puerto Viejo","county":"Sarapiquí","province":"Heredia","ISO3166-2-lvl4":"CR-H","postcode":"41001","country":"Costa Rica","country_code":"cr"},"population":20000,"osm_type":"node","osm_id":440275723,"type":"town","location":[-84.0082509,10.4541393],"bbox":[-84.0482509,10.4141393,-83.9682509,10.4941393],"border":{"name":"Puerto Viejo","display_name":"Puerto Viejo, Sarapiquí, Heredia, 41001, Costa Rica","address":{"town":"Puerto Viejo","county":"Sarapiquí","province":"Heredia","ISO3166-2-lvl4":"CR-H","postcode":"41001","country":"Costa Rica","country_code":"cr"},"population":20000,"osm_type":"relation","osm_id":5601049,"type":"administrative","location":[-84.0082509,10.4541393],"bbox":[-84.082421,10.4321175,-83.827164,10.7150476]}}
{"name":"Quepos","display_name":"Quepos, Puntarenas, 60601, Costa Rica","address":{"town":"Quepos","county":"Quepos","province":"Puntarenas","ISO3166-2-lvl4":"CR-P","postcode":"60601","country":"Costa Rica","country_code":"cr"},"population":22000,"osm_type":"node","osm_id":276982572,"type":"town","location":[-84.162143,9.4319132],"bbox":[-84.202143,9.3919132,-84.122143,9.4719132],"border":[{"name":"Quepos","other_names":{"name:es":"Quepos","alt_name":"Cantón de Quepos","old_name":"Aguirre"},"display_name":"Quepos, Puntarenas, Costa Rica","address":{"county":"Quepos","province":"Puntarenas","ISO3166-2-lvl4":"CR-P","country":"Costa Rica","country_code":"cr"},"osm_type":"relation","osm_id":6145706,"type":"administrative","location":[-84.0649206132122,9.4127862],"bbox":[-84.254185,9.2534787,-83.8390364,9.5720137]},{"name":"Quepos","display_name":"Quepos, Puntarenas, 60601, Costa Rica","address":{"town":"Quepos","county":"Quepos","province":"Puntarenas","ISO3166-2-lvl4":"CR-P","postcode":"60601","country":"Costa Rica","country_code":"cr"},"population":22000,"osm_type":"relation","osm_id":6142487,"type":"administrative","location":[-84.162143,9.4319132],"bbox":[-84.254185,9.3445176,-84.0244872,9.5720137]}]}
{"name":"Río Cuarto","display_name":"Río Cuarto, Alajuela, 21601, Costa Rica","address":{"town":"Río Cuarto","state":"Alajuela","ISO3166-2-lvl4":"CR-A","postcode":"21601","country":"Costa Rica","country_code":"cr"},"population":16000,"osm_type":"node","osm_id":1250857870,"type":"town","location":[-84.2154562,10.3443612],"bbox":[-84.2554562,10.3043612,-84.1754562,10.3843612],"border":[{"name":"Río Cuarto","other_names":{"name:es":"Río Cuarto","alt_name":"Cantón de Río Cuarto"},"display_name":"Río Cuarto, Alajuela, Costa Rica","address":{"town":"Río Cuarto","state":"Alajuela","ISO3166-2-lvl4":"CR-A","country":"Costa Rica","country_code":"cr"},"population":16000,"osm_type":"relation","osm_id":7105576,"type":"administrative","location":[-84.2154562,10.3443612],"bbox":[-84.2657433,10.2418995,-84.1611574,10.5773081]},{"name":"Río Cuarto","display_name":"Río Cuarto, Alajuela, 21601, Costa Rica","address":{"city_district":"Río Cuarto","town":"Río Cuarto","state":"Alajuela","ISO3166-2-lvl4":"CR-A","postcode":"21601","country":"Costa Rica","country_code":"cr"},"osm_type":"relation","osm_id":5725229,"type":"administrative","location":[-84.21871656484898,10.320308449999999],"bbox":[-84.2657433,10.2418995,-84.1807039,10.398675]}]}
{"name":"San Antonio","display_name":"San Antonio, Belén, Heredia, 40701, Costa Rica","address":{"town":"San Antonio","region":"Belén","province":"Heredia","ISO3166-2-lvl4":"CR-H","postcode":"40701","country":"Costa Rica","country_code":"cr"},"population":11700,"osm_type":"node","osm_id":2795101030,"type":"town","location":[-84.1852459,9.9795545],"bbox":[-84.2252459,9.9395545,-84.1452459,10.0195545],"border":{"name":"San Antonio","display_name":"San Antonio, Belén, Heredia, 40701, Costa Rica","address":{"town":"San Antonio","region":"Belén","province":"Heredia","ISO3166-2-lvl4":"CR-H","postcode":"40701","country":"Costa Rica","country_code":"cr"},"population":11700,"osm_type":"relation","osm_id":5670203,"type":"administrative","location":[-84.1852459,9.9795545],"bbox":[-84.2001824,9.9680236,-84.1757303,9.9882643]}}
{"name":"San Ignacio","display_name":"San Ignacio, Acosta, San José, 11201, Costa Rica","address":{"town":"San Ignacio","county":"Acosta","province":"San José","ISO3166-2-lvl4":"CR-SJ","postcode":"11201","country":"Costa Rica","country_code":"cr"},"population":10000,"osm_type":"node","osm_id":282610760,"type":"town","location":[-84.162439,9.7972275],"bbox":[-84.202439,9.7572275,-84.122439,9.8372275],"border":{"name":"San Ignacio","display_name":"San Ignacio, Acosta, San José, 11201, Costa Rica","address":{"town":"San Ignacio","county":"Acosta","province":"San José","ISO3166-2-lvl4":"CR-SJ","postcode":"11201","country":"Costa Rica","country_code":"cr"},"population":10000,"osm_type":"relation","osm_id":6302484,"type":"administrative","location":[-84.162439,9.7972275],"bbox":[-84.1944306,9.7751676,-84.1319768,9.8243055]}}
{"name":"San Isidro","display_name":"San Isidro, Heredia, 40601, Costa Rica","address":{"town":"San Isidro","county":"San Isidro","province":"Heredia","ISO3166-2-lvl4":"CR-H","postcode":"40601","country":"Costa Rica","country_code":"cr"},"population":7000,"osm_type":"node","osm_id":267632809,"type":"town","location":[-84.0559445,10.0170914],"bbox":[-84.0959445,9.9770914,-84.0159445,10.0570914],"border":[{"name":"San Isidro","other_names":{"name:es":"San Isidro","alt_name":"Cantón de San Isidro"},"display_name":"San Isidro, Heredia, Costa Rica","address":{"county":"San Isidro","province":"Heredia","ISO3166-2-lvl4":"CR-H","country":"Costa Rica","country_code":"cr"},"osm_type":"relation","osm_id":5730657,"type":"administrative","location":[-84.03211092140083,10.02971335],"bbox":[-84.0759195,9.9963121,-84.0101991,10.0631159]},{"name":"San Isidro","display_name":"San Isidro, Heredia, 40601, Costa Rica","address":{"town":"San Isidro","county":"San Isidro","province":"Heredia","ISO3166-2-lvl4":"CR-H","postcode":"40601","country":"Costa Rica","country_code":"cr"},"population":7000,"osm_type":"relation","osm_id":5634492,"type":"administrative","location":[-84.0559445,10.0170914],"bbox":[-84.0604048,9.9995542,-84.0449917,10.0274748]}]}
{"name":"San Isidro","other_names":{"alt_name":"San Isidro de Coronado"},"display_name":"San Isidro, Vázquez de Coronado, San José, 11101, Costa Rica","address":{"town":"San Isidro","county":"Vázquez de Coronado","province":"San José","ISO3166-2-lvl4":"CR-SJ","postcode":"11101","country":"Costa Rica","country_code":"cr"},"population":17000,"osm_type":"node","osm_id":2795101027,"type":"town","location":[-84.0085985,9.9768048],"bbox":[-84.0485985,9.9368048,-83.9685985,10.0168048],"border":{"name":"San Isidro","other_names":{"name:es":"San Isidro","alt_name":"San Isidro de Coronado"},"display_name":"San Isidro, Vázquez de Coronado, San José, 11101, Costa Rica","address":{"town":"San Isidro","county":"Vázquez de Coronado","province":"San José","ISO3166-2-lvl4":"CR-SJ","postcode":"11101","country":"Costa Rica","country_code":"cr"},"population":17000,"osm_type":"relation","osm_id":5416058,"type":"administrative","location":[-84.0085985,9.9768048],"bbox":[-84.0237326,9.9643964,-83.9473403,9.9833883]}}
{"name":"San Joaquín","display_name":"San Joaquín, Flores, Heredia, 40801, Costa Rica","address":{"town":"San Joaquín","county":"Flores","province":"Heredia","ISO3166-2-lvl4":"CR-H","postcode":"40801","country":"Costa Rica","country_code":"cr"},"population":8400,"osm_type":"node","osm_id":1274593545,"type":"town","location":[-84.1533806,10.0028346],"bbox":[-84.1933806,9.9628346,-84.1133806,10.0428346],"border":{"name":"San Joaquín","display_name":"San Joaquín, Flores, Heredia, 40801, Costa Rica","address":{"town":"San Joaquín","county":"Flores","province":"Heredia","ISO3166-2-lvl4":"CR-H","postcode":"40801","country":"Costa Rica","country_code":"cr"},"population":8400,"osm_type":"relation","osm_id":5670510,"type":"administrative","location":[-84.1533806,10.0028346],"bbox":[-84.1737952,10.0000815,-84.1339868,10.0119936]}}
{"name":"San Juan","display_name":"San Juan, Tibás, San José, 11301, Costa Rica","address":{"town":"San Juan","county":"Tibás","province":"San José","ISO3166-2-lvl4":"CR-SJ","postcode":"11301","country":"Costa Rica","country_code":"cr"},"population":27000,"osm_type":"node","osm_id":2795101026,"type":"town","location":[-84.0814231,9.9617431],"bbox":[-84.1214231,9.9217431,-84.0414231,10.0017431],"border":{"name":"San Juan","display_name":"San Juan, Tibás, San José, 11301, Costa Rica","address":{"town":"San Juan","county":"Tibás","province":"San José","ISO3166-2-lvl4":"CR-SJ","postcode":"11301","country":"Costa Rica","country_code":"cr"},"population":27000,"osm_type":"relation","osm_id":5414980,"type":"administrative","location":[-84.0814231,9.9617431],"bbox":[-84.0910582,9.9491478,-84.0551403,9.9728264]}}
{"name":"San Marcos","display_name":"San Marcos, Calle Guzmán, Las 3 Marías, San Marcos, Tarrazú, San José, 10501, Costa Rica","address":{"amenity":"San Marcos","road":"Calle Guzmán","neighbourhood":"Las 3 Marías","town":"San Marcos","county":"Tarrazú","province":"San José","ISO3166-2-lvl4":"CR-SJ","postcode":"10501","country":"Costa Rica","country_code":"cr"},"population":10000,"osm_type":"node","osm_id":830789424,"type":"town","location":[-84.020914,9.662784],"bbox":[-84.020964,9.662734,-84.020864,9.662834],"border":{"name":"San Marcos","display_name":"San Marcos, Tarrazú, San José, 10501, Costa Rica","address":{"town":"San Marcos","county":"Tarrazú","province":"San José","ISO3166-2-lvl4":"CR-SJ","postcode":"10501","country":"Costa Rica","country_code":"cr"},"population":10000,"osm_type":"relation","osm_id":5697790,"type":"administrative","location":[-84.020914,9.662784],"bbox":[-84.047022,9.6212218,-83.9722811,9.7184207]}}
{"name":"San Mateo","display_name":"San Mateo, Alajuela, 20401, Costa Rica","address":{"town":"San Mateo","county":"San Mateo","state":"Alajuela","ISO3166-2-lvl4":"CR-A","postcode":"20401","country":"Costa Rica","country_code":"cr"},"population":8000,"osm_type":"node","osm_id":282806590,"type":"town","location":[-84.5222477,9.936335],"bbox":[-84.5622477,9.896335,-84.4822477,9.976335],"border":[{"name":"San Mateo","other_names":{"name:es":"San Mateo","alt_name":"Cantón de San Mateo"},"display_name":"San Mateo, Alajuela, Costa Rica","address":{"county":"San Mateo","state":"Alajuela","ISO3166-2-lvl4":"CR-A","country":"Costa Rica","country_code":"cr"},"osm_type":"relation","osm_id":5722749,"type":"administrative","location":[-84.53190380384125,9.96052795],"bbox":[-84.6683512,9.9063051,-84.4521481,10.0148028]},{"name":"San Mateo","display_name":"San Mateo, Alajuela, 20401, Costa Rica","address":{"town":"San Mateo","county":"San Mateo","state":"Alajuela","ISO3166-2-lvl4":"CR-A","postcode":"20401","country":"Costa Rica","country_code":"cr"},"population":8000,"osm_type":"relation","osm_id":5723007,"type":"administrative","location":[-84.5222477,9.936335],"bbox":[-84.5845109,9.9205933,-84.4917001,10.0148028]}]}
{"name":"San Pablo","display_name":"San Pablo, Heredia, 40901, Costa Rica","address":{"town":"San Pablo","county":"San Pablo","province":"Heredia","ISO3166-2-lvl4":"CR-H","postcode":"40901","country":"Costa Rica","country_code":"cr"},"population":20000,"osm_type":"node","osm_id":267631593,"type":"town","location":[-84.0967814,9.9954876],"bbox":[-84.1367814,9.9554876,-84.0567814,10.0354876],"border":[{"name":"San Pablo","other_names":{"name:es":"San Pablo","alt_name":"Cantón de San Pablo"},"display_name":"San Pablo, Heredia, Costa Rica","address":{"county":"San Pablo","province":"Heredia","ISO3166-2-lvl4":"CR-H","country":"Costa Rica","country_code":"cr"},"osm_type":"relation","osm_id":5672742,"type":"administrative","location":[-84.09943864837584,9.99167705],"bbox":[-84.114048,9.9709103,-84.0732611,10.0126016]},{"name":"San Pablo","display_name":"San Pablo, Heredia, 40901, Costa Rica","address":{"town":"San Pablo","county":"San Pablo","province":"Heredia","ISO3166-2-lvl4":"CR-H","postcode":"40901","country":"Costa Rica","country_code":"cr"},"population":20000,"osm_type":"relation","osm_id":5730521,"type":"administrative","location":[-84.0967814,9.9954876],"bbox":[-84.1087789,9.98495,-84.0732611,10.0126016]}]}
{"name":"San Pablo","other_names":{"alt_name":"San Pablo de León Cortés"},"display_name":"San Pablo, León Cortés Castro, San José, 12001, Costa Rica","address":{"town":"San Pablo","county":"León Cortés Castro","province":"San José","ISO3166-2-lvl4":"CR-SJ","postcode":"12001","country":"Costa Rica","country_code":"cr"},"population":4500,"osm_type":"node","osm_id":830790620,"type":"town","location":[-84.0408715,9.6835227],"bbox":[-84.0808715,9.6435227,-84.0008715,9.7235227],"border":{"name":"San Pablo","other_names":{"name:es":"San Pablo","alt_name":"San Pablo de León Cortés"},"display_name":"San Pablo, León Cortés Castro, San José, 12001, Costa Rica","address":{"town":"San Pablo","county":"León Cortés Castro","province":"San José","ISO3166-2-lvl4":"CR-SJ","postcode":"12001","country":"Costa Rica","country_code":"cr"},"population":4500,"osm_type":"relation","osm_id":6278532,"type":"administrative","location":[-84.0408715,9.6835227],"bbox":[-84.0721069,9.6566261,-84.0176385,9.7099656]}}
{"name":"San Pablo","other_names":{"alt_name":"San Pablo de Turrubares"},"display_name":"San Pablo, Turrubares, San José, 11601, Costa Rica","address":{"town":"San Pablo","county":"Turrubares","province":"San José","ISO3166-2-lvl4":"CR-SJ","postcode":"11601","country":"Costa Rica","country_code":"cr"},"population":2000,"osm_type":"node","osm_id":1159771976,"type":"town","location":[-84.4415015,9.9072613],"bbox":[-84.4815015,9.8672613,-84.4015015,9.9472613],"border":{"name":"San Pablo","other_names":{"name:es":"San Pablo","alt_name":"San Pablo de Turrubares"},"display_name":"San Pablo, Turrubares, San José, 11601, Costa Rica","address":{"town":"San Pablo","county":"Turrubares","province":"San José","ISO3166-2-lvl4":"CR-SJ","postcode":"11601","country":"Costa Rica","country_code":"cr"},"population":2000,"osm_type":"relation","osm_id":5716986,"type":"administrative","location":[-84.4415015,9.9072613],"bbox":[-84.5079789,9.8843674,-84.4023516,9.9254157]}}
{"name":"San Pedro","display_name":"San Pedro, Montes de Oca, San José, 11501, Costa Rica","address":{"town":"San Pedro","county":"Montes de Oca","province":"San José","ISO3166-2-lvl4":"CR-SJ","postcode":"11501","country":"Costa Rica","country_code":"cr"},"population":29400,"osm_type":"node","osm_id":2634836835,"type":"town","location":[-84.0503028,9.931519],"bbox":[-84.0903028,9.891519,-84.0103028,9.971519],"border":{"name":"San Pedro","display_name":"San Pedro, Montes de Oca, San José, 11501, Costa Rica","address":{"town":"San Pedro","county":"Montes de Oca","province":"San José","ISO3166-2-lvl4":"CR-SJ","postcode":"11501","country":"Costa Rica","country_code":"cr"},"population":29400,"osm_type":"relation","osm_id":4072799,"type":"administrative","location":[-84.0503028,9.931519],"bbox":[-84.0656394,9.9220875,-84.0283552,9.9443435]}}
{"name":"San Pedro","other_names":{"alt_name":"San Pedro de Poás"},"display_name":"San Pedro, Poás, Alajuela, 20801, Costa Rica","address":{"town":"San Pedro","county":"Poás","state":"Alajuela","ISO3166-2-lvl4":"CR-A","postcode":"20801","country":"Costa Rica","country_code":"cr"},"population":8000,"osm_type":"node","osm_id":836489032,"type":"town","location":[-84.2446265,10.0760251],"bbox":[-84.2846265,10.0360251,-84.2046265,10.1160251],"border":{"name":"San Pedro","other_names":{"name:es":"San Pedro","alt_name":"San Pedro de Poás"},"display_name":"San Pedro, Poás, Alajuela, 20801, Costa Rica","address":{"town":"San Pedro","county":"Poás","state":"Alajuela","ISO3166-2-lvl4":"CR-A","postcode":"20801","country":"Costa Rica","country_code":"cr"},"population":8000,"osm_type":"relation","osm_id":5659129,"type":"administrative","location":[-84.2446265,10.0760251],"bbox":[-84.2781233,10.0495081,-84.2186552,10.1146135]}}
{"name":"San Rafael","other_names":{"alt_name":"San Rafael de Guatuso"},"display_name":"San Rafael, Guatuso, Alajuela, 21501, Costa Rica","address":{"town":"San Rafael","county":"Guatuso","state":"Alajuela","ISO3166-2-lvl4":"CR-A","postcode":"21501","country":"Costa Rica","country_code":"cr"},"osm_type":"node","osm_id":869011508,"type":"town","location":[-84.8207698,10.6705851],"bbox":[-84.8607698,10.6305851,-84.7807698,10.7105851],"border":{"name":"San Rafael","other_names":{"name:es":"San Rafael","alt_name":"San Rafael de Guatuso"},"display_name":"San Rafael, Guatuso, Alajuela, 21501, Costa Rica","address":{"town":"San Rafael","county":"Guatuso","state":"Alajuela","ISO3166-2-lvl4":"CR-A","postcode":"21501","country":"Costa Rica","country_code":"cr"},"osm_type":"relation","osm_id":6685454,"type":"administrative","location":[-84.8207698,10.6705851],"bbox":[-84.9879742,10.5797505,-84.6473969,10.7749068]}}
{"name":"San Rafael","display_name":"San Rafael, Heredia, 40501, Costa Rica","address":{"town":"San Rafael","county":"San Rafael","province":"Heredia","ISO3166-2-lvl4":"CR-H","postcode":"40501","country":"Costa Rica","country_code":"cr"},"population":42000,"osm_type":"node","osm_id":267631658,"type":"town","location":[-84.1016044,10.0140406],"bbox":[-84.1416044,9.9740406,-84.0616044,10.0540406],"border":[{"name":"San Rafael","other_names":{"name:es":"San Rafael","alt_name":"Cantón de San Rafael"},"display_name":"San Rafael, Heredia, Costa Rica","address":{"county":"San Rafael","province":"Heredia","ISO3166-2-lvl4":"CR-H","country":"Costa Rica","country_code":"cr"},"osm_type":"relation","osm_id":5731159,"type":"administrative","location":[-84.07134452913787,10.05951245],"bbox":[-84.119341,9.9982936,-84.0444678,10.1208385]},{"name":"San Rafael","display_name":"San Rafael, Heredia, 40501, Costa Rica","address":{"town":"San Rafael","county":"San Rafael","province":"Heredia","ISO3166-2-lvl4":"CR-H","postcode":"40501","country":"Costa Rica","country_code":"cr"},"population":42000,"osm_type":"relation","osm_id":5634466,"type":"administrative","location":[-84.1016044,10.0140406],"bbox":[-84.1054083,10.0091144,-84.0929148,10.0222324]}]}
{"name":"San Vicente","display_name":"San Vicente, Moravia, San José, 11401, Costa Rica","address":{"town":"San Vicente","county":"Moravia","province":"San José","ISO3166-2-lvl4":"CR-SJ","postcode":"11401","country":"Costa Rica","country_code":"cr"},"population":35000,"osm_type":"node","osm_id":276169074,"type":"town","location":[-84.0472869,9.963659],"bbox":[-84.0872869,9.923659,-84.0072869,10.003659],"border":{"name":"San Vicente","display_name":"San Vicente, Moravia, San José, 11401, Costa Rica","address":{"town":"San Vicente","county":"Moravia","province":"San José","ISO3166-2-lvl4":"CR-SJ","postcode":"11401","country":"Costa Rica","country_code":"cr"},"population":35000,"osm_type":"relation","osm_id":5415199,"type":"administrative","location":[-84.0472869,9.963659],"bbox":[-84.0660101,9.9528312,-84.0245529,9.974507]}}
{"name":"San Vito","display_name":"San Vito, Coto Brus, Puntarenas, 60801, Costa Rica","address":{"town":"San Vito","county":"Coto Brus","province":"Puntarenas","ISO3166-2-lvl4":"CR-P","postcode":"60801","country":"Costa Rica","country_code":"cr"},"population":15000,"osm_type":"node","osm_id":834239350,"type":"town","location":[-82.970384,8.8207677],"bbox":[-83.010384,8.7807677,-82.930384,8.8607677],"border":{"name":"San Vito","display_name":"San Vito, Coto Brus, Puntarenas, 60801, Costa Rica","address":{"town":"San Vito","county":"Coto Brus","province":"Puntarenas","ISO3166-2-lvl4":"CR-P","postcode":"60801","country":"Costa Rica","country_code":"cr"},"population":15000,"osm_type":"relation","osm_id":8476640,"type":"administrative","location":[-82.970384,8.8207677],"bbox":[-83.030843,8.7762789,-82.9259184,8.9036918]}}
{"name":"Santa Ana","display_name":"Santa Ana, San José, 10901, Costa Rica","address":{"town":"Santa Ana","county":"Santa Ana","province":"San José","ISO3166-2-lvl4":"CR-SJ","postcode":"10901","country":"Costa Rica","country_code":"cr"},"population":13000,"osm_type":"node","osm_id":2791744226,"type":"town","location":[-84.182085,9.9327428],"bbox":[-84.222085,9.8927428,-84.142085,9.9727428],"border":[{"name":"Santa Ana","other_names":{"name:es":"Santa Ana","alt_name":"Cantón de Santa Ana"},"display_name":"Santa Ana, San José, Costa Rica","address":{"county":"Santa Ana","province":"San José","ISO3166-2-lvl4":"CR-SJ","country":"Costa Rica","country_code":"cr"},"osm_type":"relation","osm_id":5657109,"type":"administrative","location":[-84.19161021849993,9.918215],"bbox":[-84.2437089,9.8633314,-84.1469518,9.9732167]},{"name":"Santa Ana","display_name":"Santa Ana, San José, 10901, Costa Rica","address":{"town":"Santa Ana","county":"Santa Ana","province":"San José","ISO3166-2-lvl4":"CR-SJ","postcode":"10901","country":"Costa Rica","country_code":"cr"},"population":13000,"osm_type":"relation","osm_id":5657153,"type":"administrative","location":[-84.182085,9.9327428],"bbox":[-84.1921376,9.920672,-84.159435,9.9434901]},{"name":"Santa Ana","display_name":"Santa Ana, San José, 10901, Costa Rica","address":{"suburb":"Santa Ana","town":"Santa Ana","county":"Santa Ana","province":"San José","ISO3166-2-lvl4":"CR-SJ","postcode":"10901","country":"Costa Rica","country_code":"cr"},"osm_type":"relation","osm_id":18473100,"type":"administrative","location":[-84.18277689440413,9.9328213],"bbox":[-84.1896734,9.9270481,-84.1754839,9.9387045]}]}
{"name":"Santa Bárbara","display_name":"Santa Bárbara, Heredia, 40401, Costa Rica","address":{"town":"Santa Bárbara","county":"Santa Bárbara","province":"Heredia","ISO3166-2-lvl4":"CR-H","postcode":"40401","country":"Costa Rica","country_code":"cr"},"population":7000,"osm_type":"node","osm_id":276618407,"type":"town","location":[-84.1595077,10.0365727],"bbox":[-84.1995077,9.9965727,-84.1195077,10.0765727],"border":[{"name":"Santa Bárbara","other_names":{"name:es":"Santa Bárbara","alt_name":"Cantón de Santa Bárbara"},"display_name":"Santa Bárbara, Heredia, Costa Rica","address":{"county":"Santa Bárbara","province":"Heredia","ISO3166-2-lvl4":"CR-H","country":"Costa Rica","country_code":"cr"},"osm_type":"relation","osm_id":5668081,"type":"administrative","location":[-84.14631090685818,10.082380650000001],"bbox":[-84.173809,10.0055733,-84.1209725,10.1584176]},{"name":"Santa Bárbara","display_name":"Santa Bárbara, Heredia, 40401, Costa Rica","address":{"town":"Santa Bárbara","county":"Santa Bárbara","province":"Heredia","ISO3166-2-lvl4":"CR-H","postcode":"40401","country":"Costa Rica","country_code":"cr"},"population":7000,"osm_type":"relation","osm_id":5634459,"type":"administrative","location":[-84.1595077,10.0365727],"bbox":[-84.163738,10.0300087,-84.154129,10.0467287]}]}
{"name":"Santa Cruz","display_name":"Santa Cruz, Guanacaste, 50301, Costa Rica","address":{"town":"Santa Cruz","county":"Santa Cruz","province":"Guanacaste","ISO3166-2-lvl4":"CR-G","postcode":"50301","country":"Costa Rica","country_code":"cr"},"population":30000,"osm_type":"node","osm_id":279297453,"type":"town","location":[-85.5852135,10.2609945],"bbox":[-85.6252135,10.2209945,-85.5452135,10.3009945],"border":[{"name":"Santa Cruz","other_names":{"name:es":"Santa Cruz","name:zh":"圣克鲁斯县","alt_name":"Cantón de Santa Cruz","name:zh-Hans":"圣克鲁斯县","name:zh-Hant":"聖克魯斯縣"},"display_name":"Santa Cruz, Guanacaste, Costa Rica","address":{"county":"Santa Cruz","province":"Guanacaste","ISO3166-2-lvl4":"CR-G","country":"Costa Rica","country_code":"cr"},"osm_type":"relation","osm_id":6153858,"type":"administrative","location":[-85.66996320389299,10.23575875],"bbox":[-85.8757603,9.9829255,-85.4057944,10.4885938]},{"name":"Santa Cruz","display_name":"Santa Cruz, Guanacaste, 50301, Costa Rica","address":{"town":"Santa Cruz","county":"Santa Cruz","province":"Guanacaste","ISO3166-2-lvl4":"CR-G","postcode":"50301","country":"Costa Rica","country_code":"cr"},"population":30000,"osm_type":"relation","osm_id":6408959,"type":"administrative","location":[-85.5852135,10.2609945],"bbox":[-85.7169625,10.065271,-85.5120547,10.3644736]}]}
{"name":"Santa Elena","display_name":"Santa Elena, Monteverde, Puntarenas, 61201, Costa Rica","address":{"town":"Santa Elena","city":"Monteverde","county":"Monteverde","province":"Puntarenas","ISO3166-2-lvl4":"CR-P","postcode":"61201","country":"Costa Rica","country_code":"cr"},"population":5000,"osm_type":"node","osm_id":3158720993,"type":"town","location":[-84.824344,10.3165067],"bbox":[-84.864344,10.2765067,-84.784344,10.3565067]}
{"name":"Santa María","other_names":{"alt_name":"Santa María de Dota"},"display_name":"Santa María, Dota, San José, 11701, Costa Rica","address":{"town":"Santa María","county":"Dota","province":"San José","ISO3166-2-lvl4":"CR-SJ","postcode":"11701","country":"Costa Rica","country_code":"cr"},"population":5000,"osm_type":"node","osm_id":512919735,"type":"town","location":[-83.9687079,9.6534451],"bbox":[-84.0087079,9.6134451,-83.9287079,9.6934451],"border":{"name":"Santa María","other_names":{"name:es":"Santa María","alt_name":"Santa María de Dota"},"display_name":"Santa María, Dota, San José, 11701, Costa Rica","address":{"town":"Santa María","county":"Dota","province":"San José","ISO3166-2-lvl4":"CR-SJ","postcode":"11701","country":"Costa Rica","country_code":"cr"},"population":5000,"osm_type":"relation","osm_id":5695704,"type":"administrative","location":[-83.9687079,9.6534451],"bbox":[-83.9888826,9.4579512,-83.9333206,9.6917247]}}
{"name":"Santiago","display_name":"Santiago, Puriscal, San José, 10401, Costa Rica","address":{"town":"Santiago","county":"Puriscal","province":"San José","ISO3166-2-lvl4":"CR-SJ","postcode":"10401","country":"Costa Rica","country_code":"cr"},"population":13000,"osm_type":"node","osm_id":282754183,"type":"town","location":[-84.3143329,9.8471212],"bbox":[-84.3543329,9.8071212,-84.2743329,9.8871212],"border":{"name":"Santiago","display_name":"Santiago, Puriscal, San José, 10401, Costa Rica","address":{"town":"Santiago","county":"Puriscal","province":"San José","ISO3166-2-lvl4":"CR-SJ","postcode":"10401","country":"Costa Rica","country_code":"cr"},"population":13000,"osm_type":"relation","osm_id":6803780,"type":"administrative","location":[-84.3143329,9.8471212],"bbox":[-84.3415326,9.7770534,-84.2672623,9.8810653]}}
{"name":"Santo Domingo","display_name":"Santo Domingo, Heredia, 40301, Costa Rica","address":{"town":"Santo Domingo","county":"Santo Domingo","province":"Heredia","ISO3166-2-lvl4":"CR-H","postcode":"40301","country":"Costa Rica","country_code":"cr"},"population":5400,"osm_type":"node","osm_id":626935980,"type":"town","location":[-84.0911382,9.9790066],"bbox":[-84.1311382,9.9390066,-84.0511382,10.0190066],"border":[{"name":"Santo Domingo","other_names":{"name:es":"Santo Domingo","alt_name":"Cantón de Santo Domingo"},"display_name":"Santo Domingo, Heredia, Costa Rica","address":{"county":"Santo Domingo","province":"Heredia","ISO3166-2-lvl4":"CR-H","country":"Costa Rica","country_code":"cr"},"osm_type":"relation","osm_id":5729243,"type":"administrative","location":[-84.06513476554412,9.987976],"bbox":[-84.1141221,9.9602131,-84.0230635,10.0158094]},{"name":"Santo Domingo","display_name":"Santo Domingo, Heredia, 40301, Costa Rica","address":{"town":"Santo Domingo","county":"Santo Domingo","province":"Heredia","ISO3166-2-lvl4":"CR-H","postcode":"40301","country":"Costa Rica","country_code":"cr"},"population":5400,"osm_type":"relation","osm_id":5634451,"type":"administrative","location":[-84.0911382,9.9790066],"bbox":[-84.0950181,9.9748387,-84.0866449,9.9842747]}]}
{"name":"Sarchí Norte","other_names":{"name:it":"Sarchí Nord","alt_name":"Sarchí"},"display_name":"Sarchí Norte, Sarchí, Alajuela, 21201, Costa Rica","address":{"town":"Sarchí Norte","county":"Sarchí","state":"Alajuela","ISO3166-2-lvl4":"CR-A","postcode":"21201","country":"Costa Rica","country_code":"cr"},"population":8000,"osm_type":"node","osm_id":292603390,"type":"town","location":[-84.3469016,10.0907765],"bbox":[-84.3869016,10.0507765,-84.3069016,10.1307765],"border":[{"name":"Sarchí","other_names":{"name:es":"Sarchí","alt_name":"Cantón de Sarchí","old_name":"Valverde Vega"},"display_name":"Sarchí, Alajuela, Costa Rica","address":{"county":"Sarchí","state":"Alajuela","ISO3166-2-lvl4":"CR-A","country":"Costa Rica","country_code":"cr"},"osm_type":"relation","osm_id":5657065,"type":"administrative","location":[-84.31518308661778,10.1625862],"bbox":[-84.3622467,10.0483486,-84.2265466,10.2768662]},{"name":"Sarchí Norte","other_names":{"name:es":"Sarchí Norte","name:it":"Sarchí Nord","alt_name":"Sarchí"},"display_name":"Sarchí Norte, Sarchí, Alajuela, 21201, Costa Rica","address":{"town":"Sarchí Norte","county":"Sarchí","state":"Alajuela","ISO3166-2-lvl4":"CR-A","postcode":"21201","country":"Costa Rica","country_code":"cr"},"population":8000,"osm_type":"relation","osm_id":6927207,"type":"administrative","location":[-84.3469016,10.0907765],"bbox":[-84.36022,10.0648006,-84.2819343,10.1864654]}]}
{"name":"Siquirres","display_name":"Siquirres, Limón, 70301, Costa Rica","address":{"town":"Siquirres","county":"Siquirres","province":"Limón","ISO3166-2-lvl4":"CR-L","postcode":"70301","country":"Costa Rica","country_code":"cr"},"population":45000,"osm_type":"node","osm_id":279239581,"type":"town","location":[-83.507574,10.0995584],"bbox":[-83.547574,10.0595584,-83.467574,10.1395584],"border":[{"name":"Siquirres","other_names":{"name:es":"Siquirres","alt_name":"Cantón de Siquirres"},"display_name":"Siquirres, Limón, Costa Rica","address":{"county":"Siquirres","province":"Limón","ISO3166-2-lvl4":"CR-L","country":"Costa Rica","country_code":"cr"},"osm_type":"relation","osm_id":5703339,"type":"administrative","location":[-83.48155628610695,10.1493599],"bbox":[-83.725215,9.9818046,-83.2689654,10.3169376]},{"name":"Siquirres","display_name":"Siquirres, Limón, 70301, Costa Rica","address":{"town":"Siquirres","county":"Siquirres","province":"Limón","ISO3166-2-lvl4":"CR-L","postcode":"70301","country":"Costa Rica","country_code":"cr"},"population":45000,"osm_type":"relation","osm_id":5712140,"type":"administrative","location":[-83.507574,10.0995584],"bbox":[-83.6075618,9.9818238,-83.3956896,10.1935672]}]}
{"name":"Tilarán","display_name":"Tilarán, Guanacaste, 50801, Costa Rica","address":{"town":"Tilarán","county":"Tilarán","province":"Guanacaste","ISO3166-2-lvl4":"CR-G","postcode":"50801","country":"Costa Rica","country_code":"cr"},"population":9000,"osm_type":"node","osm_id":184032796,"type":"town","location":[-84.9672601,10.4709795],"bbox":[-85.0072601,10.4309795,-84.9272601,10.5109795],"border":[{"name":"Tilarán","other_names":{"name:es":"Tilarán","alt_name":"Cantón de Tilarán"},"display_name":"Tilarán, Guanacaste, Costa Rica","address":{"county":"Tilarán","province":"Guanacaste","ISO3166-2-lvl4":"CR-G","country":"Costa Rica","country_code":"cr"},"osm_type":"relation","osm_id":6157562,"type":"administrative","location":[-84.90087431587429,10.4832237],"bbox":[-85.0468285,10.3205476,-84.7660195,10.6523748]},{"name":"Tilarán","display_name":"Tilarán, Guanacaste, 50801, Costa Rica","address":{"town":"Tilarán","county":"Tilarán","province":"Guanacaste","ISO3166-2-lvl4":"CR-G","postcode":"50801","country":"Costa Rica","country_code":"cr"},"population":9000,"osm_type":"relation","osm_id":6402455,"type":"administrative","location":[-84.9672601,10.4709795],"bbox":[-85.0019558,10.4039205,-84.7667366,10.5574907]}]}
{"name":"Tres Ríos","display_name":"Tres Ríos, La Unión, Cartago, 30301, Costa Rica","address":{"town":"Tres Ríos","county":"La Unión","province":"Cartago","ISO3166-2-lvl4":"CR-C","postcode":"30301","country":"Costa Rica","country_code":"cr"},"population":10000,"osm_type":"node","osm_id":2634908174,"type":"town","location":[-83.9872,9.9080401],"bbox":[-84.0272,9.8680401,-83.9472,9.9480401],"border":{"name":"Tres Ríos","display_name":"Tres Ríos, La Unión, Cartago, 30301, Costa Rica","address":{"town":"Tres Ríos","county":"La Unión","province":"Cartago","ISO3166-2-lvl4":"CR-C","postcode":"30301","country":"Costa Rica","country_code":"cr"},"population":10000,"osm_type":"relation","osm_id":5413532,"type":"administrative","location":[-83.9872,9.9080401],"bbox":[-83.9960245,9.8988945,-83.9768883,9.9148142]}}
{"name":"Upala","display_name":"Upala, Alajuela, 21301, Costa Rica","address":{"town":"Upala","county":"Upala","state":"Alajuela","ISO3166-2-lvl4":"CR-A","postcode":"21301","country":"Costa Rica","country_code":"cr"},"population":15000,"osm_type":"node","osm_id":859531998,"type":"town","location":[-85.0175672,10.9014515],"bbox":[-85.0575672,10.8614515,-84.9775672,10.9414515],"border":[{"name":"Upala","other_names":{"name:es":"Upala","alt_name":"Cantón de Upala"},"display_name":"Upala, Alajuela, Costa Rica","address":{"county":"Upala","state":"Alajuela","ISO3166-2-lvl4":"CR-A","country":"Costa Rica","country_code":"cr"},"osm_type":"relation","osm_id":6193310,"type":"administrative","location":[-85.14460551970694,10.86817185],"bbox":[-85.4467034,10.6708111,-84.8783081,11.0656005]},{"name":"Upala","display_name":"Upala, Alajuela, 21301, Costa Rica","address":{"town":"Upala","county":"Upala","state":"Alajuela","ISO3166-2-lvl4":"CR-A","postcode":"21301","country":"Costa Rica","country_code":"cr"},"population":15000,"osm_type":"relation","osm_id":6682968,"type":"administrative","location":[-85.0175672,10.9014515],"bbox":[-85.0913298,10.7666733,-84.9000569,10.961846]}]}
{"name":"Venecia","other_names":{"loc_name":"Venecia","nat_name":"Venecia","reg_name":"Venecia","short_name":"Venecia","official_name":"Venecia"},"display_name":"Venecia, San Carlos, Alajuela, 21005, Costa Rica","address":{"town":"Venecia","county":"San Carlos","state":"Alajuela","ISO3166-2-lvl4":"CR-A","postcode":"21005","country":"Costa Rica","country_code":"cr"},"population":12400,"osm_type":"node","osm_id":1189886345,"type":"town","location":[-84.2738383,10.3539727],"bbox":[-84.3138383,10.3139727,-84.2338383,10.3939727],"border":{"name":"Venecia","other_names":{"name:es":"Venecia","loc_name":"Venecia","nat_name":"Venecia","reg_name":"Venecia","short_name":"Venecia","official_name":"Venecia"},"display_name":"Venecia, San Carlos, Alajuela, 21005, Costa Rica","address":{"town":"Venecia","county":"San Carlos","state":"Alajuela","ISO3166-2-lvl4":"CR-A","postcode":"21005","country":"Costa Rica","country_code":"cr"},"population":12400,"osm_type":"relation","osm_id":6362941,"type":"administrative","location":[-84.2738383,10.3539727],"bbox":[-84.3331318,10.2562894,-84.2387512,10.415024]}}
{"name":"Zarcero","display_name":"Zarcero, Alajuela, 21101, Costa Rica","address":{"town":"Zarcero","region":"Zarcero","state":"Alajuela","ISO3166-2-lvl4":"CR-A","postcode":"21101","country":"Costa Rica","country_code":"cr"},"population":5000,"osm_type":"node","osm_id":829021206,"type":"town","location":[-84.3907355,10.1852885],"bbox":[-84.4307355,10.1452885,-84.3507355,10.2252885],"border":[{"name":"Zarcero","other_names":{"name:es":"Zarcero","alt_name":"Cantón de Zarcero","old_name":"Alfaro Ruiz"},"display_name":"Zarcero, Alajuela, Costa Rica","address":{"region":"Zarcero","state":"Alajuela","ISO3166-2-lvl4":"CR-A","country":"Costa Rica","country_code":"cr"},"osm_type":"relation","osm_id":5995231,"type":"administrative","location":[-84.4174738,10.21888],"bbox":[-84.5183131,10.1672509,-84.3144007,10.2704216]},{"name":"Zarcero","display_name":"Zarcero, Alajuela, 21101, Costa Rica","address":{"town":"Zarcero","region":"Zarcero","state":"Alajuela","ISO3166-2-lvl4":"CR-A","postcode":"21101","country":"Costa Rica","country_code":"cr"},"population":5000,"osm_type":"relation","osm_id":7359117,"type":"administrative","location":[-84.3907355,10.1852885],"bbox":[-84.4056481,10.1718507,-84.3441899,10.2062819]}]}
