{"name":"Achada Baleia","display_name":"Achada Baleia, São Domingos, Cabo Verde","address":{"village":"Achada Baleia","county":"São Domingos","ISO3166-2-lvl6":"CV-SD","country":"Cabo Verde","country_code":"cv"},"osm_type":"node","osm_id":1775993934,"type":"village","location":[-23.4643452,15.0462564],"bbox":[-23.4843452,15.0262564,-23.4443452,15.0662564]}
{"name":"Achada Biscainho","display_name":"Achada Biscainho, Tarrafal, Cabo Verde","address":{"village":"Achada Biscainho","county":"Tarrafal","ISO3166-2-lvl6":"CV-TA","country":"Cabo Verde","country_code":"cv"},"osm_type":"node","osm_id":1960682338,"type":"village","location":[-23.6897072,15.2591212],"bbox":[-23.7097072,15.2391212,-23.6697072,15.2791212]}
{"name":"Achada Fazenda","display_name":"Achada Fazenda, Santa Cruz, 7410, Cabo Verde","address":{"village":"Achada Fazenda","county":"Santa Cruz","ISO3166-2-lvl6":"CV-CR","postcode":"7410","country":"Cabo Verde","country_code":"cv"},"osm_type":"node","osm_id":910651830,"type":"village","location":[-23.5184697,15.1197562],"bbox":[-23.5384697,15.0997562,-23.4984697,15.1397562]}
{"name":"Achada Furna","display_name":"Achada Furna, Santa Catarina do Fogo, Cabo Verde","address":{"village":"Achada Furna","county":"Santa Catarina do Fogo","ISO3166-2-lvl6":"CV-CF","country":"Cabo Verde","country_code":"cv"},"osm_type":"node","osm_id":911295186,"type":"village","location":[-24.3588167,14.8714441],"bbox":[-24.3788167,14.8514441,-24.3388167,14.8914441]}
{"name":"Achada Grande","display_name":"Achada Grande, Mosteiros, Cabo Verde","address":{"village":"Achada Grande","county":"Mosteiros","ISO3166-2-lvl6":"CV-MO","country":"Cabo Verde","country_code":"cv"},"osm_type":"node","osm_id":2049768633,"type":"village","location":[-24.3031951,14.9887022],"bbox":[-24.3231951,14.9687022,-24.2831951,15.0087022]}
{"name":"Achada Louro","display_name":"Achada Louro, São Domingos, 7425, Cabo Verde","address":{"village":"Achada Louro","county":"São Domingos","ISO3166-2-lvl6":"CV-SD","postcode":"7425","country":"Cabo Verde","country_code":"cv"},"osm_type":"node","osm_id":7425890673,"type":"village","location":[-23.6167138,15.0160273],"bbox":[-23.6367138,14.9960273,-23.5967138,15.0360273]}
{"name":"Achada Ponta","display_name":"Achada Ponta, Santa Cruz, 7410, Cabo Verde","address":{"village":"Achada Ponta","county":"Santa Cruz","ISO3166-2-lvl6":"CV-CR","postcode":"7410","country":"Cabo Verde","country_code":"cv"},"osm_type":"node","osm_id":2686745144,"type":"village","location":[-23.5059913,15.1044865],"bbox":[-23.5259913,15.0844865,-23.4859913,15.1244865]}
{"name":"Achadinha","display_name":"Achadinha, Ribeira Grande de Santiago, Cabo Verde","address":{"village":"Achadinha","county":"Ribeira Grande de Santiago","ISO3166-2-lvl6":"CV-RS","country":"Cabo Verde","country_code":"cv"},"osm_type":"node","osm_id":7373025299,"type":"village","location":[-23.6391015,14.9916366],"bbox":[-23.6591015,14.9716366,-23.6191015,15.0116366]}
{"name":"Afonso Gil","display_name":"Afonso Gil, São Filipe, Cabo Verde","address":{"village":"Afonso Gil","county":"São Filipe","ISO3166-2-lvl6":"CV-SF","country":"Cabo Verde","country_code":"cv"},"osm_type":"node","osm_id":911829727,"type":"village","location":[-24.4623395,14.9806001],"bbox":[-24.4823395,14.9606001,-24.4423395,15.0006001]}
{"name":"Agostinho Alvies","display_name":"Agostinho Alvies, Praia, 7601, Cabo Verde","address":{"village":"Agostinho Alvies","county":"Praia","ISO3166-2-lvl6":"CV-PR","postcode":"7601","country":"Cabo Verde","country_code":"cv"},"osm_type":"node","osm_id":11177360276,"type":"village","location":[-23.5034052,14.9621197],"bbox":[-23.5234052,14.9421197,-23.4834052,14.9821197]}
{"name":"Agua das Caldeiras","display_name":"Agua das Caldeiras, Ribeira Grande, 1310, Cabo Verde","address":{"village":"Agua das Caldeiras","county":"Ribeira Grande","ISO3166-2-lvl6":"CV-RG","postcode":"1310","country":"Cabo Verde","country_code":"cv"},"osm_type":"node","osm_id":6443515932,"type":"village","location":[-25.0691841,17.1084561],"bbox":[-25.0891841,17.0884561,-25.0491841,17.1284561]}
{"name":"Alcatraz","display_name":"Alcatraz, Maio, Cabo Verde","address":{"village":"Alcatraz","county":"Maio","ISO3166-2-lvl6":"CV-MA","country":"Cabo Verde","country_code":"cv"},"osm_type":"node","osm_id":2452084818,"type":"village","location":[-23.1032877,15.2174703],"bbox":[-23.1232877,15.1974703,-23.0832877,15.2374703]}
{"name":"Baía das Gatas","display_name":"Baía das Gatas, São Vicente, Cabo Verde","address":{"village":"Baía das Gatas","county":"São Vicente","ISO3166-2-lvl6":"CV-SV","country":"Cabo Verde","country_code":"cv"},"osm_type":"node","osm_id":945752054,"type":"village","location":[-24.9092792,16.9034359],"bbox":[-24.9292792,16.8834359,-24.8892792,16.9234359]}
{"name":"Bangaeira","display_name":"Bangaeira, Santa Catarina do Fogo, Cabo Verde","address":{"village":"Bangaeira","county":"Santa Catarina do Fogo","ISO3166-2-lvl6":"CV-CF","country":"Cabo Verde","country_code":"cv"},"osm_type":"node","osm_id":9651694871,"type":"village","location":[-24.3673695,14.9745973],"bbox":[-24.3873695,14.9545973,-24.3473695,14.9945973]}
{"name":"Barreiro","display_name":"Barreiro, Maio, Cabo Verde","address":{"village":"Barreiro","county":"Maio","ISO3166-2-lvl6":"CV-MA","country":"Cabo Verde","country_code":"cv"},"osm_type":"node","osm_id":1951662272,"type":"village","location":[-23.1607208,15.1350598],"bbox":[-23.1807208,15.1150598,-23.1407208,15.1550598]}
{"name":"Barril","display_name":"Barril, Tarrafal de São Nicolau, Cabo Verde","address":{"village":"Barril","county":"Tarrafal de São Nicolau","ISO3166-2-lvl6":"CV-TS","country":"Cabo Verde","country_code":"cv"},"osm_type":"node","osm_id":2447400579,"type":"village","location":[-24.4123704,16.6014063],"bbox":[-24.4323704,16.5814063,-24.3923704,16.6214063]}
{"name":"Belém","display_name":"Belém, Nossa Senhora do Rosário, Ribeira Brava, Cabo Verde","address":{"village":"Belém","municipality":"Nossa Senhora do Rosário","county":"Ribeira Brava","ISO3166-2-lvl6":"CV-RB","country":"Cabo Verde","country_code":"cv"},"osm_type":"node","osm_id":6306221607,"type":"village","location":[-24.2268024,16.6332108],"bbox":[-24.2468024,16.6132108,-24.2068024,16.6532108]}
{"name":"Boca de Ambas Ribeiras","display_name":"Boca de Ambas Ribeiras, Ribeira Grande, 1139, Cabo Verde","address":{"village":"Boca de Ambas Ribeiras","county":"Ribeira Grande","ISO3166-2-lvl6":"CV-RG","postcode":"1139","country":"Cabo Verde","country_code":"cv"},"osm_type":"node","osm_id":11465598842,"type":"village","location":[-25.1312768,17.1515704],"bbox":[-25.1512768,17.1315704,-25.1112768,17.1715704]}
{"name":"Boca de Coruja","display_name":"Boca de Coruja, Ribeira Grande, 1139, Cabo Verde","address":{"village":"Boca de Coruja","county":"Ribeira Grande","ISO3166-2-lvl6":"CV-RG","postcode":"1139","country":"Cabo Verde","country_code":"cv"},"osm_type":"node","osm_id":4209890427,"type":"village","location":[-25.1154754,17.1626836],"bbox":[-25.1354754,17.1426836,-25.0954754,17.1826836]}
{"name":"Boca de Ribeira","display_name":"Boca de Ribeira, São Miguel, Cabo Verde","address":{"village":"Boca de Ribeira","county":"São Miguel","ISO3166-2-lvl6":"CV-SM","country":"Cabo Verde","country_code":"cv"},"osm_type":"node","osm_id":6960704172,"type":"village","location":[-23.6522699,15.2453628],"bbox":[-23.6722699,15.2253628,-23.6322699,15.2653628]}
{"name":"Boca di Figueiral","display_name":"Boca di Figueiral, Paul, 7630, Cabo Verde","address":{"village":"Boca di Figueiral","county":"Paul","ISO3166-2-lvl6":"CV-PA","postcode":"7630","country":"Cabo Verde","country_code":"cv"},"osm_type":"node","osm_id":1955849761,"type":"village","location":[-25.0309183,17.1382489],"bbox":[-25.0509183,17.1182489,-25.0109183,17.1582489]}
{"name":"Boca Larga","display_name":"Boca Larga, São Filipe, Cabo Verde","address":{"village":"Boca Larga","county":"São Filipe","ISO3166-2-lvl6":"CV-SF","country":"Cabo Verde","country_code":"cv"},"osm_type":"node","osm_id":911295170,"type":"village","location":[-24.402779,14.885508],"bbox":[-24.422779,14.865508,-24.382779,14.905508]}
{"name":"Branquinho","display_name":"Branquinho, Porto Novo, Cabo Verde","address":{"village":"Branquinho","county":"Porto Novo","ISO3166-2-lvl6":"CV-PN","country":"Cabo Verde","country_code":"cv"},"osm_type":"node","osm_id":6332852803,"type":"village","location":[-25.2338685,17.1238212],"bbox":[-25.2538685,17.1038212,-25.2138685,17.1438212],"border":{"name":"Branquinho","display_name":"Branquinho, Porto Novo, Cabo Verde","address":{"village":"Branquinho","county":"Porto Novo","ISO3166-2-lvl6":"CV-PN","country":"Cabo Verde","country_code":"cv"},"osm_type":"way","osm_id":676227168,"type":"village","location":[-25.2338685,17.1238212],"bbox":[-25.234995,17.1235086,-25.2337317,17.1249375]}}
{"name":"Cabeça da Horta","display_name":"Cabeça da Horta, São Domingos, 7515, Cabo Verde","address":{"village":"Cabeça da Horta","county":"São Domingos","ISO3166-2-lvl6":"CV-SD","postcode":"7515","country":"Cabo Verde","country_code":"cv"},"osm_type":"node","osm_id":7490200270,"type":"village","location":[-23.5204517,15.0238724],"bbox":[-23.5404517,15.0038724,-23.5004517,15.0438724]}
{"name":"Cabeçalinho","display_name":"Cabeçalinho, Tarrafal de São Nicolau, 3120, Cabo Verde","address":{"village":"Cabeçalinho","county":"Tarrafal de São Nicolau","ISO3166-2-lvl6":"CV-TS","postcode":"3120","country":"Cabo Verde","country_code":"cv"},"osm_type":"node","osm_id":2072780545,"type":"village","location":[-24.320083,16.6059486],"bbox":[-24.340083,16.5859486,-24.300083,16.6259486]}
{"name":"Cabouque de Tarafe","display_name":"Cabouque de Tarafe, Ribeira Grande, Cabo Verde","address":{"village":"Cabouque de Tarafe","county":"Ribeira Grande","ISO3166-2-lvl6":"CV-RG","country":"Cabo Verde","country_code":"cv"},"osm_type":"node","osm_id":12292139931,"type":"village","location":[-25.1645101,17.159076],"bbox":[-25.1845101,17.139076,-25.1445101,17.179076]}
{"name":"Cachaço","display_name":"Cachaço, Brava, 9110, Cabo Verde","address":{"village":"Cachaço","county":"Brava","ISO3166-2-lvl6":"CV-BR","postcode":"9110","country":"Cabo Verde","country_code":"cv"},"osm_type":"node","osm_id":5342374477,"type":"village","location":[-24.6944199,14.8371193],"bbox":[-24.7144199,14.8171193,-24.6744199,14.8571193]}
{"name":"Cachaço","display_name":"Cachaço, Nossa Senhora do Rosário, Ribeira Brava, 3120, Cabo Verde","address":{"village":"Cachaço","municipality":"Nossa Senhora do Rosário","county":"Ribeira Brava","ISO3166-2-lvl6":"CV-RB","postcode":"3120","country":"Cabo Verde","country_code":"cv"},"osm_type":"node","osm_id":2072780552,"type":"village","location":[-24.3335663,16.6229821],"bbox":[-24.3535663,16.6029821,-24.3135663,16.6429821]}
{"name":"Caiada","display_name":"Caiada, Praia, 5298, Cabo Verde","address":{"village":"Caiada","county":"Praia","ISO3166-2-lvl6":"CV-PR","postcode":"5298","country":"Cabo Verde","country_code":"cv"},"osm_type":"node","osm_id":1960664785,"type":"village","location":[-23.5567976,14.9265011],"bbox":[-23.5767976,14.9065011,-23.5367976,14.9465011]}
{"name":"Caibros","display_name":"Caibros, Ribeira Grande, 1139, Cabo Verde","address":{"village":"Caibros","county":"Ribeira Grande","ISO3166-2-lvl6":"CV-RG","postcode":"1139","country":"Cabo Verde","country_code":"cv"},"osm_type":"node","osm_id":2421579634,"type":"village","location":[-25.1258693,17.1401081],"bbox":[-25.1458693,17.1201081,-25.1058693,17.1601081]}
{"name":"Calabaceira","display_name":"Calabaceira, Ribeira Grande de Santiago, 7629, Cabo Verde","address":{"village":"Calabaceira","county":"Ribeira Grande de Santiago","ISO3166-2-lvl6":"CV-RS","postcode":"7629","country":"Cabo Verde","country_code":"cv"},"osm_type":"node","osm_id":253790873,"type":"village","location":[-23.5955524,14.9322804],"bbox":[-23.6155524,14.9122804,-23.5755524,14.9522804]}
{"name":"Caldeira","display_name":"Caldeira, Tarrafal de São Nicolau, 3120, Cabo Verde","address":{"village":"Caldeira","county":"Tarrafal de São Nicolau","ISO3166-2-lvl6":"CV-TS","postcode":"3120","country":"Cabo Verde","country_code":"cv"},"osm_type":"node","osm_id":6443511842,"type":"village","location":[-24.3287111,16.6101381],"bbox":[-24.3487111,16.5901381,-24.3087111,16.6301381],"border":{"name":"Caldeira","display_name":"Caldeira, Tarrafal de São Nicolau, Cabo Verde","address":{"suburb":"Caldeira","county":"Tarrafal de São Nicolau","ISO3166-2-lvl6":"CV-TS","country":"Cabo Verde","country_code":"cv"},"osm_type":"relation","osm_id":16192420,"type":"administrative","location":[-24.329377559467197,16.612308749999997],"bbox":[-24.3362795,16.6073255,-24.3228906,16.6173685]}}
{"name":"Calejão","display_name":"Calejão, Nossa Senhora do Rosário, Ribeira Brava, 3120, Cabo Verde","address":{"village":"Calejão","municipality":"Nossa Senhora do Rosário","county":"Ribeira Brava","ISO3166-2-lvl6":"CV-RB","postcode":"3120","country":"Cabo Verde","country_code":"cv"},"osm_type":"node","osm_id":2072815615,"type":"village","location":[-24.3072197,16.6021764],"bbox":[-24.3272197,16.5821764,-24.2872197,16.6221764]}
{"name":"Calhau","display_name":"Calhau, São Vicente, Cabo Verde","address":{"village":"Calhau","county":"São Vicente","ISO3166-2-lvl6":"CV-SV","country":"Cabo Verde","country_code":"cv"},"osm_type":"node","osm_id":945752058,"type":"village","location":[-24.865583,16.8528398],"bbox":[-24.885583,16.8328398,-24.845583,16.8728398]}
{"name":"Calheta de Baixo","other_names":{"name:pt":"Calheta de Baixo","alt_name":"Baxona"},"display_name":"Calheta de Baixo, Maio, 1234, Cabo Verde","address":{"village":"Calheta de Baixo","county":"Maio","ISO3166-2-lvl6":"CV-MA","postcode":"1234","country":"Cabo Verde","country_code":"cv"},"osm_type":"node","osm_id":3241447799,"type":"village","location":[-23.215595,15.2258433],"bbox":[-23.235595,15.2058433,-23.195595,15.2458433]}
{"name":"Calheta de Cima","other_names":{"name:pt":"Calheta de Cima","alt_name":"Ribona"},"display_name":"Calheta de Cima, Calheta, Maio, 1234, Cabo Verde","address":{"village":"Calheta de Cima","town":"Calheta","county":"Maio","ISO3166-2-lvl6":"CV-MA","postcode":"1234","country":"Cabo Verde","country_code":"cv"},"osm_type":"node","osm_id":1951662276,"type":"village","location":[-23.2128887,15.2300929],"bbox":[-23.2328887,15.2100929,-23.1928887,15.2500929]}
{"name":"Campanas de Baixo","display_name":"Campanas de Baixo, São Filipe, Cabo Verde","address":{"village":"Campanas de Baixo","county":"São Filipe","ISO3166-2-lvl6":"CV-SF","country":"Cabo Verde","country_code":"cv"},"osm_type":"node","osm_id":2049716120,"type":"village","location":[-24.4103473,15.018716],"bbox":[-24.4303473,14.998716,-24.3903473,15.038716]}
{"name":"Campo Baixo","display_name":"Campo Baixo, Brava, 9110, Cabo Verde","address":{"village":"Campo Baixo","county":"Brava","ISO3166-2-lvl6":"CV-BR","postcode":"9110","country":"Cabo Verde","country_code":"cv"},"osm_type":"node","osm_id":2528422757,"type":"village","location":[-24.7225555,14.8493509],"bbox":[-24.7425555,14.8293509,-24.7025555,14.8693509]}
{"name":"Cancelo","display_name":"Cancelo, Santa Cruz, 7410, Cabo Verde","address":{"village":"Cancelo","county":"Santa Cruz","ISO3166-2-lvl6":"CV-CR","postcode":"7410","country":"Cabo Verde","country_code":"cv"},"osm_type":"node","osm_id":254019835,"type":"village","location":[-23.5637028,15.1497514],"bbox":[-23.5837028,15.1297514,-23.5437028,15.1697514]}
{"name":"Canço","display_name":"Canço, Santa Catarina, 7310, Cabo Verde","address":{"village":"Canço","county":"Santa Catarina","ISO3166-2-lvl6":"CV-CA","postcode":"7310","country":"Cabo Verde","country_code":"cv"},"osm_type":"node","osm_id":7988342938,"type":"village","location":[-23.6608843,15.104579],"bbox":[-23.6808843,15.084579,-23.6408843,15.124579]}
{"name":"Capela Tabanca","display_name":"Capela Tabanca, Santa Catarina, Cabo Verde","address":{"village":"Capela Tabanca","county":"Santa Catarina","ISO3166-2-lvl6":"CV-CA","country":"Cabo Verde","country_code":"cv"},"osm_type":"node","osm_id":8090597729,"type":"village","location":[-23.7433122,15.1224698],"bbox":[-23.7633122,15.1024698,-23.7233122,15.1424698]}
{"name":"Carriçal","display_name":"Carriçal, Nossa Senhora do Rosário, Ribeira Brava, Cabo Verde","address":{"village":"Carriçal","municipality":"Nossa Senhora do Rosário","county":"Ribeira Brava","ISO3166-2-lvl6":"CV-RB","country":"Cabo Verde","country_code":"cv"},"osm_type":"node","osm_id":1652806250,"type":"village","location":[-24.0813134,16.5536055],"bbox":[-24.1013134,16.5336055,-24.0613134,16.5736055]}
{"name":"Carvoeiros","display_name":"Carvoeiros, Nossa Senhora do Rosário, Ribeira Brava, 3120, Cabo Verde","address":{"village":"Carvoeiros","municipality":"Nossa Senhora do Rosário","county":"Ribeira Brava","ISO3166-2-lvl6":"CV-RB","postcode":"3120","country":"Cabo Verde","country_code":"cv"},"osm_type":"node","osm_id":2572784636,"type":"village","location":[-24.3012649,16.6488711],"bbox":[-24.3212649,16.6288711,-24.2812649,16.6688711]}
{"name":"Cascabulho","display_name":"Cascabulho, Maio, Cabo Verde","address":{"village":"Cascabulho","county":"Maio","ISO3166-2-lvl6":"CV-MA","country":"Cabo Verde","country_code":"cv"},"osm_type":"node","osm_id":1951662279,"type":"village","location":[-23.1725926,15.269957],"bbox":[-23.1925926,15.249957,-23.1525926,15.289957]}
{"name":"Catano","display_name":"Catano, Porto Novo, Cabo Verde","address":{"village":"Catano","county":"Porto Novo","ISO3166-2-lvl6":"CV-PN","country":"Cabo Verde","country_code":"cv"},"osm_type":"node","osm_id":11753551311,"type":"village","location":[-25.2232423,17.0353285],"bbox":[-25.2432423,17.0153285,-25.2032423,17.0553285]}
{"name":"Chã Cardoso","display_name":"Chã Cardoso, São Domingos, 7515, Cabo Verde","address":{"village":"Chã Cardoso","county":"São Domingos","ISO3166-2-lvl6":"CV-SD","postcode":"7515","country":"Cabo Verde","country_code":"cv"},"osm_type":"node","osm_id":11816346140,"type":"village","location":[-23.5504631,14.9995761],"bbox":[-23.5704631,14.9795761,-23.5304631,15.0195761]}
{"name":"Chã d'Orgueiro (Alto Mira III)","display_name":"Chã d'Orgueiro (Alto Mira III), Porto Novo, Cabo Verde","address":{"village":"Chã d'Orgueiro (Alto Mira III)","county":"Porto Novo","ISO3166-2-lvl6":"CV-PN","country":"Cabo Verde","country_code":"cv"},"osm_type":"node","osm_id":6053285248,"type":"village","location":[-25.1925734,17.0775693],"bbox":[-25.2125734,17.0575693,-25.1725734,17.0975693]}
{"name":"Chã d'Orgueiro (Alto Mira III)","display_name":"Chã d'Orgueiro (Alto Mira III), Porto Novo, Cabo Verde","address":{"village":"Chã d'Orgueiro (Alto Mira III)","county":"Porto Novo","ISO3166-2-lvl6":"CV-PN","country":"Cabo Verde","country_code":"cv"},"osm_type":"node","osm_id":1957518800,"type":"village","location":[-25.1922764,17.0774174],"bbox":[-25.2122764,17.0574174,-25.1722764,17.0974174]}
{"name":"Chã das Caldeiras","display_name":"Chã das Caldeiras, Santa Catarina do Fogo, Cabo Verde","address":{"village":"Chã das Caldeiras","county":"Santa Catarina do Fogo","ISO3166-2-lvl6":"CV-CF","country":"Cabo Verde","country_code":"cv"},"population":900,"osm_type":"node","osm_id":2668342473,"type":"village","location":[-24.3668684,14.9671955],"bbox":[-24.3868684,14.9471955,-24.3468684,14.9871955]}
{"name":"Chã das Furnas","display_name":"Chã das Furnas, Ribeira Grande, 7630, Cabo Verde","address":{"village":"Chã das Furnas","county":"Ribeira Grande","ISO3166-2-lvl6":"CV-RG","postcode":"7630","country":"Cabo Verde","country_code":"cv"},"osm_type":"node","osm_id":2682541460,"type":"village","location":[-25.0277719,17.1670527],"bbox":[-25.0477719,17.1470527,-25.0077719,17.1870527]}
{"name":"Chã de Igreja","other_names":{"name:pt":"Chã de Igreja","alt_name":"Txan d Igreja"},"display_name":"Chã de Igreja, Ribeira Grande, Cabo Verde","address":{"village":"Chã de Igreja","county":"Ribeira Grande","ISO3166-2-lvl6":"CV-RG","country":"Cabo Verde","country_code":"cv"},"osm_type":"node","osm_id":576518522,"type":"village","location":[-25.1631714,17.1572274],"bbox":[-25.1831714,17.1372274,-25.1431714,17.1772274]}
{"name":"Chã de Morte","display_name":"Chã de Morte, Porto Novo, Cabo Verde","address":{"village":"Chã de Morte","county":"Porto Novo","ISO3166-2-lvl6":"CV-PN","country":"Cabo Verde","country_code":"cv"},"osm_type":"node","osm_id":2479315618,"type":"village","location":[-25.2088688,17.0444436],"bbox":[-25.2288688,17.0244436,-25.1888688,17.0644436]}
{"name":"Chã de Norte","display_name":"Chã de Norte, Porto Novo, Cabo Verde","address":{"village":"Chã de Norte","county":"Porto Novo","ISO3166-2-lvl6":"CV-PN","country":"Cabo Verde","country_code":"cv"},"osm_type":"node","osm_id":3429685713,"type":"village","location":[-25.2645414,17.108766],"bbox":[-25.2845414,17.088766,-25.2445414,17.128766]}
{"name":"Chã de Ribeirãozinho","display_name":"Chã de Ribeirãozinho, Porto Novo, Cabo Verde","address":{"village":"Chã de Ribeirãozinho","county":"Porto Novo","ISO3166-2-lvl6":"CV-PN","country":"Cabo Verde","country_code":"cv"},"osm_type":"node","osm_id":11750549810,"type":"village","location":[-25.2007769,17.049741],"bbox":[-25.2207769,17.029741,-25.1807769,17.069741]}
{"name":"Chã do Porto Novo","display_name":"Chã do Porto Novo, Porto Novo, Cabo Verde","address":{"village":"Chã do Porto Novo","county":"Porto Novo","ISO3166-2-lvl6":"CV-PN","country":"Cabo Verde","country_code":"cv"},"osm_type":"node","osm_id":6277186620,"type":"village","location":[-25.1327747,16.9948325],"bbox":[-25.1527747,16.9748325,-25.1127747,17.0148325]}
{"name":"Chão de Tanque","display_name":"Chão de Tanque, Santa Catarina, 7310, Cabo Verde","address":{"village":"Chão de Tanque","county":"Santa Catarina","ISO3166-2-lvl6":"CV-CA","postcode":"7310","country":"Cabo Verde","country_code":"cv"},"osm_type":"node","osm_id":8059982767,"type":"village","location":[-23.7016196,15.0920004],"bbox":[-23.7216196,15.0720004,-23.6816196,15.1120004]}
{"name":"Chão Grande","display_name":"Chão Grande, São Salvador do Mundo, 7329, Cabo Verde","address":{"village":"Chão Grande","county":"São Salvador do Mundo","ISO3166-2-lvl6":"CV-SS","postcode":"7329","country":"Cabo Verde","country_code":"cv"},"osm_type":"node","osm_id":8170287030,"type":"village","location":[-23.6525878,15.0827846],"bbox":[-23.6725878,15.0627846,-23.6325878,15.1027846]}
{"name":"Chão Vaz","display_name":"Chão Vaz, São Salvador do Mundo, 7329, Cabo Verde","address":{"village":"Chão Vaz","county":"São Salvador do Mundo","ISO3166-2-lvl6":"CV-SS","postcode":"7329","country":"Cabo Verde","country_code":"cv"},"osm_type":"node","osm_id":7546047956,"type":"village","location":[-23.6257016,15.0924538],"bbox":[-23.6457016,15.0724538,-23.6057016,15.1124538]}
{"name":"Choupana","display_name":"Choupana, Ribeira Grande de Santiago, 7629, Cabo Verde","address":{"village":"Choupana","county":"Ribeira Grande de Santiago","ISO3166-2-lvl6":"CV-RS","postcode":"7629","country":"Cabo Verde","country_code":"cv"},"osm_type":"node","osm_id":7390321323,"type":"village","location":[-23.5716364,14.9349115],"bbox":[-23.5916364,14.9149115,-23.5516364,14.9549115]}
{"name":"Cirio","display_name":"Cirio, Porto Novo, Cabo Verde","address":{"village":"Cirio","county":"Porto Novo","ISO3166-2-lvl6":"CV-PN","country":"Cabo Verde","country_code":"cv"},"osm_type":"node","osm_id":3517717809,"type":"village","location":[-25.2225691,17.0517952],"bbox":[-25.2425691,17.0317952,-25.2025691,17.0717952]}
{"name":"Cisterno","display_name":"Cisterno, São Filipe, Cabo Verde","address":{"village":"Cisterno","county":"São Filipe","ISO3166-2-lvl6":"CV-SF","country":"Cabo Verde","country_code":"cv"},"osm_type":"node","osm_id":911829717,"type":"village","location":[-24.4374391,14.930337],"bbox":[-24.4574391,14.910337,-24.4174391,14.950337]}
{"name":"Corvo","display_name":"Corvo, Mosteiros, 8110, Cabo Verde","address":{"village":"Corvo","county":"Mosteiros","ISO3166-2-lvl6":"CV-MO","postcode":"8110","country":"Cabo Verde","country_code":"cv"},"osm_type":"node","osm_id":2049768636,"type":"village","location":[-24.3051378,14.9996681],"bbox":[-24.3251378,14.9796681,-24.2851378,15.0196681]}
{"name":"Costim Pereira","display_name":"Costim Pereira, Porto Novo, Cabo Verde","address":{"village":"Costim Pereira","county":"Porto Novo","ISO3166-2-lvl6":"CV-PN","country":"Cabo Verde","country_code":"cv"},"osm_type":"node","osm_id":5840235875,"type":"village","location":[-25.3105084,16.9599304],"bbox":[-25.3305084,16.9399304,-25.2905084,16.9799304]}
{"name":"Cova Figueira","display_name":"Cova Figueira, Santa Catarina do Fogo, 8235, Cabo Verde","address":{"village":"Cova Figueira","county":"Santa Catarina do Fogo","ISO3166-2-lvl6":"CV-CF","postcode":"8235","country":"Cabo Verde","country_code":"cv"},"osm_type":"node","osm_id":9297487227,"type":"village","location":[-24.2941143,14.889935],"bbox":[-24.3141143,14.869935,-24.2741143,14.909935]}
{"name":"Cova Joana","display_name":"Cova Joana, Brava, 9110, Cabo Verde","address":{"village":"Cova Joana","county":"Brava","ISO3166-2-lvl6":"CV-BR","postcode":"9110","country":"Cabo Verde","country_code":"cv"},"osm_type":"node","osm_id":6146488335,"type":"village","location":[-24.7122538,14.8626918],"bbox":[-24.7322538,14.8426918,-24.6922538,14.8826918]}
{"name":"Cova Rodela","display_name":"Cova Rodela, Brava, 9110, Cabo Verde","address":{"village":"Cova Rodela","county":"Brava","ISO3166-2-lvl6":"CV-BR","postcode":"9110","country":"Cabo Verde","country_code":"cv"},"osm_type":"node","osm_id":6146488336,"type":"village","location":[-24.7053069,14.8705157],"bbox":[-24.7253069,14.8505157,-24.6853069,14.8905157]}
{"name":"Covão Sanchez","display_name":"Covão Sanchez, Santa Cruz, 7244, Cabo Verde","address":{"village":"Covão Sanchez","county":"Santa Cruz","ISO3166-2-lvl6":"CV-CR","postcode":"7244","country":"Cabo Verde","country_code":"cv"},"osm_type":"node","osm_id":7590040457,"type":"village","location":[-23.5694284,15.1565649],"bbox":[-23.5894284,15.1365649,-23.5494284,15.1765649]}
{"name":"Covoada","display_name":"Covoada, Nossa Senhora da Lapa, Ribeira Brava, Cabo Verde","address":{"village":"Covoada","municipality":"Nossa Senhora da Lapa","county":"Ribeira Brava","ISO3166-2-lvl6":"CV-RB","country":"Cabo Verde","country_code":"cv"},"osm_type":"node","osm_id":8509320733,"type":"village","location":[-24.3438178,16.6568427],"bbox":[-24.3638178,16.6368427,-24.3238178,16.6768427]}
{"name":"Covoada","display_name":"Covoada, Ribeira Grande, 1110, Cabo Verde","address":{"village":"Covoada","county":"Ribeira Grande","ISO3166-2-lvl6":"CV-RG","postcode":"1110","country":"Cabo Verde","country_code":"cv"},"osm_type":"node","osm_id":2072907136,"type":"village","location":[-25.0578476,17.1770727],"bbox":[-25.0778476,17.1570727,-25.0378476,17.1970727]}
{"name":"Cruzinha","other_names":{"name:pt":"Cruzinha","alt_name":"Kruzinha"},"display_name":"Cruzinha, Ribeira Grande, Cabo Verde","address":{"village":"Cruzinha","county":"Ribeira Grande","ISO3166-2-lvl6":"CV-RG","country":"Cabo Verde","country_code":"cv"},"osm_type":"node","osm_id":1809229754,"type":"village","location":[-25.1659849,17.1703483],"bbox":[-25.1859849,17.1503483,-25.1459849,17.1903483]}
{"name":"Curral das Vacas","display_name":"Curral das Vacas, Porto Novo, Cabo Verde","address":{"village":"Curral das Vacas","county":"Porto Novo","ISO3166-2-lvl6":"CV-PN","country":"Cabo Verde","country_code":"cv"},"osm_type":"node","osm_id":1985876384,"type":"village","location":[-25.2192222,17.0435703],"bbox":[-25.2392222,17.0235703,-25.1992222,17.0635703]}
{"name":"Cutelo Cruz","display_name":"Cutelo Cruz, Santa Catarina do Fogo, 8235, Cabo Verde","address":{"village":"Cutelo Cruz","county":"Santa Catarina do Fogo","ISO3166-2-lvl6":"CV-CF","postcode":"8235","country":"Cabo Verde","country_code":"cv"},"osm_type":"node","osm_id":9297487228,"type":"village","location":[-24.2943304,14.8868737],"bbox":[-24.3143304,14.8668737,-24.2743304,14.9068737]}
{"name":"Cutelo","display_name":"Cutelo, Tarrafal, Cabo Verde","address":{"village":"Cutelo","county":"Tarrafal","ISO3166-2-lvl6":"CV-TA","country":"Cabo Verde","country_code":"cv"},"osm_type":"node","osm_id":6960639258,"type":"village","location":[-23.7034357,15.2440515],"bbox":[-23.7234357,15.2240515,-23.6834357,15.2640515]}
{"name":"Dacabalaio","display_name":"Dacabalaio, Santa Catarina do Fogo, 8235, Cabo Verde","address":{"village":"Dacabalaio","county":"Santa Catarina do Fogo","ISO3166-2-lvl6":"CV-CF","postcode":"8235","country":"Cabo Verde","country_code":"cv"},"osm_type":"node","osm_id":911295189,"type":"village","location":[-24.3311506,14.8562236],"bbox":[-24.3511506,14.8362236,-24.3111506,14.8762236]}
{"name":"Escada","display_name":"Escada, Tarrafal de São Nicolau, 3121, Cabo Verde","address":{"village":"Escada","county":"Tarrafal de São Nicolau","ISO3166-2-lvl6":"CV-TS","postcode":"3121","country":"Cabo Verde","country_code":"cv"},"osm_type":"node","osm_id":3255342900,"type":"village","location":[-24.3648975,16.5784832],"bbox":[-24.3848975,16.5584832,-24.3448975,16.5984832]}
{"name":"Espigão","display_name":"Espigão, Tarrafal de São Nicolau, 3121, Cabo Verde","address":{"village":"Espigão","county":"Tarrafal de São Nicolau","ISO3166-2-lvl6":"CV-TS","postcode":"3121","country":"Cabo Verde","country_code":"cv"},"osm_type":"node","osm_id":8507920970,"type":"village","location":[-24.3530353,16.6114277],"bbox":[-24.3730353,16.5914277,-24.3330353,16.6314277]}
{"name":"Espongeiro","display_name":"Espongeiro, Ribeira Grande, 1310, Cabo Verde","address":{"village":"Espongeiro","county":"Ribeira Grande","ISO3166-2-lvl6":"CV-RG","postcode":"1310","country":"Cabo Verde","country_code":"cv"},"population":90,"osm_type":"node","osm_id":7196914362,"type":"village","location":[-25.0824377,17.1154766],"bbox":[-25.1024377,17.0954766,-25.0624377,17.1354766]}
{"name":"Estância de Brás(Estância Braz)","display_name":"Estância de Brás(Estância Braz), Nossa Senhora da Lapa, Ribeira Brava, Cabo Verde","address":{"village":"Estância de Brás(Estância Braz)","municipality":"Nossa Senhora da Lapa","county":"Ribeira Brava","ISO3166-2-lvl6":"CV-RB","country":"Cabo Verde","country_code":"cv"},"osm_type":"node","osm_id":1652818838,"type":"village","location":[-24.3190754,16.6678989],"bbox":[-24.3390754,16.6478989,-24.2990754,16.6878989]}
{"name":"Estância Roque","display_name":"Estância Roque, Santa Catarina do Fogo, 8235, Cabo Verde","address":{"village":"Estância Roque","county":"Santa Catarina do Fogo","ISO3166-2-lvl6":"CV-CF","postcode":"8235","country":"Cabo Verde","country_code":"cv"},"osm_type":"node","osm_id":3212623739,"type":"village","location":[-24.3195906,14.8963771],"bbox":[-24.3395906,14.8763771,-24.2995906,14.9163771]}
{"name":"Fajã d' Água","display_name":"Fajã d' Água, Brava, 9110, Cabo Verde","address":{"village":"Fajã d' Água","county":"Brava","ISO3166-2-lvl6":"CV-BR","postcode":"9110","country":"Cabo Verde","country_code":"cv"},"osm_type":"node","osm_id":1207814806,"type":"village","location":[-24.7314514,14.8714904],"bbox":[-24.7514514,14.8514904,-24.7114514,14.8914904]}
{"name":"Fajã de Cima","display_name":"Fajã de Cima, Nossa Senhora da Lapa, Ribeira Brava, 3120, Cabo Verde","address":{"village":"Fajã de Cima","municipality":"Nossa Senhora da Lapa","county":"Ribeira Brava","ISO3166-2-lvl6":"CV-RB","postcode":"3120","country":"Cabo Verde","country_code":"cv"},"osm_type":"node","osm_id":6955666346,"type":"village","location":[-24.3274277,16.646787],"bbox":[-24.3474277,16.626787,-24.3074277,16.666787]}
{"name":"Fajãzinha","display_name":"Fajãzinha, Mosteiros, 8110, Cabo Verde","address":{"village":"Fajãzinha","county":"Mosteiros","ISO3166-2-lvl6":"CV-MO","postcode":"8110","country":"Cabo Verde","country_code":"cv"},"osm_type":"node","osm_id":2049716123,"type":"village","location":[-24.3493036,15.0480047],"bbox":[-24.3693036,15.0280047,-24.3293036,15.0680047]}
{"name":"Fazenda","display_name":"Fazenda, Tarrafal, 7110, Cabo Verde","address":{"village":"Fazenda","county":"Tarrafal","ISO3166-2-lvl6":"CV-TA","postcode":"7110","country":"Cabo Verde","country_code":"cv"},"osm_type":"node","osm_id":7082782891,"type":"village","location":[-23.743937,15.311066],"bbox":[-23.763937,15.291066,-23.723937,15.331066]}
{"name":"Feijoal","display_name":"Feijoal, Mosteiros, 8110, Cabo Verde","address":{"village":"Feijoal","county":"Mosteiros","ISO3166-2-lvl6":"CV-MO","postcode":"8110","country":"Cabo Verde","country_code":"cv"},"osm_type":"node","osm_id":4687347671,"type":"village","location":[-24.3289979,15.029213],"bbox":[-24.3489979,15.009213,-24.3089979,15.049213]}
{"name":"Figueira da Horta","display_name":"Figueira da Horta, Maio, Cabo Verde","address":{"village":"Figueira da Horta","county":"Maio","ISO3166-2-lvl6":"CV-MA","country":"Cabo Verde","country_code":"cv"},"osm_type":"node","osm_id":1951662284,"type":"village","location":[-23.1515291,15.1601318],"bbox":[-23.1715291,15.1401318,-23.1315291,15.1801318]}
{"name":"Figueira das Naus","display_name":"Figueira das Naus, Santa Catarina, Cabo Verde","address":{"village":"Figueira das Naus","county":"Santa Catarina","ISO3166-2-lvl6":"CV-CA","country":"Cabo Verde","country_code":"cv"},"osm_type":"node","osm_id":8104200494,"type":"village","location":[-23.7312748,15.1820104],"bbox":[-23.7512748,15.1620104,-23.7112748,15.2020104]}
{"name":"Figueira Pavão","display_name":"Figueira Pavão, Santa Catarina do Fogo, 8235, Cabo Verde","address":{"village":"Figueira Pavão","county":"Santa Catarina do Fogo","ISO3166-2-lvl6":"CV-CF","postcode":"8235","country":"Cabo Verde","country_code":"cv"},"osm_type":"node","osm_id":911295163,"type":"village","location":[-24.3118225,14.8710454],"bbox":[-24.3318225,14.8510454,-24.2918225,14.8910454]}
{"name":"Fonsaco","display_name":"Fonsaco, Mosteiros, 8110, Cabo Verde","address":{"village":"Fonsaco","county":"Mosteiros","ISO3166-2-lvl6":"CV-MO","postcode":"8110","country":"Cabo Verde","country_code":"cv"},"osm_type":"node","osm_id":2049716124,"type":"village","location":[-24.3157286,15.0232712],"bbox":[-24.3357286,15.0032712,-24.2957286,15.0432712]}
{"name":"Fontainhas","display_name":"Fontainhas, Ribeira Grande, 1120, Cabo Verde","address":{"village":"Fontainhas","county":"Ribeira Grande","ISO3166-2-lvl6":"CV-RG","postcode":"1120","country":"Cabo Verde","country_code":"cv"},"osm_type":"node","osm_id":576513150,"type":"village","location":[-25.1040959,17.1880065],"bbox":[-25.1240959,17.1680065,-25.0840959,17.2080065]}
{"name":"Fonte Aleixo","display_name":"Fonte Aleixo, Santa Catarina do Fogo, Cabo Verde","address":{"village":"Fonte Aleixo","county":"Santa Catarina do Fogo","ISO3166-2-lvl6":"CV-CF","country":"Cabo Verde","country_code":"cv"},"osm_type":"node","osm_id":911295178,"type":"village","location":[-24.3558264,14.8490929],"bbox":[-24.3758264,14.8290929,-24.3358264,14.8690929]}
{"name":"Forno","display_name":"Forno, São Filipe, Cabo Verde","address":{"village":"Forno","county":"São Filipe","ISO3166-2-lvl6":"CV-SF","country":"Cabo Verde","country_code":"cv"},"osm_type":"node","osm_id":911295171,"type":"village","location":[-24.441717,14.8805809],"bbox":[-24.461717,14.8605809,-24.421717,14.9005809]}
{"name":"Fundura","display_name":"Fundura, Santa Catarina, Cabo Verde","address":{"village":"Fundura","county":"Santa Catarina","ISO3166-2-lvl6":"CV-CA","country":"Cabo Verde","country_code":"cv"},"osm_type":"way","osm_id":331732380,"type":"village","location":[-23.699012652172655,15.16456635],"bbox":[-23.7049745,15.1620267,-23.6957156,15.1671836]}
{"name":"Galinheiros","display_name":"Galinheiros, São Filipe, Cabo Verde","address":{"village":"Galinheiros","county":"São Filipe","ISO3166-2-lvl6":"CV-SF","country":"Cabo Verde","country_code":"cv"},"osm_type":"node","osm_id":911296630,"type":"village","location":[-24.444154,14.9991798],"bbox":[-24.464154,14.9791798,-24.424154,15.0191798]}
{"name":"Gil Bispo","display_name":"Gil Bispo, Santa Catarina, 7310, Cabo Verde","address":{"village":"Gil Bispo","county":"Santa Catarina","ISO3166-2-lvl6":"CV-CA","postcode":"7310","country":"Cabo Verde","country_code":"cv"},"osm_type":"node","osm_id":4500715329,"type":"village","location":[-23.6565696,15.1021132],"bbox":[-23.6765696,15.0821132,-23.6365696,15.1221132]}
{"name":"Gomgom","display_name":"Gomgom, São Miguel, Cabo Verde","address":{"village":"Gomgom","county":"São Miguel","ISO3166-2-lvl6":"CV-SM","country":"Cabo Verde","country_code":"cv"},"osm_type":"node","osm_id":7076689304,"type":"village","location":[-23.6651119,15.2009648],"bbox":[-23.6851119,15.1809648,-23.6451119,15.2209648]}
{"name":"Italiano","display_name":"Italiano, São Filipe, Cabo Verde","address":{"village":"Italiano","county":"São Filipe","ISO3166-2-lvl6":"CV-SF","country":"Cabo Verde","country_code":"cv"},"osm_type":"node","osm_id":9734792678,"type":"village","location":[-24.4511109,14.9654416],"bbox":[-24.4711109,14.9454416,-24.4311109,14.9854416]}
{"name":"Janela","display_name":"Janela, Paul, 7630, Cabo Verde","address":{"village":"Janela","county":"Paul","ISO3166-2-lvl6":"CV-PA","postcode":"7630","country":"Cabo Verde","country_code":"cv"},"osm_type":"node","osm_id":992928915,"type":"village","location":[-24.9866092,17.1202551],"bbox":[-25.0066092,17.1002551,-24.9666092,17.1402551]}
{"name":"Jardim","display_name":"Jardim, Sal, Cabo Verde","address":{"village":"Jardim","county":"Sal","ISO3166-2-lvl6":"CV-SL","country":"Cabo Verde","country_code":"cv"},"osm_type":"node","osm_id":3447092171,"type":"village","location":[-22.977107,16.7618354],"bbox":[-22.997107,16.7418354,-22.957107,16.7818354]}
{"name":"João Garrido","display_name":"João Garrido, São Domingos, 7515, Cabo Verde","address":{"village":"João Garrido","county":"São Domingos","ISO3166-2-lvl6":"CV-SD","postcode":"7515","country":"Cabo Verde","country_code":"cv"},"osm_type":"node","osm_id":8264400189,"type":"village","location":[-23.5670504,15.0221166],"bbox":[-23.5870504,15.0021166,-23.5470504,15.0421166]}
{"name":"João Varela","display_name":"João Varela, Ribeira Grande de Santiago, 7629, Cabo Verde","address":{"village":"João Varela","county":"Ribeira Grande de Santiago","ISO3166-2-lvl6":"CV-RS","postcode":"7629","country":"Cabo Verde","country_code":"cv"},"osm_type":"node","osm_id":2448229040,"type":"village","location":[-23.5832122,14.9542145],"bbox":[-23.6032122,14.9342145,-23.5632122,14.9742145]}
{"name":"Jorge Luiz","display_name":"Jorge Luiz, Porto Novo, Cabo Verde","address":{"village":"Jorge Luiz","county":"Porto Novo","ISO3166-2-lvl6":"CV-PN","country":"Cabo Verde","country_code":"cv"},"osm_type":"node","osm_id":6443520638,"type":"village","location":[-25.2259491,17.087767],"bbox":[-25.2459491,17.067767,-25.2059491,17.107767]}
{"name":"Juncalinho","display_name":"Juncalinho, Nossa Senhora do Rosário, Ribeira Brava, Cabo Verde","address":{"village":"Juncalinho","municipality":"Nossa Senhora do Rosário","county":"Ribeira Brava","ISO3166-2-lvl6":"CV-RB","country":"Cabo Verde","country_code":"cv"},"osm_type":"node","osm_id":6195967405,"type":"village","location":[-24.1316362,16.6137489],"bbox":[-24.1516362,16.5937489,-24.1116362,16.6337489]}
{"name":"Lagedos","display_name":"Lagedos, Porto Novo, Cabo Verde","address":{"village":"Lagedos","county":"Porto Novo","ISO3166-2-lvl6":"CV-PN","country":"Cabo Verde","country_code":"cv"},"osm_type":"node","osm_id":1972672158,"type":"village","location":[-25.1665712,17.0199147],"bbox":[-25.1865712,16.9999147,-25.1465712,17.0399147]}
{"name":"Lagoa","display_name":"Lagoa, Porto Novo, Cabo Verde","address":{"village":"Lagoa","county":"Porto Novo","ISO3166-2-lvl6":"CV-PN","country":"Cabo Verde","country_code":"cv"},"osm_type":"node","osm_id":1957518811,"type":"village","location":[-25.1377974,17.0874715],"bbox":[-25.1577974,17.0674715,-25.1177974,17.1074715]}
{"name":"Lameirão","display_name":"Lameirão, São Vicente, 1009, Cabo Verde","address":{"village":"Lameirão","county":"São Vicente","ISO3166-2-lvl6":"CV-SV","postcode":"1009","country":"Cabo Verde","country_code":"cv"},"osm_type":"node","osm_id":6306211668,"type":"village","location":[-24.9617686,16.8800598],"bbox":[-24.9817686,16.8600598,-24.9417686,16.9000598]}
{"name":"Laranjeiro","display_name":"Laranjeiro, São Filipe, Cabo Verde","address":{"village":"Laranjeiro","county":"São Filipe","ISO3166-2-lvl6":"CV-SF","country":"Cabo Verde","country_code":"cv"},"osm_type":"node","osm_id":9684672217,"type":"village","location":[-24.468287,14.9731069],"bbox":[-24.488287,14.9531069,-24.448287,14.9931069]}
{"name":"Laranjo","display_name":"Laranjo, Mosteiros, 8110, Cabo Verde","address":{"village":"Laranjo","county":"Mosteiros","ISO3166-2-lvl6":"CV-MO","postcode":"8110","country":"Cabo Verde","country_code":"cv"},"osm_type":"node","osm_id":2049716126,"type":"village","location":[-24.3356529,15.0418807],"bbox":[-24.3556529,15.0218807,-24.3156529,15.0618807]}
{"name":"Lem Martim","display_name":"Lem Martim, Santa Catarina, 7310, Cabo Verde","address":{"village":"Lem Martim","county":"Santa Catarina","ISO3166-2-lvl6":"CV-CA","postcode":"7310","country":"Cabo Verde","country_code":"cv"},"osm_type":"node","osm_id":8175919242,"type":"village","location":[-23.6801046,15.1410671],"bbox":[-23.7001046,15.1210671,-23.6601046,15.1610671]}
{"name":"Lomba","display_name":"Lomba, São Filipe, Cabo Verde","address":{"village":"Lomba","county":"São Filipe","ISO3166-2-lvl6":"CV-SF","country":"Cabo Verde","country_code":"cv"},"osm_type":"node","osm_id":911296628,"type":"village","location":[-24.4457563,14.9685515],"bbox":[-24.4657563,14.9485515,-24.4257563,14.9885515]}
{"name":"Lombinho","display_name":"Lombinho, Paul, 1210, Cabo Verde","address":{"village":"Lombinho","county":"Paul","ISO3166-2-lvl6":"CV-PA","postcode":"1210","country":"Cabo Verde","country_code":"cv"},"osm_type":"node","osm_id":2552329290,"type":"village","location":[-25.0445911,17.1316289],"bbox":[-25.0645911,17.1116289,-25.0245911,17.1516289]}
{"name":"Lombo Branco villagem","display_name":"Lombo Branco villagem, Ribeira Grande, 1110, Cabo Verde","address":{"village":"Lombo Branco villagem","county":"Ribeira Grande","ISO3166-2-lvl6":"CV-RG","postcode":"1110","country":"Cabo Verde","country_code":"cv"},"osm_type":"node","osm_id":2072907144,"type":"village","location":[-25.0401781,17.1720717],"bbox":[-25.0601781,17.1520717,-25.0201781,17.1920717]}
{"name":"Lombo de Santa","display_name":"Lombo de Santa, Ribeira Grande, Cabo Verde","address":{"village":"Lombo de Santa","county":"Ribeira Grande","ISO3166-2-lvl6":"CV-RG","country":"Cabo Verde","country_code":"cv"},"osm_type":"node","osm_id":3499722967,"type":"village","location":[-25.1429172,17.1385599],"bbox":[-25.1629172,17.1185599,-25.1229172,17.1585599]}
{"name":"Luzia Nunes","display_name":"Luzia Nunes, São Filipe, Cabo Verde","address":{"village":"Luzia Nunes","county":"São Filipe","ISO3166-2-lvl6":"CV-SF","country":"Cabo Verde","country_code":"cv"},"osm_type":"node","osm_id":911295182,"type":"village","location":[-24.4390709,14.8746624],"bbox":[-24.4590709,14.8546624,-24.4190709,14.8946624]}
{"name":"Mãe Joana","display_name":"Mãe Joana, Santa Catarina do Fogo, 8235, Cabo Verde","address":{"village":"Mãe Joana","county":"Santa Catarina do Fogo","ISO3166-2-lvl6":"CV-CF","postcode":"8235","country":"Cabo Verde","country_code":"cv"},"osm_type":"node","osm_id":9216788237,"type":"village","location":[-24.3118058,14.890711],"bbox":[-24.3318058,14.870711,-24.2918058,14.910711]}
{"name":"Manta Velha","display_name":"Manta Velha, Ribeira Grande, Cabo Verde","address":{"village":"Manta Velha","county":"Ribeira Grande","ISO3166-2-lvl6":"CV-RG","country":"Cabo Verde","country_code":"cv"},"osm_type":"node","osm_id":6958053616,"type":"village","location":[-25.1605243,17.1235834],"bbox":[-25.1805243,17.1035834,-25.1405243,17.1435834]}
{"name":"Maria Pereira","display_name":"Maria Pereira, Santa Cruz, Cabo Verde","address":{"village":"Maria Pereira","county":"Santa Cruz","ISO3166-2-lvl6":"CV-CR","country":"Cabo Verde","country_code":"cv"},"osm_type":"node","osm_id":11451949694,"type":"village","location":[-23.5748461,15.1085708],"bbox":[-23.5948461,15.0885708,-23.5548461,15.1285708]}
{"name":"Martiene","display_name":"Martiene, Porto Novo, Cabo Verde","address":{"village":"Martiene","county":"Porto Novo","ISO3166-2-lvl6":"CV-PN","country":"Cabo Verde","country_code":"cv"},"osm_type":"node","osm_id":5842033847,"type":"village","location":[-25.2498181,17.0926637],"bbox":[-25.2698181,17.0726637,-25.2298181,17.1126637]}
{"name":"Mato Brasil","display_name":"Mato Brasil, Tarrafal, Cabo Verde","address":{"village":"Mato Brasil","county":"Tarrafal","ISO3166-2-lvl6":"CV-TA","country":"Cabo Verde","country_code":"cv"},"osm_type":"node","osm_id":9675128143,"type":"village","location":[-23.6901777,15.2316552],"bbox":[-23.7101777,15.2116552,-23.6701777,15.2516552]}
{"name":"Mato Correia","display_name":"Mato Correia, São Miguel, Cabo Verde","address":{"village":"Mato Correia","county":"São Miguel","ISO3166-2-lvl6":"CV-SM","country":"Cabo Verde","country_code":"cv"},"osm_type":"node","osm_id":7076689296,"type":"village","location":[-23.6400935,15.1995559],"bbox":[-23.6600935,15.1795559,-23.6200935,15.2195559]}
{"name":"Mato Grande","display_name":"Mato Grande, Brava, 9110, Cabo Verde","address":{"village":"Mato Grande","county":"Brava","ISO3166-2-lvl6":"CV-BR","postcode":"9110","country":"Cabo Verde","country_code":"cv"},"osm_type":"node","osm_id":7846936752,"type":"village","location":[-24.6895341,14.8631866],"bbox":[-24.7095341,14.8431866,-24.6695341,14.8831866]}
{"name":"Mato Sancho","display_name":"Mato Sancho, Santa Catarina, Cabo Verde","address":{"village":"Mato Sancho","county":"Santa Catarina","ISO3166-2-lvl6":"CV-CA","country":"Cabo Verde","country_code":"cv"},"osm_type":"node","osm_id":8543790214,"type":"village","location":[-23.7268566,15.1037332],"bbox":[-23.7468566,15.0837332,-23.7068566,15.1237332]}
{"name":"Mato","display_name":"Mato, Brava, 9110, Cabo Verde","address":{"village":"Mato","county":"Brava","ISO3166-2-lvl6":"CV-BR","postcode":"9110","country":"Cabo Verde","country_code":"cv"},"osm_type":"node","osm_id":6355293870,"type":"village","location":[-24.7051565,14.8570781],"bbox":[-24.7251565,14.8370781,-24.6851565,14.8770781]}
{"name":"Mercado","display_name":"Mercado, São Lourenço dos Órgãos, 7425, Cabo Verde","address":{"village":"Mercado","county":"São Lourenço dos Órgãos","ISO3166-2-lvl6":"CV-SO","postcode":"7425","country":"Cabo Verde","country_code":"cv"},"osm_type":"node","osm_id":7972572563,"type":"village","location":[-23.6101698,15.0630749],"bbox":[-23.6301698,15.0430749,-23.5901698,15.0830749]}
{"name":"Milafre","display_name":"Milafre, Tarrafal, Cabo Verde","address":{"village":"Milafre","county":"Tarrafal","ISO3166-2-lvl6":"CV-TA","country":"Cabo Verde","country_code":"cv"},"osm_type":"node","osm_id":1960681625,"type":"village","location":[-23.6687496,15.250173],"bbox":[-23.6887496,15.230173,-23.6487496,15.270173]}
{"name":"Minhoto","display_name":"Minhoto, Brava, 9110, Cabo Verde","address":{"village":"Minhoto","county":"Brava","ISO3166-2-lvl6":"CV-BR","postcode":"9110","country":"Cabo Verde","country_code":"cv"},"osm_type":"node","osm_id":5353047969,"type":"village","location":[-24.6958136,14.8783815],"bbox":[-24.7158136,14.8583815,-24.6758136,14.8983815]}
{"name":"Mira Mira","display_name":"Mira Mira, São Filipe, Cabo Verde","address":{"village":"Mira Mira","county":"São Filipe","ISO3166-2-lvl6":"CV-SF","country":"Cabo Verde","country_code":"cv"},"osm_type":"node","osm_id":9734856452,"type":"village","location":[-24.4445619,14.9752759],"bbox":[-24.4645619,14.9552759,-24.4245619,14.9952759]}
{"name":"Monte Grande","display_name":"Monte Grande, São Filipe, Cabo Verde","address":{"village":"Monte Grande","county":"São Filipe","ISO3166-2-lvl6":"CV-SF","country":"Cabo Verde","country_code":"cv"},"osm_type":"node","osm_id":911829730,"type":"village","location":[-24.4073951,14.8906499],"bbox":[-24.4273951,14.8706499,-24.3873951,14.9106499]}
{"name":"Monte Largo","display_name":"Monte Largo, São Filipe, Cabo Verde","address":{"village":"Monte Largo","county":"São Filipe","ISO3166-2-lvl6":"CV-SF","country":"Cabo Verde","country_code":"cv"},"osm_type":"node","osm_id":911295179,"type":"village","location":[-24.3829749,14.8685017],"bbox":[-24.4029749,14.8485017,-24.3629749,14.8885017]}
{"name":"Monte Trigo","display_name":"Monte Trigo, Porto Novo, Cabo Verde","address":{"village":"Monte Trigo","county":"Porto Novo","ISO3166-2-lvl6":"CV-PN","country":"Cabo Verde","country_code":"cv"},"osm_type":"node","osm_id":5854552330,"type":"village","location":[-25.330719,17.0211993],"bbox":[-25.350719,17.0011993,-25.310719,17.0411993]}
{"name":"Morre Brás","display_name":"Morre Brás, Nossa Senhora do Rosário, Ribeira Brava, Cabo Verde","address":{"village":"Morre Brás","municipality":"Nossa Senhora do Rosário","county":"Ribeira Brava","ISO3166-2-lvl6":"CV-RB","country":"Cabo Verde","country_code":"cv"},"osm_type":"node","osm_id":2448091301,"type":"village","location":[-24.1943668,16.6334835],"bbox":[-24.2143668,16.6134835,-24.1743668,16.6534835]}
{"name":"Morrinho","display_name":"Morrinho, Maio, 1234, Cabo Verde","address":{"village":"Morrinho","county":"Maio","ISO3166-2-lvl6":"CV-MA","postcode":"1234","country":"Cabo Verde","country_code":"cv"},"osm_type":"node","osm_id":1951662289,"type":"village","location":[-23.2043873,15.2655865],"bbox":[-23.2243873,15.2455865,-23.1843873,15.2855865]}
{"name":"Morro","display_name":"Morro, Maio, 1234, Cabo Verde","address":{"village":"Morro","county":"Maio","ISO3166-2-lvl6":"CV-MA","postcode":"1234","country":"Cabo Verde","country_code":"cv"},"osm_type":"node","osm_id":1951662294,"type":"village","location":[-23.2217424,15.1796575],"bbox":[-23.2417424,15.1596575,-23.2017424,15.1996575]}
{"name":"Murdeira","display_name":"Murdeira, Sal, 4110, Cabo Verde","address":{"village":"Murdeira","county":"Sal","ISO3166-2-lvl6":"CV-SL","postcode":"4110","country":"Cabo Verde","country_code":"cv"},"osm_type":"node","osm_id":249204043,"type":"village","location":[-22.9354457,16.6787483],"bbox":[-22.9554457,16.6587483,-22.9154457,16.6987483]}
{"name":"Norte da Baia I","display_name":"Norte da Baia I, São Vicente, Cabo Verde","address":{"village":"Norte da Baia I","county":"São Vicente","ISO3166-2-lvl6":"CV-SV","country":"Cabo Verde","country_code":"cv"},"osm_type":"node","osm_id":4784818967,"type":"village","location":[-24.922726,16.888363],"bbox":[-24.942726,16.868363,-24.902726,16.908363]}
{"name":"Norte da Baia II","display_name":"Norte da Baia II, São Vicente, Cabo Verde","address":{"village":"Norte da Baia II","county":"São Vicente","ISO3166-2-lvl6":"CV-SV","country":"Cabo Verde","country_code":"cv"},"osm_type":"node","osm_id":4784818968,"type":"village","location":[-24.9169291,16.8809586],"bbox":[-24.9369291,16.8609586,-24.8969291,16.9009586]}
{"name":"Nossa Senhora do Monte","display_name":"Nossa Senhora do Monte, Brava, 9110, Cabo Verde","address":{"village":"Nossa Senhora do Monte","county":"Brava","ISO3166-2-lvl6":"CV-BR","postcode":"9110","country":"Cabo Verde","country_code":"cv"},"osm_type":"node","osm_id":2446038553,"type":"village","location":[-24.7155071,14.8596915],"bbox":[-24.7355071,14.8396915,-24.6955071,14.8796915]}
{"name":"Pai António","display_name":"Pai António, Mosteiros, 8110, Cabo Verde","address":{"village":"Pai António","county":"Mosteiros","ISO3166-2-lvl6":"CV-MO","postcode":"8110","country":"Cabo Verde","country_code":"cv"},"osm_type":"node","osm_id":2049604332,"type":"village","location":[-24.3276189,15.0238335],"bbox":[-24.3476189,15.0038335,-24.3076189,15.0438335]}
{"name":"Palha Carga","display_name":"Palha Carga, São Miguel, Cabo Verde","address":{"village":"Palha Carga","county":"São Miguel","ISO3166-2-lvl6":"CV-SM","country":"Cabo Verde","country_code":"cv"},"osm_type":"node","osm_id":7076689297,"type":"village","location":[-23.646686,15.2241491],"bbox":[-23.666686,15.2041491,-23.626686,15.2441491]}
{"name":"Passo","display_name":"Passo, Paul, 7630, Cabo Verde","address":{"village":"Passo","county":"Paul","ISO3166-2-lvl6":"CV-PA","postcode":"7630","country":"Cabo Verde","country_code":"cv"},"osm_type":"node","osm_id":5804835135,"type":"village","location":[-25.0191189,17.1576686],"bbox":[-25.0391189,17.1376686,-24.9991189,17.1776686]}
{"name":"Patim","display_name":"Patim, São Filipe, Cabo Verde","address":{"village":"Patim","county":"São Filipe","ISO3166-2-lvl6":"CV-SF","country":"Cabo Verde","country_code":"cv"},"osm_type":"node","osm_id":4631865294,"type":"village","location":[-24.4263016,14.8736207],"bbox":[-24.4463016,14.8536207,-24.4063016,14.8936207]}
{"name":"Pedra de Lume","display_name":"Pedra de Lume, Sal, Cabo Verde","address":{"village":"Pedra de Lume","county":"Sal","ISO3166-2-lvl6":"CV-SL","country":"Cabo Verde","country_code":"cv"},"osm_type":"node","osm_id":28094913,"type":"village","location":[-22.8928716,16.7630679],"bbox":[-22.9128716,16.7430679,-22.8728716,16.7830679]}
{"name":"Pedra Ferro","display_name":"Pedra Ferro, Tarrafal, Cabo Verde","address":{"village":"Pedra Ferro","county":"Tarrafal","ISO3166-2-lvl6":"CV-TA","country":"Cabo Verde","country_code":"cv"},"osm_type":"node","osm_id":3385747641,"type":"village","location":[-23.6807647,15.2548655],"bbox":[-23.7007647,15.2348655,-23.6607647,15.2748655]}
{"name":"Pedro Vaz","display_name":"Pedro Vaz, Maio, Cabo Verde","address":{"village":"Pedro Vaz","county":"Maio","ISO3166-2-lvl6":"CV-MA","country":"Cabo Verde","country_code":"cv"},"osm_type":"node","osm_id":2452058390,"type":"village","location":[-23.1158373,15.2473839],"bbox":[-23.1358373,15.2273839,-23.0958373,15.2673839]}
{"name":"Pico da Cruz","display_name":"Pico da Cruz, Porto Novo, 1210, Cabo Verde","address":{"village":"Pico da Cruz","county":"Porto Novo","ISO3166-2-lvl6":"CV-PN","postcode":"1210","country":"Cabo Verde","country_code":"cv"},"osm_type":"node","osm_id":5818388817,"type":"village","location":[-25.0355132,17.1022432],"bbox":[-25.0555132,17.0822432,-25.0155132,17.1222432]}
{"name":"Picos","display_name":"Picos, São Salvador do Mundo, 7329, Cabo Verde","address":{"village":"Picos","county":"São Salvador do Mundo","ISO3166-2-lvl6":"CV-SS","postcode":"7329","country":"Cabo Verde","country_code":"cv"},"osm_type":"node","osm_id":910651810,"type":"village","location":[-23.6322418,15.084274],"bbox":[-23.6522418,15.064274,-23.6122418,15.104274]}
{"name":"Pilão Cão","display_name":"Pilão Cão, Maio, Cabo Verde","address":{"village":"Pilão Cão","county":"Maio","ISO3166-2-lvl6":"CV-MA","country":"Cabo Verde","country_code":"cv"},"osm_type":"node","osm_id":2452087922,"type":"village","location":[-23.1051179,15.2091337],"bbox":[-23.1251179,15.1891337,-23.0851179,15.2291337]}
{"name":"Pilão Cão","display_name":"Pilão Cão, São Miguel, 7215, Cabo Verde","address":{"village":"Pilão Cão","county":"São Miguel","ISO3166-2-lvl6":"CV-SM","postcode":"7215","country":"Cabo Verde","country_code":"cv"},"osm_type":"node","osm_id":7011589415,"type":"village","location":[-23.6322269,15.1952697],"bbox":[-23.6522269,15.1752697,-23.6122269,15.2152697]}
{"name":"Ponta de São Francisco","display_name":"Ponta de São Francisco, Praia, Cabo Verde","address":{"village":"Ponta de São Francisco","county":"Praia","ISO3166-2-lvl6":"CV-PR","country":"Cabo Verde","country_code":"cv"},"osm_type":"node","osm_id":7692295660,"type":"village","location":[-23.49274,14.9784779],"bbox":[-23.51274,14.9584779,-23.47274,14.9984779],"border":{"name":"Ponta de São Francisco","display_name":"Ponta de São Francisco, Praia, Cabo Verde","address":{"city_district":"Ponta de São Francisco","county":"Praia","ISO3166-2-lvl6":"CV-PR","country":"Cabo Verde","country_code":"cv"},"osm_type":"relation","osm_id":16321454,"type":"administrative","location":[-23.488705952066642,14.977801450000001],"bbox":[-23.5022316,14.9660884,-23.4762499,14.989687]}}
{"name":"Ponta João Ribeiro","display_name":"Ponta João Ribeiro, São Vicente, 2110, Cabo Verde","address":{"village":"Ponta João Ribeiro","county":"São Vicente","ISO3166-2-lvl6":"CV-SV","postcode":"2110","country":"Cabo Verde","country_code":"cv"},"osm_type":"node","osm_id":2055137744,"type":"village","location":[-24.9984723,16.9059009],"bbox":[-25.0184723,16.8859009,-24.9784723,16.9259009]}
{"name":"Ponta Lobrão","display_name":"Ponta Lobrão, Tarrafal, Cabo Verde","address":{"village":"Ponta Lobrão","county":"Tarrafal","ISO3166-2-lvl6":"CV-TA","country":"Cabo Verde","country_code":"cv"},"osm_type":"node","osm_id":7082783392,"type":"village","location":[-23.7088183,15.3108736],"bbox":[-23.7288183,15.2908736,-23.6888183,15.3308736]}
{"name":"Ponta Sul","display_name":"Ponta Sul, Porto Novo, Cabo Verde","address":{"village":"Ponta Sul","county":"Porto Novo","ISO3166-2-lvl6":"CV-PN","country":"Cabo Verde","country_code":"cv"},"osm_type":"node","osm_id":6278233596,"type":"village","location":[-25.1528094,16.9925827],"bbox":[-25.1728094,16.9725827,-25.1328094,17.0125827]}
{"name":"Ponta Verde","display_name":"Ponta Verde, São Filipe, Cabo Verde","address":{"village":"Ponta Verde","county":"São Filipe","ISO3166-2-lvl6":"CV-SF","country":"Cabo Verde","country_code":"cv"},"osm_type":"node","osm_id":4526408332,"type":"village","location":[-24.4543916,14.9876154],"bbox":[-24.4743916,14.9676154,-24.4343916,15.0076154]}
{"name":"Ponta Verde","display_name":"Ponta Verde, São Miguel, 7215, Cabo Verde","address":{"village":"Ponta Verde","county":"São Miguel","ISO3166-2-lvl6":"CV-SM","postcode":"7215","country":"Cabo Verde","country_code":"cv"},"osm_type":"node","osm_id":6996412536,"type":"village","location":[-23.6003023,15.2002285],"bbox":[-23.6203023,15.1802285,-23.5803023,15.2202285]}
{"name":"Porto de Ribeira da Barca","display_name":"Porto de Ribeira da Barca, Santa Catarina, Cabo Verde","address":{"village":"Porto de Ribeira da Barca","county":"Santa Catarina","ISO3166-2-lvl6":"CV-CA","country":"Cabo Verde","country_code":"cv"},"osm_type":"node","osm_id":255871159,"type":"village","location":[-23.759351,15.1380863],"bbox":[-23.779351,15.1180863,-23.739351,15.1580863]}
{"name":"Porto Formoso","display_name":"Porto Formoso, Tarrafal, Cabo Verde","address":{"village":"Porto Formoso","county":"Tarrafal","ISO3166-2-lvl6":"CV-TA","country":"Cabo Verde","country_code":"cv"},"osm_type":"node","osm_id":6960722416,"type":"village","location":[-23.6627213,15.2476629],"bbox":[-23.6827213,15.2276629,-23.6427213,15.2676629]}
{"name":"Porto Mosquito","display_name":"Porto Mosquito, Ribeira Grande de Santiago, Cabo Verde","address":{"village":"Porto Mosquito","county":"Ribeira Grande de Santiago","ISO3166-2-lvl6":"CV-RS","country":"Cabo Verde","country_code":"cv"},"osm_type":"node","osm_id":7326035202,"type":"village","location":[-23.6840895,14.950938],"bbox":[-23.7040895,14.930938,-23.6640895,14.970938]}
{"name":"Porto Novo","display_name":"Porto Novo, Cabo Verde","address":{"village":"Porto Novo","county":"Porto Novo","ISO3166-2-lvl6":"CV-PN","country":"Cabo Verde","country_code":"cv"},"osm_type":"node","osm_id":4511904075,"type":"village","location":[-25.0641922,17.0193423],"bbox":[-25.0841922,16.9993423,-25.0441922,17.0393423]}
{"name":"Porto Rincão","display_name":"Porto Rincão, Santa Catarina, Cabo Verde","address":{"village":"Porto Rincão","county":"Santa Catarina","ISO3166-2-lvl6":"CV-CA","country":"Cabo Verde","country_code":"cv"},"osm_type":"node","osm_id":255870470,"type":"village","location":[-23.7649298,15.0610666],"bbox":[-23.7849298,15.0410666,-23.7449298,15.0810666]}
{"name":"Povoação Velha","display_name":"Povoação Velha, Boa Vista, Cabo Verde","address":{"village":"Povoação Velha","county":"Boa Vista","ISO3166-2-lvl6":"CV-BV","country":"Cabo Verde","country_code":"cv"},"osm_type":"node","osm_id":1270602557,"type":"village","location":[-22.9174681,16.0387537],"bbox":[-22.9374681,16.0187537,-22.8974681,16.0587537]}
{"name":"Praia Baixo","display_name":"Praia Baixo, São Domingos, Cabo Verde","address":{"village":"Praia Baixo","county":"São Domingos","ISO3166-2-lvl6":"CV-SD","country":"Cabo Verde","country_code":"cv"},"osm_type":"node","osm_id":254019612,"type":"village","location":[-23.472113,15.0595103],"bbox":[-23.492113,15.0395103,-23.452113,15.0795103]}
{"name":"Praia Branca","display_name":"Praia Branca, Tarrafal de São Nicolau, Cabo Verde","address":{"village":"Praia Branca","county":"Tarrafal de São Nicolau","ISO3166-2-lvl6":"CV-TS","country":"Cabo Verde","country_code":"cv"},"osm_type":"node","osm_id":3267442233,"type":"village","location":[-24.3892776,16.642485],"bbox":[-24.4092776,16.622485,-24.3692776,16.662485]}
{"name":"Praia Gonçalo","display_name":"Praia Gonçalo, Maio, Cabo Verde","address":{"village":"Praia Gonçalo","county":"Maio","ISO3166-2-lvl6":"CV-MA","country":"Cabo Verde","country_code":"cv"},"osm_type":"node","osm_id":7085257280,"type":"village","location":[-23.1141108,15.2673462],"bbox":[-23.1341108,15.2473462,-23.0941108,15.2873462]}
{"name":"Preguiça","display_name":"Preguiça, Nossa Senhora do Rosário, Ribeira Brava, Cabo Verde","address":{"village":"Preguiça","municipality":"Nossa Senhora do Rosário","county":"Ribeira Brava","ISO3166-2-lvl6":"CV-RB","country":"Cabo Verde","country_code":"cv"},"osm_type":"node","osm_id":1652818836,"type":"village","location":[-24.281415,16.5638749],"bbox":[-24.301415,16.5438749,-24.261415,16.5838749]}
{"name":"Principal","display_name":"Principal, São Miguel, Cabo Verde","address":{"village":"Principal","county":"São Miguel","ISO3166-2-lvl6":"CV-SM","country":"Cabo Verde","country_code":"cv"},"osm_type":"node","osm_id":2481135577,"type":"village","location":[-23.6757748,15.2011538],"bbox":[-23.6957748,15.1811538,-23.6557748,15.2211538]}
{"name":"Queimada","display_name":"Queimada, São Filipe, Cabo Verde","address":{"village":"Queimada","county":"São Filipe","ISO3166-2-lvl6":"CV-SF","country":"Cabo Verde","country_code":"cv"},"osm_type":"node","osm_id":1960743769,"type":"village","location":[-24.3795981,14.8705793],"bbox":[-24.3995981,14.8505793,-24.3595981,14.8905793]}
{"name":"Queimadinha","display_name":"Queimadinha, Mosteiros, Cabo Verde","address":{"village":"Queimadinha","county":"Mosteiros","ISO3166-2-lvl6":"CV-MO","country":"Cabo Verde","country_code":"cv"},"osm_type":"node","osm_id":9490295626,"type":"village","location":[-24.2965466,14.9729121],"bbox":[-24.3165466,14.9529121,-24.2765466,14.9929121]}
{"name":"Rabil","display_name":"Rabil, Boa Vista, 0235, Cabo Verde","address":{"village":"Rabil","county":"Boa Vista","ISO3166-2-lvl6":"CV-BV","postcode":"0235","country":"Cabo Verde","country_code":"cv"},"osm_type":"node","osm_id":2457911247,"type":"village","location":[-22.8884999,16.1280304],"bbox":[-22.9084999,16.1080304,-22.8684999,16.1480304]}
{"name":"Relva","display_name":"Relva, Mosteiros, Cabo Verde","address":{"village":"Relva","county":"Mosteiros","ISO3166-2-lvl6":"CV-MO","country":"Cabo Verde","country_code":"cv"},"osm_type":"node","osm_id":2049768951,"type":"village","location":[-24.2953031,14.9747449],"bbox":[-24.3153031,14.9547449,-24.2753031,14.9947449]}
{"name":"Renque","display_name":"Renque, São Filipe, Cabo Verde","address":{"village":"Renque","county":"São Filipe","ISO3166-2-lvl6":"CV-SF","country":"Cabo Verde","country_code":"cv"},"osm_type":"node","osm_id":4679141235,"type":"village","location":[-24.4562134,14.9485183],"bbox":[-24.4762134,14.9285183,-24.4362134,14.9685183]}
{"name":"Ribeira da Cruz","display_name":"Ribeira da Cruz, Porto Novo, Cabo Verde","address":{"village":"Ribeira da Cruz","county":"Porto Novo","ISO3166-2-lvl6":"CV-PN","country":"Cabo Verde","country_code":"cv"},"osm_type":"node","osm_id":2479339782,"type":"village","location":[-25.2454046,17.1072708],"bbox":[-25.2654046,17.0872708,-25.2254046,17.1272708]}
{"name":"Ribeira da Prata","display_name":"Ribeira da Prata, Tarrafal de São Nicolau, Cabo Verde","address":{"village":"Ribeira da Prata","county":"Tarrafal de São Nicolau","ISO3166-2-lvl6":"CV-TS","country":"Cabo Verde","country_code":"cv"},"osm_type":"node","osm_id":3123796019,"type":"village","location":[-24.3639022,16.6625421],"bbox":[-24.3839022,16.6425421,-24.3439022,16.6825421]}
{"name":"Ribeira da Prata","display_name":"Ribeira da Prata, Tarrafal, Cabo Verde","address":{"village":"Ribeira da Prata","county":"Tarrafal","ISO3166-2-lvl6":"CV-TA","country":"Cabo Verde","country_code":"cv"},"osm_type":"way","osm_id":457728575,"type":"village","location":[-23.744779616863198,15.2292238],"bbox":[-23.7476201,15.2273962,-23.7424479,15.2310361]}
{"name":"Ribeira Dom João","display_name":"Ribeira Dom João, Maio, Cabo Verde","address":{"village":"Ribeira Dom João","county":"Maio","ISO3166-2-lvl6":"CV-MA","country":"Cabo Verde","country_code":"cv"},"osm_type":"node","osm_id":2452089702,"type":"village","location":[-23.12134,15.1441919],"bbox":[-23.14134,15.1241919,-23.10134,15.1641919]}
{"name":"Ribeira Filipe","display_name":"Ribeira Filipe, São Filipe, Cabo Verde","address":{"village":"Ribeira Filipe","county":"São Filipe","ISO3166-2-lvl6":"CV-SF","country":"Cabo Verde","country_code":"cv"},"osm_type":"node","osm_id":7342437057,"type":"village","location":[-24.4197339,14.9896852],"bbox":[-24.4397339,14.9696852,-24.3997339,15.0096852]}
{"name":"Ribeira Fria","display_name":"Ribeira Fria, Porto Novo, Cabo Verde","address":{"village":"Ribeira Fria","county":"Porto Novo","ISO3166-2-lvl6":"CV-PN","country":"Cabo Verde","country_code":"cv"},"osm_type":"node","osm_id":6061261139,"type":"village","location":[-25.1574661,17.0516149],"bbox":[-25.1774661,17.0316149,-25.1374661,17.0716149]}
{"name":"Ribeira Funda","display_name":"Ribeira Funda, Sal, Cabo Verde","address":{"village":"Ribeira Funda","county":"Sal","ISO3166-2-lvl6":"CV-SL","country":"Cabo Verde","country_code":"cv"},"osm_type":"node","osm_id":2916296430,"type":"village","location":[-22.9462717,16.7642438],"bbox":[-22.9662717,16.7442438,-22.9262717,16.7842438]}
{"name":"Ribeira Grande","display_name":"Ribeira Grande, São Filipe, Cabo Verde","address":{"village":"Ribeira Grande","county":"São Filipe","ISO3166-2-lvl6":"CV-SF","country":"Cabo Verde","country_code":"cv"},"osm_type":"node","osm_id":9684672218,"type":"village","location":[-24.4765911,14.9587204],"bbox":[-24.4965911,14.9387204,-24.4565911,14.9787204]}
{"name":"Ribeira Ilhéu","display_name":"Ribeira Ilhéu, Mosteiros, 8110, Cabo Verde","address":{"village":"Ribeira Ilhéu","county":"Mosteiros","ISO3166-2-lvl6":"CV-MO","postcode":"8110","country":"Cabo Verde","country_code":"cv"},"osm_type":"node","osm_id":2049717054,"type":"village","location":[-24.3750339,15.0378827],"bbox":[-24.3950339,15.0178827,-24.3550339,15.0578827]}
{"name":"Ribeirão Chiqueiro","display_name":"Ribeirão Chiqueiro, São Domingos, 7515, Cabo Verde","address":{"village":"Ribeirão Chiqueiro","county":"São Domingos","ISO3166-2-lvl6":"CV-SD","postcode":"7515","country":"Cabo Verde","country_code":"cv"},"osm_type":"node","osm_id":254262161,"type":"village","location":[-23.5240708,15.0054661],"bbox":[-23.5440708,14.9854661,-23.5040708,15.0254661]}
{"name":"Ribeirão Manuel","display_name":"Ribeirão Manuel, Santa Catarina, Cabo Verde","address":{"village":"Ribeirão Manuel","county":"Santa Catarina","ISO3166-2-lvl6":"CV-CA","country":"Cabo Verde","country_code":"cv"},"osm_type":"way","osm_id":331855909,"type":"village","location":[-23.7020501487605,15.1102235],"bbox":[-23.7199472,15.1047186,-23.6982939,15.1163602]}
{"name":"Ribeirão","display_name":"Ribeirão, Ribeira Grande, 1139, Cabo Verde","address":{"village":"Ribeirão","county":"Ribeira Grande","ISO3166-2-lvl6":"CV-RG","postcode":"1139","country":"Cabo Verde","country_code":"cv"},"osm_type":"node","osm_id":4209890426,"type":"village","location":[-25.115663,17.1430167],"bbox":[-25.135663,17.1230167,-25.095663,17.1630167]}
{"name":"Rombado","display_name":"Rombado, Santa Catarina, Cabo Verde","address":{"village":"Rombado","county":"Santa Catarina","ISO3166-2-lvl6":"CV-CA","country":"Cabo Verde","country_code":"cv"},"osm_type":"node","osm_id":8543790213,"type":"village","location":[-23.7336328,15.1010844],"bbox":[-23.7536328,15.0810844,-23.7136328,15.1210844]}
{"name":"Rui Vaz","display_name":"Rui Vaz, São Domingos, 7425, Cabo Verde","address":{"village":"Rui Vaz","county":"São Domingos","ISO3166-2-lvl6":"CV-SD","postcode":"7425","country":"Cabo Verde","country_code":"cv"},"osm_type":"node","osm_id":1052379075,"type":"village","location":[-23.6009496,15.0348229],"bbox":[-23.6209496,15.0148229,-23.5809496,15.0548229]}
{"name":"Salamansa","display_name":"Salamansa, São Vicente, 2110, Cabo Verde","address":{"village":"Salamansa","county":"São Vicente","ISO3166-2-lvl6":"CV-SV","postcode":"2110","country":"Cabo Verde","country_code":"cv"},"osm_type":"node","osm_id":2075193072,"type":"village","location":[-24.9448384,16.9024927],"bbox":[-24.9648384,16.8824927,-24.9248384,16.9224927]}
{"name":"Salineiro","display_name":"Salineiro, Ribeira Grande de Santiago, 7629, Cabo Verde","address":{"village":"Salineiro","county":"Ribeira Grande de Santiago","ISO3166-2-lvl6":"CV-RS","postcode":"7629","country":"Cabo Verde","country_code":"cv"},"osm_type":"node","osm_id":253790915,"type":"village","location":[-23.6035175,14.9377044],"bbox":[-23.6235175,14.9177044,-23.5835175,14.9577044]}
{"name":"Salto","display_name":"Salto, São Filipe, Cabo Verde","address":{"village":"Salto","county":"São Filipe","ISO3166-2-lvl6":"CV-SF","country":"Cabo Verde","country_code":"cv"},"osm_type":"node","osm_id":911295194,"type":"village","location":[-24.3901864,14.8548874],"bbox":[-24.4101864,14.8348874,-24.3701864,14.8748874]}
{"name":"Sanharre","display_name":"Sanharre, Ribeira Grande de Santiago, 7629, Cabo Verde","address":{"village":"Sanharre","county":"Ribeira Grande de Santiago","ISO3166-2-lvl6":"CV-RS","postcode":"7629","country":"Cabo Verde","country_code":"cv"},"osm_type":"node","osm_id":7390368821,"type":"village","location":[-23.5711043,14.9370297],"bbox":[-23.5911043,14.9170297,-23.5511043,14.9570297]}
{"name":"Santa Ana","display_name":"Santa Ana, Ribeira Grande de Santiago, Cabo Verde","address":{"village":"Santa Ana","county":"Ribeira Grande de Santiago","ISO3166-2-lvl6":"CV-RS","country":"Cabo Verde","country_code":"cv"},"osm_type":"node","osm_id":7369572380,"type":"village","location":[-23.6363002,14.991005],"bbox":[-23.6563002,14.971005,-23.6163002,15.011005]}
{"name":"Santa Cruz","display_name":"Santa Cruz, 7410, Cabo Verde","address":{"village":"Santa Cruz","county":"Santa Cruz","ISO3166-2-lvl6":"CV-CR","postcode":"7410","country":"Cabo Verde","country_code":"cv"},"osm_type":"node","osm_id":1960676166,"type":"village","location":[-23.5576819,15.1323932],"bbox":[-23.5776819,15.1123932,-23.5376819,15.1523932],"border":{"name":"Santa Cruz","other_names":{"name:bg":"Санта Круз","name:br":"Santa Cruz","name:ca":"Santa Cruz","name:de":"Santa Cruz","name:el":"Δήμος Σάντα Κρουζ","name:es":"Municipio de Santa Cruz","name:fa":"سانتا کروز","name:fr":"Santa Cruz","name:id":"Santa Cruz","name:it":"Contea di Santa Cruz","name:ko":"산타크루스시","name:lt":"Santa Kruso savivaldybė","name:nl":"Santa Cruz","name:pl":"Santa Cruz","name:pt":"Santa Cruz","name:sv":"Concelho de Santa Cruz","name:uk":"Санта-Круз","name:ur":"سانتا کروز، کیپ ورڈی","name:zh":"聖克魯斯縣","name:ceb":"Santa Cruz","name:nds":"Santa Cruz","ISO3166-2":"CV-CR"},"display_name":"Santa Cruz, 7410, Cabo Verde","address":{"county":"Santa Cruz","ISO3166-2-lvl6":"CV-CR","postcode":"7410","country":"Cabo Verde","country_code":"cv"},"osm_type":"relation","osm_id":4021582,"type":"administrative","location":[-23.551816183402885,15.112842700000002],"bbox":[-23.6247982,15.0468205,-23.485682,15.1785832]}}
{"name":"Santo André","other_names":{"name:la":"Sanctus Andreas","name:pt":"Santo André"},"display_name":"Santo André, São Vicente, 2115, Cabo Verde","address":{"village":"Santo André","county":"São Vicente","ISO3166-2-lvl6":"CV-SV","postcode":"2115","country":"Cabo Verde","country_code":"cv"},"osm_type":"node","osm_id":5331610545,"type":"village","location":[-25.0703777,16.83124],"bbox":[-25.0903777,16.81124,-25.0503777,16.85124]}
{"name":"Santo António","display_name":"Santo António, Maio, Cabo Verde","address":{"village":"Santo António","county":"Maio","ISO3166-2-lvl6":"CV-MA","country":"Cabo Verde","country_code":"cv"},"osm_type":"node","osm_id":2452079677,"type":"village","location":[-23.1230088,15.2751226],"bbox":[-23.1430088,15.2551226,-23.1030088,15.2951226]}
{"name":"Santo António","display_name":"Santo António, São Filipe, Cabo Verde","address":{"village":"Santo António","county":"São Filipe","ISO3166-2-lvl6":"CV-SF","country":"Cabo Verde","country_code":"cv"},"osm_type":"node","osm_id":9684672219,"type":"village","location":[-24.4797025,14.9453903],"bbox":[-24.4997025,14.9253903,-24.4597025,14.9653903]}
{"name":"São João Ba(p)tista","display_name":"São João Ba(p)tista, Ribeira Grande de Santiago, Cabo Verde","address":{"village":"São João Ba(p)tista","county":"Ribeira Grande de Santiago","ISO3166-2-lvl6":"CV-RS","country":"Cabo Verde","country_code":"cv"},"osm_type":"node","osm_id":7335713672,"type":"village","location":[-23.6598455,14.9450793],"bbox":[-23.6798455,14.9250793,-23.6398455,14.9650793]}
{"name":"São João Baptista","display_name":"São João Baptista, Tarrafal de São Nicolau, 3121, Cabo Verde","address":{"village":"São João Baptista","county":"Tarrafal de São Nicolau","ISO3166-2-lvl6":"CV-TS","postcode":"3121","country":"Cabo Verde","country_code":"cv"},"osm_type":"node","osm_id":3255350461,"type":"village","location":[-24.3614844,16.5748214],"bbox":[-24.3814844,16.5548214,-24.3414844,16.5948214]}
{"name":"São Jorge dos Órgãos","display_name":"São Jorge dos Órgãos, São Lourenço dos Órgãos, 7425, Cabo Verde","address":{"village":"São Jorge dos Órgãos","county":"São Lourenço dos Órgãos","ISO3166-2-lvl6":"CV-SO","postcode":"7425","country":"Cabo Verde","country_code":"cv"},"osm_type":"node","osm_id":2073397290,"type":"village","location":[-23.6015506,15.0552026],"bbox":[-23.6215506,15.0352026,-23.5815506,15.0752026]}
{"name":"São Jorge","display_name":"São Jorge, São Filipe, Cabo Verde","address":{"village":"São Jorge","county":"São Filipe","ISO3166-2-lvl6":"CV-SF","country":"Cabo Verde","country_code":"cv"},"osm_type":"node","osm_id":2049717055,"type":"village","location":[-24.4276334,15.0128141],"bbox":[-24.4476334,14.9928141,-24.4076334,15.0328141]}
{"name":"São Lourenço","display_name":"São Lourenço, São Filipe, 8220, Cabo Verde","address":{"village":"São Lourenço","county":"São Filipe","ISO3166-2-lvl6":"CV-SF","postcode":"8220","country":"Cabo Verde","country_code":"cv"},"osm_type":"node","osm_id":2049768952,"type":"village","location":[-24.4687123,14.9358408],"bbox":[-24.4887123,14.9158408,-24.4487123,14.9558408],"border":{"name":"São Lourenço","display_name":"São Lourenço, São Filipe, Cabo Verde","address":{"city_district":"São Lourenço","county":"São Filipe","ISO3166-2-lvl6":"CV-SF","country":"Cabo Verde","country_code":"cv"},"osm_type":"relation","osm_id":6726509,"type":"administrative","location":[-24.43423286082513,14.97679875],"bbox":[-24.502089,14.9254914,-24.3684693,15.0287898]}}
{"name":"São Martinho Grande","display_name":"São Martinho Grande, Ribeira Grande de Santiago, 7629, Cabo Verde","address":{"village":"São Martinho Grande","county":"Ribeira Grande de Santiago","ISO3166-2-lvl6":"CV-RS","postcode":"7629","country":"Cabo Verde","country_code":"cv"},"osm_type":"node","osm_id":7319221530,"type":"village","location":[-23.5679785,14.9244038],"bbox":[-23.5879785,14.9044038,-23.5479785,14.9444038]}
{"name":"São Martinho Grande","display_name":"São Martinho Grande, Ribeira Grande de Santiago, 7629, Cabo Verde","address":{"village":"São Martinho Grande","county":"Ribeira Grande de Santiago","ISO3166-2-lvl6":"CV-RS","postcode":"7629","country":"Cabo Verde","country_code":"cv"},"osm_type":"node","osm_id":910651821,"type":"village","location":[-23.5685889,14.9251635],"bbox":[-23.5885889,14.9051635,-23.5485889,14.9451635]}
{"name":"São Martinho Pequeno","display_name":"São Martinho Pequeno, Praia, Cabo Verde","address":{"village":"São Martinho Pequeno","county":"Praia","ISO3166-2-lvl6":"CV-PR","country":"Cabo Verde","country_code":"cv"},"osm_type":"node","osm_id":2448229039,"type":"village","location":[-23.5631532,14.9452342],"bbox":[-23.5831532,14.9252342,-23.5431532,14.9652342]}
{"name":"São Pedro","display_name":"São Pedro, São Vicente, 2115, Cabo Verde","address":{"village":"São Pedro","county":"São Vicente","ISO3166-2-lvl6":"CV-SV","postcode":"2115","country":"Cabo Verde","country_code":"cv"},"osm_type":"node","osm_id":2032624546,"type":"village","location":[-25.0596637,16.8241537],"bbox":[-25.0796637,16.8041537,-25.0396637,16.8441537]}
{"name":"Serra Malagueta","display_name":"Serra Malagueta, Santa Catarina, Cabo Verde","address":{"village":"Serra Malagueta","county":"Santa Catarina","ISO3166-2-lvl6":"CV-CA","country":"Cabo Verde","country_code":"cv"},"osm_type":"node","osm_id":7076689300,"type":"village","location":[-23.6900704,15.1851215],"bbox":[-23.7100704,15.1651215,-23.6700704,15.2051215]}
{"name":"Serrado","display_name":"Serrado, São Filipe, Cabo Verde","address":{"village":"Serrado","county":"São Filipe","ISO3166-2-lvl6":"CV-SF","country":"Cabo Verde","country_code":"cv"},"osm_type":"node","osm_id":9684672220,"type":"village","location":[-24.4707117,14.9428817],"bbox":[-24.4907117,14.9228817,-24.4507117,14.9628817]}
{"name":"Sinagoga","display_name":"Sinagoga, Ribeira Grande, 1110, Cabo Verde","address":{"village":"Sinagoga","county":"Ribeira Grande","ISO3166-2-lvl6":"CV-RG","postcode":"1110","country":"Cabo Verde","country_code":"cv"},"osm_type":"node","osm_id":1990228734,"type":"village","location":[-25.0325249,17.1784297],"bbox":[-25.0525249,17.1584297,-25.0125249,17.1984297]}
{"name":"Sorno","display_name":"Sorno, Brava, 9110, Cabo Verde","address":{"village":"Sorno","county":"Brava","ISO3166-2-lvl6":"CV-BR","postcode":"9110","country":"Cabo Verde","country_code":"cv"},"osm_type":"node","osm_id":4679141234,"type":"village","location":[-24.7182487,14.8849634],"bbox":[-24.7382487,14.8649634,-24.6982487,14.9049634]}
{"name":"Tarrafal","display_name":"Tarrafal, Porto Novo, Cabo Verde","address":{"village":"Tarrafal","county":"Porto Novo","ISO3166-2-lvl6":"CV-PN","country":"Cabo Verde","country_code":"cv"},"osm_type":"node","osm_id":2068474138,"type":"village","location":[-25.3104658,16.9562714],"bbox":[-25.3304658,16.9362714,-25.2904658,16.9762714]}
{"name":"Tomba Toiro","display_name":"Tomba Toiro, Santa Catarina, Cabo Verde","address":{"village":"Tomba Toiro","county":"Santa Catarina","ISO3166-2-lvl6":"CV-CA","country":"Cabo Verde","country_code":"cv"},"osm_type":"node","osm_id":8085447075,"type":"village","location":[-23.7185719,15.1066679],"bbox":[-23.7385719,15.0866679,-23.6985719,15.1266679]}
{"name":"Trás os Montes","display_name":"Trás os Montes, Tarrafal, 7110, Cabo Verde","address":{"village":"Trás os Montes","town":"Tarrafal","county":"Tarrafal","ISO3166-2-lvl6":"CV-TA","postcode":"7110","country":"Cabo Verde","country_code":"cv"},"osm_type":"node","osm_id":6835683677,"type":"village","location":[-23.7140071,15.2945506],"bbox":[-23.7340071,15.2745506,-23.6940071,15.3145506]}
{"name":"Vale da Custa","display_name":"Vale da Custa, São Domingos, Cabo Verde","address":{"village":"Vale da Custa","county":"São Domingos","ISO3166-2-lvl6":"CV-SD","country":"Cabo Verde","country_code":"cv"},"osm_type":"node","osm_id":11177298655,"type":"village","location":[-23.4718577,14.9902436],"bbox":[-23.4918577,14.9702436,-23.4518577,15.0102436],"border":{"name":"Vale da Custa","display_name":"Vale da Custa, São Domingos, Cabo Verde","address":{"city_district":"Vale da Custa","county":"São Domingos","ISO3166-2-lvl6":"CV-SD","country":"Cabo Verde","country_code":"cv"},"osm_type":"relation","osm_id":16305039,"type":"administrative","location":[-23.47329305784675,14.9895484],"bbox":[-23.4815785,14.9844568,-23.4694087,14.9937985]}}
{"name":"Veneza","display_name":"Veneza, São Domingos, 7515, Cabo Verde","address":{"village":"Veneza","county":"São Domingos","ISO3166-2-lvl6":"CV-SD","postcode":"7515","country":"Cabo Verde","country_code":"cv"},"osm_type":"node","osm_id":8255534364,"type":"village","location":[-23.5379504,14.9855184],"bbox":[-23.5579504,14.9655184,-23.5179504,15.0055184]}
