{"name":"Achada Bela Costa","display_name":"Achada Bela Costa, Praia, 7600, Cabo Verde","address":{"hamlet":"Achada Bela Costa","city":"Praia","county":"Praia","ISO3166-2-lvl6":"CV-PR","postcode":"7600","country":"Cabo Verde","country_code":"cv"},"osm_type":"node","osm_id":11177357974,"type":"hamlet","location":[-23.4837222,14.9634769],"bbox":[-23.5037222,14.9434769,-23.4637222,14.9834769]}
{"name":"Achada Bilim","display_name":"Achada Bilim, Trás os Montes, Tarrafal, 7110, Cabo Verde","address":{"hamlet":"Achada Bilim","village":"Trás os Montes","county":"Tarrafal","ISO3166-2-lvl6":"CV-TA","postcode":"7110","country":"Cabo Verde","country_code":"cv"},"osm_type":"node","osm_id":7082783031,"type":"hamlet","location":[-23.7244918,15.3054475],"bbox":[-23.7444918,15.2854475,-23.7044918,15.3254475]}
{"name":"Achada Carreira","display_name":"Achada Carreira, Trás os Montes, Tarrafal, 7110, Cabo Verde","address":{"hamlet":"Achada Carreira","village":"Trás os Montes","county":"Tarrafal","ISO3166-2-lvl6":"CV-TA","postcode":"7110","country":"Cabo Verde","country_code":"cv"},"osm_type":"node","osm_id":7082782893,"type":"hamlet","location":[-23.7149056,15.2794248],"bbox":[-23.7349056,15.2594248,-23.6949056,15.2994248]}
{"name":"Achada das Pedras","display_name":"Achada das Pedras, Chã Cardoso, São Domingos, 7515, Cabo Verde","address":{"hamlet":"Achada das Pedras","village":"Chã Cardoso","county":"São Domingos","ISO3166-2-lvl6":"CV-SD","postcode":"7515","country":"Cabo Verde","country_code":"cv"},"osm_type":"node","osm_id":8264607810,"type":"hamlet","location":[-23.5505807,14.9891386],"bbox":[-23.5705807,14.9691386,-23.5305807,15.0091386]}
{"name":"Achada do Meio","display_name":"Achada do Meio, Tarrafal, Cabo Verde","address":{"hamlet":"Achada do Meio","county":"Tarrafal","ISO3166-2-lvl6":"CV-TA","country":"Cabo Verde","country_code":"cv"},"osm_type":"node","osm_id":3387444626,"type":"hamlet","location":[-23.7265431,15.1985454],"bbox":[-23.7465431,15.1785454,-23.7065431,15.2185454]}
{"name":"Achada Igreja","display_name":"Achada Igreja, Trás os Montes, Tarrafal, 7110, Cabo Verde","address":{"hamlet":"Achada Igreja","village":"Trás os Montes","county":"Tarrafal","ISO3166-2-lvl6":"CV-TA","postcode":"7110","country":"Cabo Verde","country_code":"cv"},"osm_type":"node","osm_id":7082782892,"type":"hamlet","location":[-23.7130196,15.2976757],"bbox":[-23.7330196,15.2776757,-23.6930196,15.3176757]}
{"name":"Achada Laje","display_name":"Achada Laje, Covão Sanchez, Santa Cruz, 7244, Cabo Verde","address":{"hamlet":"Achada Laje","village":"Covão Sanchez","county":"Santa Cruz","ISO3166-2-lvl6":"CV-CR","postcode":"7244","country":"Cabo Verde","country_code":"cv"},"osm_type":"node","osm_id":2686745163,"type":"hamlet","location":[-23.5760556,15.1653309],"bbox":[-23.5960556,15.1453309,-23.5560556,15.1853309]}
{"name":"Achada Leite","display_name":"Achada Leite, Santa Catarina, Cabo Verde","address":{"hamlet":"Achada Leite","county":"Santa Catarina","ISO3166-2-lvl6":"CV-CA","country":"Cabo Verde","country_code":"cv"},"osm_type":"node","osm_id":2509223308,"type":"hamlet","location":[-23.766603,15.1163219],"bbox":[-23.786603,15.0963219,-23.746603,15.1363219]}
{"name":"Achada Lem","display_name":"Achada Lem, Lem Martim, Santa Catarina, 7310, Cabo Verde","address":{"hamlet":"Achada Lem","village":"Lem Martim","county":"Santa Catarina","ISO3166-2-lvl6":"CV-CA","postcode":"7310","country":"Cabo Verde","country_code":"cv"},"osm_type":"node","osm_id":1960646519,"type":"hamlet","location":[-23.6777451,15.1386698],"bbox":[-23.6977451,15.1186698,-23.6577451,15.1586698]}
{"name":"Achada Lengueira","display_name":"Achada Lengueira, Cutelo, Tarrafal, Cabo Verde","address":{"hamlet":"Achada Lengueira","village":"Cutelo","county":"Tarrafal","ISO3166-2-lvl6":"CV-TA","country":"Cabo Verde","country_code":"cv"},"osm_type":"node","osm_id":2443155299,"type":"hamlet","location":[-23.7155409,15.2319851],"bbox":[-23.7355409,15.2119851,-23.6955409,15.2519851]}
{"name":"Achada Mentirosa","display_name":"Achada Mentirosa, São Lourenço, Laranjeiro, São Filipe, Cabo Verde","address":{"hamlet":"Achada Mentirosa","city_district":"São Lourenço","village":"Laranjeiro","county":"São Filipe","ISO3166-2-lvl6":"CV-SF","country":"Cabo Verde","country_code":"cv"},"osm_type":"node","osm_id":4526440349,"type":"hamlet","location":[-24.4676154,14.976542],"bbox":[-24.4876154,14.956542,-24.4476154,14.996542]}
{"name":"Achada Pizara","display_name":"Achada Pizara, Calheta de São Miguel, São Miguel, 7215, Cabo Verde","address":{"hamlet":"Achada Pizara","town":"Calheta de São Miguel","county":"São Miguel","ISO3166-2-lvl6":"CV-SM","postcode":"7215","country":"Cabo Verde","country_code":"cv"},"osm_type":"node","osm_id":7600319525,"type":"hamlet","location":[-23.58693,15.178601],"bbox":[-23.60693,15.158601,-23.56693,15.198601]}
{"name":"Água das Caldeiras","display_name":"Água das Caldeiras, Agua das Caldeiras, Ribeira Grande, 1310, Cabo Verde","address":{"hamlet":"Água das Caldeiras","village":"Agua das Caldeiras","county":"Ribeira Grande","ISO3166-2-lvl6":"CV-RG","postcode":"1310","country":"Cabo Verde","country_code":"cv"},"osm_type":"node","osm_id":7508217087,"type":"hamlet","location":[-25.0677481,17.1069927],"bbox":[-25.0877481,17.0869927,-25.0477481,17.1269927]}
{"name":"Água das Patas","display_name":"Água das Patas, Cachaço, Nossa Senhora do Rosário, Ribeira Brava, 3120, Cabo Verde","address":{"hamlet":"Água das Patas","village":"Cachaço","municipality":"Nossa Senhora do Rosário","county":"Ribeira Brava","ISO3166-2-lvl6":"CV-RB","postcode":"3120","country":"Cabo Verde","country_code":"cv"},"osm_type":"node","osm_id":11146258020,"type":"hamlet","location":[-24.3258145,16.6192501],"bbox":[-24.3458145,16.5992501,-24.3058145,16.6392501]}
{"name":"Aguada de Janela","display_name":"Aguada de Janela, Paul, Cabo Verde","address":{"hamlet":"Aguada de Janela","county":"Paul","ISO3166-2-lvl6":"CV-PA","country":"Cabo Verde","country_code":"cv"},"osm_type":"node","osm_id":6443518177,"type":"hamlet","location":[-24.983716,17.091129],"bbox":[-25.003716,17.071129,-24.963716,17.111129]}
{"name":"Aguada","display_name":"Aguada, Ribeira Grande, 1310, Cabo Verde","address":{"hamlet":"Aguada","county":"Ribeira Grande","ISO3166-2-lvl6":"CV-RG","postcode":"1310","country":"Cabo Verde","country_code":"cv"},"osm_type":"node","osm_id":4209912565,"type":"hamlet","location":[-25.1149765,17.1139692],"bbox":[-25.1349765,17.0939692,-25.0949765,17.1339692]}
{"name":"Aldeia Roçadas","display_name":"Aldeia Roçadas, Dacabalaio, Santa Catarina do Fogo, 8235, Cabo Verde","address":{"hamlet":"Aldeia Roçadas","village":"Dacabalaio","county":"Santa Catarina do Fogo","ISO3166-2-lvl6":"CV-CF","postcode":"8235","country":"Cabo Verde","country_code":"cv"},"osm_type":"node","osm_id":911295175,"type":"hamlet","location":[-24.3332636,14.8557275],"bbox":[-24.3532636,14.8357275,-24.3132636,14.8757275]}
{"name":"Aleixo Gomes","display_name":"Aleixo Gomes, São Lourenço, Lomba, São Filipe, Cabo Verde","address":{"hamlet":"Aleixo Gomes","city_district":"São Lourenço","village":"Lomba","county":"São Filipe","ISO3166-2-lvl6":"CV-SF","country":"Cabo Verde","country_code":"cv"},"osm_type":"node","osm_id":9734856456,"type":"hamlet","location":[-24.4437251,14.9627968],"bbox":[-24.4637251,14.9427968,-24.4237251,14.9827968]}
{"name":"Alfarroba","display_name":"Alfarroba, Ribeira Grande de Santiago, Cabo Verde","address":{"hamlet":"Alfarroba","county":"Ribeira Grande de Santiago","ISO3166-2-lvl6":"CV-RS","country":"Cabo Verde","country_code":"cv"},"osm_type":"node","osm_id":7364505907,"type":"hamlet","location":[-23.6696975,14.9731188],"bbox":[-23.6896975,14.9531188,-23.6496975,14.9931188]}
{"name":"Alfarrobeira","display_name":"Alfarrobeira, Nossa Senhora da Conceição, Forno, São Filipe, Cabo Verde","address":{"hamlet":"Alfarrobeira","city_district":"Nossa Senhora da Conceição","village":"Forno","county":"São Filipe","ISO3166-2-lvl6":"CV-SF","country":"Cabo Verde","country_code":"cv"},"osm_type":"node","osm_id":12000419623,"type":"hamlet","location":[-24.4380946,14.8887442],"bbox":[-24.4580946,14.8687442,-24.4180946,14.9087442]}
{"name":"Assomada","display_name":"Assomada, Trás os Montes, Tarrafal, 7110, Cabo Verde","address":{"hamlet":"Assomada","village":"Trás os Montes","county":"Tarrafal","ISO3166-2-lvl6":"CV-TA","postcode":"7110","country":"Cabo Verde","country_code":"cv"},"osm_type":"node","osm_id":7082782895,"type":"hamlet","location":[-23.717986,15.3029226],"bbox":[-23.737986,15.2829226,-23.697986,15.3229226]}
{"name":"Atalaia","display_name":"Atalaia, Mosteiros, Cabo Verde","address":{"hamlet":"Atalaia","county":"Mosteiros","ISO3166-2-lvl6":"CV-MO","country":"Cabo Verde","country_code":"cv"},"osm_type":"node","osm_id":6323181572,"type":"hamlet","location":[-24.3918133,15.0258843],"bbox":[-24.4118133,15.0058843,-24.3718133,15.0458843]}
{"name":"Baboso","display_name":"Baboso, Porto Novo, Cabo Verde","address":{"hamlet":"Baboso","county":"Porto Novo","ISO3166-2-lvl6":"CV-PN","country":"Cabo Verde","country_code":"cv"},"osm_type":"node","osm_id":8829813242,"type":"hamlet","location":[-25.1950979,16.9895144],"bbox":[-25.2150979,16.9695144,-25.1750979,17.0095144]}
{"name":"Bairro Alto","display_name":"Bairro Alto, Janela, Paul, 7630, Cabo Verde","address":{"hamlet":"Bairro Alto","village":"Janela","county":"Paul","ISO3166-2-lvl6":"CV-PA","postcode":"7630","country":"Cabo Verde","country_code":"cv"},"osm_type":"node","osm_id":9823009203,"type":"hamlet","location":[-24.997936,17.1184597],"bbox":[-25.017936,17.0984597,-24.977936,17.1384597]}
{"name":"Baluarte de Baixo","display_name":"Baluarte de Baixo, Cutelo Cruz, Santa Catarina do Fogo, 8235, Cabo Verde","address":{"hamlet":"Baluarte de Baixo","village":"Cutelo Cruz","county":"Santa Catarina do Fogo","ISO3166-2-lvl6":"CV-CF","postcode":"8235","country":"Cabo Verde","country_code":"cv"},"osm_type":"node","osm_id":911295193,"type":"hamlet","location":[-24.2952923,14.8836452],"bbox":[-24.3152923,14.8636452,-24.2752923,14.9036452]}
{"name":"Banana","display_name":"Banana, São Domingos, 7515, Cabo Verde","address":{"hamlet":"Banana","town":"São Domingos","county":"São Domingos","ISO3166-2-lvl6":"CV-SD","postcode":"7515","country":"Cabo Verde","country_code":"cv"},"osm_type":"node","osm_id":8236726573,"type":"hamlet","location":[-23.5550077,15.0500328],"bbox":[-23.5750077,15.0300328,-23.5350077,15.0700328]}
{"name":"Banda Riba","display_name":"Banda Riba, Barreiro, Maio, Cabo Verde","address":{"hamlet":"Banda Riba","village":"Barreiro","county":"Maio","ISO3166-2-lvl6":"CV-MA","country":"Cabo Verde","country_code":"cv"},"osm_type":"node","osm_id":7085256919,"type":"hamlet","location":[-23.1601029,15.138182],"bbox":[-23.1801029,15.118182,-23.1401029,15.158182]}
{"name":"Belém","display_name":"Belém, Ribeira Grande de Santiago, Cabo Verde","address":{"hamlet":"Belém","county":"Ribeira Grande de Santiago","ISO3166-2-lvl6":"CV-RS","country":"Cabo Verde","country_code":"cv"},"osm_type":"node","osm_id":2448225004,"type":"hamlet","location":[-23.6565661,14.9970247],"bbox":[-23.6765661,14.9770247,-23.6365661,15.0170247]}
{"name":"Boa Entrada","display_name":"Boa Entrada, Assomada (Santa Catarina), Santa Catarina, 7310, Cabo Verde","address":{"hamlet":"Boa Entrada","town":"Assomada (Santa Catarina)","county":"Santa Catarina","ISO3166-2-lvl6":"CV-CA","postcode":"7310","country":"Cabo Verde","country_code":"cv"},"osm_type":"node","osm_id":6561147117,"type":"hamlet","location":[-23.6689528,15.1093312],"bbox":[-23.6889528,15.0893312,-23.6489528,15.1293312]}
{"name":"Boca Cavouco","display_name":"Boca Cavouco, Boca di Figueiral, Paul, 7630, Cabo Verde","address":{"hamlet":"Boca Cavouco","village":"Boca di Figueiral","county":"Paul","ISO3166-2-lvl6":"CV-PA","postcode":"7630","country":"Cabo Verde","country_code":"cv"},"osm_type":"node","osm_id":6215878362,"type":"hamlet","location":[-25.0273689,17.1398542],"bbox":[-25.0473689,17.1198542,-25.0073689,17.1598542]}
{"name":"Boca de João Afonso","display_name":"Boca de João Afonso, Ribeirão, Ribeira Grande, 1139, Cabo Verde","address":{"hamlet":"Boca de João Afonso","village":"Ribeirão","county":"Ribeira Grande","ISO3166-2-lvl6":"CV-RG","postcode":"1139","country":"Cabo Verde","country_code":"cv"},"osm_type":"node","osm_id":4203535018,"type":"hamlet","location":[-25.1057341,17.1444543],"bbox":[-25.1257341,17.1244543,-25.0857341,17.1644543]}
{"name":"Boca Larga","display_name":"Boca Larga, São Lourenço, Ponta Verde, São Filipe, Cabo Verde","address":{"hamlet":"Boca Larga","city_district":"São Lourenço","village":"Ponta Verde","county":"São Filipe","ISO3166-2-lvl6":"CV-SF","country":"Cabo Verde","country_code":"cv"},"osm_type":"node","osm_id":911829693,"type":"hamlet","location":[-24.4539401,14.982486],"bbox":[-24.4739401,14.962486,-24.4339401,15.002486]}
{"name":"Bofareira","display_name":"Bofareira, Boa Vista, Cabo Verde","address":{"hamlet":"Bofareira","county":"Boa Vista","ISO3166-2-lvl6":"CV-BV","country":"Cabo Verde","country_code":"cv"},"osm_type":"node","osm_id":1809158800,"type":"hamlet","location":[-22.8224288,16.1854111],"bbox":[-22.8424288,16.1654111,-22.8024288,16.2054111]}
{"name":"Bombardeiro","display_name":"Bombardeiro, Assomada (Santa Catarina), Santa Catarina, 7310, Cabo Verde","address":{"hamlet":"Bombardeiro","town":"Assomada (Santa Catarina)","county":"Santa Catarina","ISO3166-2-lvl6":"CV-CA","postcode":"7310","country":"Cabo Verde","country_code":"cv"},"osm_type":"node","osm_id":8807509725,"type":"hamlet","location":[-23.6774176,15.084928],"bbox":[-23.6974176,15.064928,-23.6574176,15.104928]}
{"name":"Cabeça de Figueiral","display_name":"Cabeça de Figueiral, Lombinho, Paul, 1210, Cabo Verde","address":{"hamlet":"Cabeça de Figueiral","village":"Lombinho","county":"Paul","ISO3166-2-lvl6":"CV-PA","postcode":"1210","country":"Cabo Verde","country_code":"cv"},"osm_type":"node","osm_id":1964396543,"type":"hamlet","location":[-25.041505,17.122049],"bbox":[-25.061505,17.102049,-25.021505,17.142049]}
{"name":"Cabeça de Tarafes","display_name":"Cabeça de Tarafes, Boa Vista, 5129, Cabo Verde","address":{"hamlet":"Cabeça de Tarafes","county":"Boa Vista","ISO3166-2-lvl6":"CV-BV","postcode":"5129","country":"Cabo Verde","country_code":"cv"},"osm_type":"node","osm_id":1809220691,"type":"hamlet","location":[-22.7249048,16.1237906],"bbox":[-22.7449048,16.1037906,-22.7049048,16.1437906]}
{"name":"Cabeça Fundão","display_name":"Cabeça Fundão, Santa Catarina do Fogo, Cabo Verde","address":{"hamlet":"Cabeça Fundão","county":"Santa Catarina do Fogo","ISO3166-2-lvl6":"CV-CF","country":"Cabo Verde","country_code":"cv"},"osm_type":"node","osm_id":911295166,"type":"hamlet","location":[-24.3453892,14.9046862],"bbox":[-24.3653892,14.8846862,-24.3253892,14.9246862]}
{"name":"Cabeção Monte","display_name":"Cabeção Monte, Nossa Senhora da Conceição, Cisterno, São Filipe, Cabo Verde","address":{"hamlet":"Cabeção Monte","city_district":"Nossa Senhora da Conceição","village":"Cisterno","county":"São Filipe","ISO3166-2-lvl6":"CV-SF","country":"Cabo Verde","country_code":"cv"},"osm_type":"node","osm_id":9714594165,"type":"hamlet","location":[-24.435513,14.9192894],"bbox":[-24.455513,14.8992894,-24.415513,14.9392894]}
{"name":"Cabocan","display_name":"Cabocan, Santa Maria, Sal, 4111, Cabo Verde","address":{"hamlet":"Cabocan","town":"Santa Maria","county":"Sal","ISO3166-2-lvl6":"CV-SL","postcode":"4111","country":"Cabo Verde","country_code":"cv"},"osm_type":"node","osm_id":249203740,"type":"hamlet","location":[-22.9231513,16.6140275],"bbox":[-22.9431513,16.5940275,-22.9031513,16.6340275]}
{"name":"Cambujana","display_name":"Cambujana, Praia, 7600, Cabo Verde","address":{"hamlet":"Cambujana","city":"Praia","county":"Praia","ISO3166-2-lvl6":"CV-PR","postcode":"7600","country":"Cabo Verde","country_code":"cv"},"osm_type":"node","osm_id":11784035016,"type":"hamlet","location":[-23.5521425,14.9786609],"bbox":[-23.5721425,14.9586609,-23.5321425,14.9986609]}
{"name":"Campanas de Cima","display_name":"Campanas de Cima, São Lourenço, São Filipe, Cabo Verde","address":{"hamlet":"Campanas de Cima","city_district":"São Lourenço","county":"São Filipe","ISO3166-2-lvl6":"CV-SF","country":"Cabo Verde","country_code":"cv"},"osm_type":"node","osm_id":7342437058,"type":"hamlet","location":[-24.3982433,15.0049795],"bbox":[-24.4182433,14.9849795,-24.3782433,15.0249795]}
{"name":"Casa Branca","display_name":"Casa Branca, Santa Catarina do Fogo, Cabo Verde","address":{"hamlet":"Casa Branca","county":"Santa Catarina do Fogo","ISO3166-2-lvl6":"CV-CF","country":"Cabo Verde","country_code":"cv"},"osm_type":"node","osm_id":911829731,"type":"hamlet","location":[-24.3539662,14.9017011],"bbox":[-24.3739662,14.8817011,-24.3339662,14.9217011]}
{"name":"Casa Branca","display_name":"Casa Branca, Santa Cruz, 7215, Cabo Verde","address":{"hamlet":"Casa Branca","county":"Santa Cruz","ISO3166-2-lvl6":"CV-CR","postcode":"7215","country":"Cabo Verde","country_code":"cv"},"osm_type":"node","osm_id":8341336034,"type":"hamlet","location":[-23.5965933,15.1544723],"bbox":[-23.6165933,15.1344723,-23.5765933,15.1744723]}
{"name":"Casa Padá","display_name":"Casa Padá, Cidade do Maio, Maio, Cabo Verde","address":{"hamlet":"Casa Padá","town":"Cidade do Maio","county":"Maio","ISO3166-2-lvl6":"CV-MA","country":"Cabo Verde","country_code":"cv"},"osm_type":"node","osm_id":3243332114,"type":"hamlet","location":[-23.1927082,15.143521],"bbox":[-23.2127082,15.123521,-23.1727082,15.163521]}
{"name":"Cerrado","display_name":"Cerrado, Nossa Senhora da Conceição, São Lourenço, São Filipe, Cabo Verde","address":{"hamlet":"Cerrado","city_district":"Nossa Senhora da Conceição","village":"São Lourenço","county":"São Filipe","ISO3166-2-lvl6":"CV-SF","country":"Cabo Verde","country_code":"cv"},"osm_type":"node","osm_id":9759716988,"type":"hamlet","location":[-24.4578738,14.9278875],"bbox":[-24.4778738,14.9078875,-24.4378738,14.9478875]}
{"name":"Chã de Fazenda","display_name":"Chã de Fazenda, Paul, 1210, Cabo Verde","address":{"hamlet":"Chã de Fazenda","county":"Paul","ISO3166-2-lvl6":"CV-PA","postcode":"1210","country":"Cabo Verde","country_code":"cv"},"osm_type":"node","osm_id":7097821832,"type":"hamlet","location":[-25.0527137,17.117695],"bbox":[-25.0727137,17.097695,-25.0327137,17.137695]}
{"name":"Chã de Feijoal","display_name":"Chã de Feijoal, Porto Novo, Cabo Verde","address":{"hamlet":"Chã de Feijoal","county":"Porto Novo","ISO3166-2-lvl6":"CV-PN","country":"Cabo Verde","country_code":"cv"},"osm_type":"node","osm_id":4223804454,"type":"hamlet","location":[-25.2552953,17.0544124],"bbox":[-25.2752953,17.0344124,-25.2352953,17.0744124]}
{"name":"Chã de Manuel dos Santos","display_name":"Chã de Manuel dos Santos, Lombinho, Paul, 1210, Cabo Verde","address":{"hamlet":"Chã de Manuel dos Santos","village":"Lombinho","county":"Paul","ISO3166-2-lvl6":"CV-PA","postcode":"1210","country":"Cabo Verde","country_code":"cv"},"osm_type":"node","osm_id":7097845577,"type":"hamlet","location":[-25.0523865,17.1202994],"bbox":[-25.0723865,17.1002994,-25.0323865,17.1402994]}
{"name":"Chã de Monte","display_name":"Chã de Monte, São Lourenço, Renque, São Filipe, Cabo Verde","address":{"hamlet":"Chã de Monte","city_district":"São Lourenço","village":"Renque","county":"São Filipe","ISO3166-2-lvl6":"CV-SF","country":"Cabo Verde","country_code":"cv"},"osm_type":"node","osm_id":4526459677,"type":"hamlet","location":[-24.4574224,14.9448964],"bbox":[-24.4774224,14.9248964,-24.4374224,14.9648964]}
{"name":"Chã de Padre","display_name":"Chã de Padre, Paul, 1210, Cabo Verde","address":{"hamlet":"Chã de Padre","county":"Paul","ISO3166-2-lvl6":"CV-PA","postcode":"1210","country":"Cabo Verde","country_code":"cv"},"osm_type":"node","osm_id":1955888138,"type":"hamlet","location":[-25.0488693,17.115235],"bbox":[-25.0688693,17.095235,-25.0288693,17.135235]}
{"name":"Chã Larga","display_name":"Chã Larga, São Domingos, 7515, Cabo Verde","address":{"hamlet":"Chã Larga","town":"São Domingos","county":"São Domingos","ISO3166-2-lvl6":"CV-SD","postcode":"7515","country":"Cabo Verde","country_code":"cv"},"osm_type":"node","osm_id":11817144930,"type":"hamlet","location":[-23.5624625,15.0041438],"bbox":[-23.5824625,14.9841438,-23.5424625,15.0241438]}
{"name":"Chã Quenta","display_name":"Chã Quenta, Santa Cruz, 7215, Cabo Verde","address":{"hamlet":"Chã Quenta","county":"Santa Cruz","ISO3166-2-lvl6":"CV-CR","postcode":"7215","country":"Cabo Verde","country_code":"cv"},"osm_type":"node","osm_id":8341336020,"type":"hamlet","location":[-23.6089334,15.1512366],"bbox":[-23.6289334,15.1312366,-23.5889334,15.1712366]}
{"name":"Chão de Cana","display_name":"Chão de Cana, Assomada (Santa Catarina), Santa Catarina, 7310, Cabo Verde","address":{"hamlet":"Chão de Cana","town":"Assomada (Santa Catarina)","county":"Santa Catarina","ISO3166-2-lvl6":"CV-CA","postcode":"7310","country":"Cabo Verde","country_code":"cv"},"osm_type":"node","osm_id":8205787903,"type":"hamlet","location":[-23.6733819,15.0826937],"bbox":[-23.6933819,15.0626937,-23.6533819,15.1026937]}
{"name":"Chão de Horta","display_name":"Chão de Horta, Principal, São Miguel, Cabo Verde","address":{"hamlet":"Chão de Horta","village":"Principal","county":"São Miguel","ISO3166-2-lvl6":"CV-SM","country":"Cabo Verde","country_code":"cv"},"osm_type":"node","osm_id":7076689289,"type":"hamlet","location":[-23.6761655,15.200465],"bbox":[-23.6961655,15.180465,-23.6561655,15.220465]}
{"name":"Chão de Laranja","display_name":"Chão de Laranja, Santa Catarina, Cabo Verde","address":{"hamlet":"Chão de Laranja","county":"Santa Catarina","ISO3166-2-lvl6":"CV-CA","country":"Cabo Verde","country_code":"cv"},"osm_type":"node","osm_id":8568554885,"type":"hamlet","location":[-23.6507007,15.149842],"bbox":[-23.6707007,15.129842,-23.6307007,15.169842]}
{"name":"Chão Formoso","display_name":"Chão Formoso, Santa Catarina, 7329, Cabo Verde","address":{"hamlet":"Chão Formoso","county":"Santa Catarina","ISO3166-2-lvl6":"CV-CA","postcode":"7329","country":"Cabo Verde","country_code":"cv"},"osm_type":"node","osm_id":8914232490,"type":"hamlet","location":[-23.6256571,15.1229969],"bbox":[-23.6456571,15.1029969,-23.6056571,15.1429969]}
{"name":"Chão Gomes","display_name":"Chão Gomes, Santa Catarina, 7310, Cabo Verde","address":{"hamlet":"Chão Gomes","county":"Santa Catarina","ISO3166-2-lvl6":"CV-CA","postcode":"7310","country":"Cabo Verde","country_code":"cv"},"osm_type":"node","osm_id":8025414399,"type":"hamlet","location":[-23.6529061,15.1254362],"bbox":[-23.6729061,15.1054362,-23.6329061,15.1454362]}
{"name":"Chão Grande","display_name":"Chão Grande, Santa Cruz, 7215, Cabo Verde","address":{"hamlet":"Chão Grande","county":"Santa Cruz","ISO3166-2-lvl6":"CV-CR","postcode":"7215","country":"Cabo Verde","country_code":"cv"},"osm_type":"node","osm_id":8341336022,"type":"hamlet","location":[-23.6036631,15.152022],"bbox":[-23.6236631,15.132022,-23.5836631,15.172022]}
{"name":"Chão Grande","display_name":"Chão Grande, Trás os Montes, Tarrafal, 7110, Cabo Verde","address":{"hamlet":"Chão Grande","village":"Trás os Montes","county":"Tarrafal","ISO3166-2-lvl6":"CV-TA","postcode":"7110","country":"Cabo Verde","country_code":"cv"},"osm_type":"node","osm_id":7082783139,"type":"hamlet","location":[-23.7183787,15.2919479],"bbox":[-23.7383787,15.2719479,-23.6983787,15.3119479]}
{"name":"Chão Riba","display_name":"Chão Riba, Gomgom, São Miguel, Cabo Verde","address":{"hamlet":"Chão Riba","village":"Gomgom","county":"São Miguel","ISO3166-2-lvl6":"CV-SM","country":"Cabo Verde","country_code":"cv"},"osm_type":"node","osm_id":7076689303,"type":"hamlet","location":[-23.6652095,15.1969644],"bbox":[-23.6852095,15.1769644,-23.6452095,15.2169644]}
{"display_name":"Cidade das Pombas, Paul, 7630, Cabo Verde","address":{"town":"Cidade das Pombas","county":"Paul","ISO3166-2-lvl6":"CV-PA","postcode":"7630","country":"Cabo Verde","country_code":"cv"},"osm_type":"node","osm_id":9472322334,"type":"hamlet","location":[-25.0076174,17.1372389],"bbox":[-25.0276174,17.1172389,-24.9876174,17.1572389]}
{"name":"Cidreira","display_name":"Cidreira, Nossa Senhora da Conceição, Cisterno, São Filipe, Cabo Verde","address":{"hamlet":"Cidreira","city_district":"Nossa Senhora da Conceição","village":"Cisterno","county":"São Filipe","ISO3166-2-lvl6":"CV-SF","country":"Cabo Verde","country_code":"cv"},"osm_type":"node","osm_id":911829682,"type":"hamlet","location":[-24.4307549,14.9248832],"bbox":[-24.4507549,14.9048832,-24.4107549,14.9448832]}
{"name":"Cigana","display_name":"Cigana, Ribeira Brava, Nossa Senhora do Rosário, Ribeira Brava, 3120, Cabo Verde","address":{"hamlet":"Cigana","city_district":"Cigana","town":"Ribeira Brava","municipality":"Nossa Senhora do Rosário","county":"Ribeira Brava","ISO3166-2-lvl6":"CV-RB","postcode":"3120","country":"Cabo Verde","country_code":"cv"},"osm_type":"node","osm_id":11146255814,"type":"hamlet","location":[-24.3043958,16.6164872],"bbox":[-24.3243958,16.5964872,-24.2843958,16.6364872],"border":{"name":"Cigana","display_name":"Cigana, Nossa Senhora do Rosário, Ribeira Brava, Cabo Verde","address":{"city_district":"Cigana","municipality":"Nossa Senhora do Rosário","county":"Ribeira Brava","ISO3166-2-lvl6":"CV-RB","country":"Cabo Verde","country_code":"cv"},"osm_type":"relation","osm_id":16245346,"type":"administrative","location":[-24.304020681415707,16.616920999999998],"bbox":[-24.3048813,16.6154788,-24.302539,16.6182223]}}
{"name":"Concurrao","display_name":"Concurrao, Ponta Lobrão, Tarrafal, 7110, Cabo Verde","address":{"hamlet":"Concurrao","village":"Ponta Lobrão","county":"Tarrafal","ISO3166-2-lvl6":"CV-TA","postcode":"7110","country":"Cabo Verde","country_code":"cv"},"osm_type":"node","osm_id":12673280257,"type":"hamlet","location":[-23.7113203,15.3067812],"bbox":[-23.7313203,15.2867812,-23.6913203,15.3267812]}
{"name":"Corela","display_name":"Corela, Assomada (Santa Catarina), Santa Catarina, 7310, Cabo Verde","address":{"hamlet":"Corela","town":"Assomada (Santa Catarina)","county":"Santa Catarina","ISO3166-2-lvl6":"CV-CA","postcode":"7310","country":"Cabo Verde","country_code":"cv"},"osm_type":"node","osm_id":8205448557,"type":"hamlet","location":[-23.6757941,15.0732451],"bbox":[-23.6957941,15.0532451,-23.6557941,15.0932451]}
{"name":"Coruja","display_name":"Coruja, Principal, São Miguel, Cabo Verde","address":{"hamlet":"Coruja","village":"Principal","county":"São Miguel","ISO3166-2-lvl6":"CV-SM","country":"Cabo Verde","country_code":"cv"},"osm_type":"node","osm_id":7076689291,"type":"hamlet","location":[-23.6811745,15.1979027],"bbox":[-23.7011745,15.1779027,-23.6611745,15.2179027]}
{"name":"Corvo","display_name":"Corvo, Fontainhas, Ribeira Grande, 1120, Cabo Verde","address":{"hamlet":"Corvo","village":"Fontainhas","county":"Ribeira Grande","ISO3166-2-lvl6":"CV-RG","postcode":"1120","country":"Cabo Verde","country_code":"cv"},"osm_type":"node","osm_id":1972671561,"type":"hamlet","location":[-25.1103948,17.1909484],"bbox":[-25.1303948,17.1709484,-25.0903948,17.2109484]}
{"name":"Cova Furtado","display_name":"Cova Furtado, Assomada (Santa Catarina), Santa Catarina, 7310, Cabo Verde","address":{"hamlet":"Cova Furtado","town":"Assomada (Santa Catarina)","county":"Santa Catarina","ISO3166-2-lvl6":"CV-CA","postcode":"7310","country":"Cabo Verde","country_code":"cv"},"osm_type":"node","osm_id":8025414394,"type":"hamlet","location":[-23.669581,15.1210889],"bbox":[-23.689581,15.1010889,-23.649581,15.1410889]}
{"name":"Cova Matinho","display_name":"Cova Matinho, Santa Catarina do Fogo, 8235, Cabo Verde","address":{"hamlet":"Cova Matinho","county":"Santa Catarina do Fogo","ISO3166-2-lvl6":"CV-CF","postcode":"8235","country":"Cabo Verde","country_code":"cv"},"osm_type":"node","osm_id":911295169,"type":"hamlet","location":[-24.2947105,14.9189182],"bbox":[-24.3147105,14.8989182,-24.2747105,14.9389182]}
{"name":"Cova Romeira","display_name":"Cova Romeira, Nossa Senhora da Conceição, Boca Larga, São Filipe, Cabo Verde","address":{"hamlet":"Cova Romeira","city_district":"Nossa Senhora da Conceição","village":"Boca Larga","county":"São Filipe","ISO3166-2-lvl6":"CV-SF","country":"Cabo Verde","country_code":"cv"},"osm_type":"node","osm_id":911829695,"type":"hamlet","location":[-24.3958161,14.8801078],"bbox":[-24.4158161,14.8601078,-24.3758161,14.9001078]}
{"name":"Covão de Guelha","display_name":"Covão de Guelha, Chã Cardoso, São Domingos, 7515, Cabo Verde","address":{"hamlet":"Covão de Guelha","village":"Chã Cardoso","county":"São Domingos","ISO3166-2-lvl6":"CV-SD","postcode":"7515","country":"Cabo Verde","country_code":"cv"},"osm_type":"node","osm_id":11816734403,"type":"hamlet","location":[-23.5555285,15.0017993],"bbox":[-23.5755285,14.9817993,-23.5355285,15.0217993]}
{"name":"Covão Grande","display_name":"Covão Grande, São Salvador do Mundo, 7310, Cabo Verde","address":{"hamlet":"Covão Grande","county":"São Salvador do Mundo","ISO3166-2-lvl6":"CV-SS","postcode":"7310","country":"Cabo Verde","country_code":"cv"},"osm_type":"node","osm_id":8220460565,"type":"hamlet","location":[-23.6483462,15.0968958],"bbox":[-23.6683462,15.0768958,-23.6283462,15.1168958]}
{"name":"Covão","display_name":"Covão, São Domingos, 7515, Cabo Verde","address":{"hamlet":"Covão","town":"São Domingos","county":"São Domingos","ISO3166-2-lvl6":"CV-SD","postcode":"7515","country":"Cabo Verde","country_code":"cv"},"osm_type":"node","osm_id":8236788827,"type":"hamlet","location":[-23.5643688,15.0462705],"bbox":[-23.5843688,15.0262705,-23.5443688,15.0662705]}
{"name":"Coxo","display_name":"Coxo, Cutelo Cruz, Santa Catarina do Fogo, 8235, Cabo Verde","address":{"hamlet":"Coxo","village":"Cutelo Cruz","county":"Santa Catarina do Fogo","ISO3166-2-lvl6":"CV-CF","postcode":"8235","country":"Cabo Verde","country_code":"cv"},"osm_type":"node","osm_id":911295185,"type":"hamlet","location":[-24.2951375,14.8794055],"bbox":[-24.3151375,14.8594055,-24.2751375,14.8994055]}
{"name":"Coxo","display_name":"Coxo, Nossa Senhora da Conceição, São Filipe, Cabo Verde","address":{"hamlet":"Coxo","city_district":"Nossa Senhora da Conceição","county":"São Filipe","ISO3166-2-lvl6":"CV-SF","country":"Cabo Verde","country_code":"cv"},"osm_type":"node","osm_id":9759756770,"type":"hamlet","location":[-24.4518603,14.9285143],"bbox":[-24.4718603,14.9085143,-24.4318603,14.9485143]}
{"name":"Cruz","display_name":"Cruz, Figueira das Naus, Santa Catarina, Cabo Verde","address":{"hamlet":"Cruz","village":"Figueira das Naus","county":"Santa Catarina","ISO3166-2-lvl6":"CV-CA","country":"Cabo Verde","country_code":"cv"},"osm_type":"node","osm_id":8111903330,"type":"hamlet","location":[-23.7270171,15.1776008],"bbox":[-23.7470171,15.1576008,-23.7070171,15.1976008]}
{"name":"Curral Grande","display_name":"Curral Grande, São Lourenço, Italiano, São Filipe, Cabo Verde","address":{"hamlet":"Curral Grande","city_district":"São Lourenço","village":"Italiano","county":"São Filipe","ISO3166-2-lvl6":"CV-SF","country":"Cabo Verde","country_code":"cv"},"osm_type":"node","osm_id":4526468344,"type":"hamlet","location":[-24.4558966,14.9600401],"bbox":[-24.4758966,14.9400401,-24.4358966,14.9800401]}
{"name":"Cutela Costa","display_name":"Cutela Costa, João Teves, São Lourenço dos Órgãos, 7329, Cabo Verde","address":{"hamlet":"Cutela Costa","town":"João Teves","county":"São Lourenço dos Órgãos","ISO3166-2-lvl6":"CV-SO","postcode":"7329","country":"Cabo Verde","country_code":"cv"},"osm_type":"node","osm_id":7984820206,"type":"hamlet","location":[-23.6053474,15.0880291],"bbox":[-23.6253474,15.0680291,-23.5853474,15.1080291]}
{"name":"Cutelo Branco","display_name":"Cutelo Branco, Tarrafal, Cabo Verde","address":{"hamlet":"Cutelo Branco","county":"Tarrafal","ISO3166-2-lvl6":"CV-TA","country":"Cabo Verde","country_code":"cv"},"osm_type":"node","osm_id":8404255485,"type":"hamlet","location":[-23.740052,15.2077107],"bbox":[-23.760052,15.1877107,-23.720052,15.2277107]}
{"name":"Cutelo Capado","display_name":"Cutelo Capado, Santa Catarina do Fogo, Cabo Verde","address":{"hamlet":"Cutelo Capado","county":"Santa Catarina do Fogo","ISO3166-2-lvl6":"CV-CF","country":"Cabo Verde","country_code":"cv"},"osm_type":"node","osm_id":911295181,"type":"hamlet","location":[-24.2959008,14.9364098],"bbox":[-24.3159008,14.9164098,-24.2759008,14.9564098]}
{"name":"Cutelo Fernando","display_name":"Cutelo Fernando, João Teves, São Lourenço dos Órgãos, 7425, Cabo Verde","address":{"hamlet":"Cutelo Fernando","town":"João Teves","county":"São Lourenço dos Órgãos","ISO3166-2-lvl6":"CV-SO","postcode":"7425","country":"Cabo Verde","country_code":"cv"},"osm_type":"node","osm_id":7972623935,"type":"hamlet","location":[-23.5969093,15.0821271],"bbox":[-23.6169093,15.0621271,-23.5769093,15.1021271]}
{"name":"Cutelo","display_name":"Cutelo, Gomgom, São Miguel, Cabo Verde","address":{"hamlet":"Cutelo","village":"Gomgom","county":"São Miguel","ISO3166-2-lvl6":"CV-SM","country":"Cabo Verde","country_code":"cv"},"osm_type":"node","osm_id":7076689305,"type":"hamlet","location":[-23.6672479,15.2009537],"bbox":[-23.6872479,15.1809537,-23.6472479,15.2209537]}
{"name":"Cutelo","display_name":"Cutelo, Nossa Senhora da Conceição, Forno, São Filipe, 8220, Cabo Verde","address":{"hamlet":"Cutelo","city_district":"Nossa Senhora da Conceição","village":"Forno","county":"São Filipe","ISO3166-2-lvl6":"CV-SF","postcode":"8220","country":"Cabo Verde","country_code":"cv"},"osm_type":"node","osm_id":6395247996,"type":"hamlet","location":[-24.447251,14.8901257],"bbox":[-24.467251,14.8701257,-24.427251,14.9101257]}
{"name":"Cutelo","display_name":"Cutelo, Nossa Senhora da Conceição, São Filipe, 8220, Cabo Verde","address":{"hamlet":"Cutelo","city_district":"Nossa Senhora da Conceição","county":"São Filipe","ISO3166-2-lvl6":"CV-SF","postcode":"8220","country":"Cabo Verde","country_code":"cv"},"osm_type":"node","osm_id":9709227363,"type":"hamlet","location":[-24.4703913,14.9178847],"bbox":[-24.4903913,14.8978847,-24.4503913,14.9378847]}
{"name":"Cutelo","display_name":"Cutelo, São Miguel, Cabo Verde","address":{"hamlet":"Cutelo","county":"São Miguel","ISO3166-2-lvl6":"CV-SM","country":"Cabo Verde","country_code":"cv"},"osm_type":"node","osm_id":8568554887,"type":"hamlet","location":[-23.6494176,15.1702135],"bbox":[-23.6694176,15.1502135,-23.6294176,15.1902135]}
{"name":"Dinis Eanes","display_name":"Dinis Eanes, São Lourenço, Serrado, São Filipe, Cabo Verde","address":{"hamlet":"Dinis Eanes","city_district":"São Lourenço","village":"Serrado","county":"São Filipe","ISO3166-2-lvl6":"CV-SF","country":"Cabo Verde","country_code":"cv"},"osm_type":"node","osm_id":9692813559,"type":"hamlet","location":[-24.4688492,14.9503706],"bbox":[-24.4888492,14.9303706,-24.4488492,14.9703706]}
{"name":"Djabe","display_name":"Djabe, Santa Catarina, 7329, Cabo Verde","address":{"hamlet":"Djabe","county":"Santa Catarina","ISO3166-2-lvl6":"CV-CA","postcode":"7329","country":"Cabo Verde","country_code":"cv"},"osm_type":"node","osm_id":8914232488,"type":"hamlet","location":[-23.6317,15.1153991],"bbox":[-23.6517,15.0953991,-23.6117,15.1353991]}
{"name":"Dobe","display_name":"Dobe, São Domingos, Cabo Verde","address":{"hamlet":"Dobe","county":"São Domingos","ISO3166-2-lvl6":"CV-SD","country":"Cabo Verde","country_code":"cv"},"osm_type":"node","osm_id":7666882200,"type":"hamlet","location":[-23.4672399,15.0252617],"bbox":[-23.4872399,15.0052617,-23.4472399,15.0452617]}
{"name":"Domingos","display_name":"Domingos, São Lourenço, Mira Mira, São Filipe, Cabo Verde","address":{"hamlet":"Domingos","city_district":"São Lourenço","village":"Mira Mira","county":"São Filipe","ISO3166-2-lvl6":"CV-SF","country":"Cabo Verde","country_code":"cv"},"osm_type":"node","osm_id":9734856453,"type":"hamlet","location":[-24.4403991,14.9770897],"bbox":[-24.4603991,14.9570897,-24.4203991,14.9970897]}
{"name":"Entre Picos de Reda","display_name":"Entre Picos de Reda, Santa Catarina, Cabo Verde","address":{"hamlet":"Entre Picos de Reda","county":"Santa Catarina","ISO3166-2-lvl6":"CV-CA","country":"Cabo Verde","country_code":"cv"},"osm_type":"node","osm_id":8108903558,"type":"hamlet","location":[-23.7072448,15.045763],"bbox":[-23.7272448,15.025763,-23.6872448,15.065763]}
{"name":"Entre Picos","display_name":"Entre Picos, Assomada (Santa Catarina), Santa Catarina, 7310, Cabo Verde","address":{"hamlet":"Entre Picos","town":"Assomada (Santa Catarina)","county":"Santa Catarina","ISO3166-2-lvl6":"CV-CA","postcode":"7310","country":"Cabo Verde","country_code":"cv"},"osm_type":"node","osm_id":8914196910,"type":"hamlet","location":[-23.6539921,15.1133166],"bbox":[-23.6739921,15.0933166,-23.6339921,15.1333166]}
{"name":"Estância de baixo","display_name":"Estância de baixo, Boa Vista, 0235, Cabo Verde","address":{"hamlet":"Estância de baixo","county":"Boa Vista","ISO3166-2-lvl6":"CV-BV","postcode":"0235","country":"Cabo Verde","country_code":"cv"},"osm_type":"node","osm_id":1809220684,"type":"hamlet","location":[-22.8746633,16.1386783],"bbox":[-22.8946633,16.1186783,-22.8546633,16.1586783]}
{"name":"Estrela","display_name":"Estrela, Ribeirão, Ribeira Grande, 1139, Cabo Verde","address":{"hamlet":"Estrela","village":"Ribeirão","county":"Ribeira Grande","ISO3166-2-lvl6":"CV-RG","postcode":"1139","country":"Cabo Verde","country_code":"cv"},"osm_type":"node","osm_id":4209890425,"type":"hamlet","location":[-25.1178653,17.1407655],"bbox":[-25.1378653,17.1207655,-25.0978653,17.1607655]}
{"name":"Fajã de Baixa","display_name":"Fajã de Baixa, Fajã de Cima, Nossa Senhora da Lapa, Ribeira Brava, 3120, Cabo Verde","address":{"hamlet":"Fajã de Baixa","village":"Fajã de Cima","municipality":"Nossa Senhora da Lapa","county":"Ribeira Brava","ISO3166-2-lvl6":"CV-RB","postcode":"3120","country":"Cabo Verde","country_code":"cv"},"osm_type":"node","osm_id":6957970970,"type":"hamlet","location":[-24.3190208,16.6511838],"bbox":[-24.3390208,16.6311838,-24.2990208,16.6711838]}
{"name":"Fajã de baixo","display_name":"Fajã de baixo, Coculi, Ribeira Grande, 1139, Cabo Verde","address":{"hamlet":"Fajã de baixo","town":"Coculi","county":"Ribeira Grande","ISO3166-2-lvl6":"CV-RG","postcode":"1139","country":"Cabo Verde","country_code":"cv"},"population":10,"osm_type":"node","osm_id":4242716981,"type":"hamlet","location":[-25.0725293,17.1429815],"bbox":[-25.0925293,17.1229815,-25.0525293,17.1629815]}
{"name":"Fajã de Matos","display_name":"Fajã de Matos, Manta Velha, Ribeira Grande, Cabo Verde","address":{"hamlet":"Fajã de Matos","village":"Manta Velha","county":"Ribeira Grande","ISO3166-2-lvl6":"CV-RG","country":"Cabo Verde","country_code":"cv"},"osm_type":"node","osm_id":8294413220,"type":"hamlet","location":[-25.1609763,17.1191169],"bbox":[-25.1809763,17.0991169,-25.1409763,17.1391169]}
{"name":"Fajã Domingas Benta","display_name":"Fajã Domingas Benta, Coculi, Ribeira Grande, 1139, Cabo Verde","address":{"hamlet":"Fajã Domingas Benta","town":"Coculi","county":"Ribeira Grande","ISO3166-2-lvl6":"CV-RG","postcode":"1139","country":"Cabo Verde","country_code":"cv"},"osm_type":"node","osm_id":4642395999,"type":"hamlet","location":[-25.0718501,17.1531931],"bbox":[-25.0918501,17.1331931,-25.0518501,17.1731931]}
{"name":"Faleiro Rendeiro","display_name":"Faleiro Rendeiro, São Domingos, 7515, Cabo Verde","address":{"hamlet":"Faleiro Rendeiro","town":"São Domingos","county":"São Domingos","ISO3166-2-lvl6":"CV-SD","postcode":"7515","country":"Cabo Verde","country_code":"cv"},"osm_type":"node","osm_id":8236726574,"type":"hamlet","location":[-23.5595891,15.0498432],"bbox":[-23.5795891,15.0298432,-23.5395891,15.0698432]}
{"name":"Feital","display_name":"Feital, Figueira das Naus, Santa Catarina, Cabo Verde","address":{"hamlet":"Feital","village":"Figueira das Naus","county":"Santa Catarina","ISO3166-2-lvl6":"CV-CA","country":"Cabo Verde","country_code":"cv"},"osm_type":"node","osm_id":8404255474,"type":"hamlet","location":[-23.7336005,15.187645],"bbox":[-23.7536005,15.167645,-23.7136005,15.207645]}
{"name":"Figueira Branca","display_name":"Figueira Branca, São Domingos, 7515, Cabo Verde","address":{"hamlet":"Figueira Branca","town":"São Domingos","county":"São Domingos","ISO3166-2-lvl6":"CV-SD","postcode":"7515","country":"Cabo Verde","country_code":"cv"},"osm_type":"node","osm_id":8267023244,"type":"hamlet","location":[-23.5663474,15.0314701],"bbox":[-23.5863474,15.0114701,-23.5463474,15.0514701]}
{"name":"Figueira da Horta","display_name":"Figueira da Horta, Maio, Cabo Verde","address":{"hamlet":"Figueira da Horta","village":"Figueira da Horta","county":"Maio","ISO3166-2-lvl6":"CV-MA","country":"Cabo Verde","country_code":"cv"},"osm_type":"node","osm_id":7085257243,"type":"hamlet","location":[-23.1515582,15.1597077],"bbox":[-23.1715582,15.1397077,-23.1315582,15.1797077]}
{"name":"Figueira Seca","display_name":"Figueira Seca, Figueira da Horta, Maio, Cabo Verde","address":{"hamlet":"Figueira Seca","village":"Figueira da Horta","county":"Maio","ISO3166-2-lvl6":"CV-MA","country":"Cabo Verde","country_code":"cv"},"osm_type":"node","osm_id":7085257242,"type":"hamlet","location":[-23.1448847,15.1558583],"bbox":[-23.1648847,15.1358583,-23.1248847,15.1758583]}
{"name":"Figueiral de Cima","display_name":"Figueiral de Cima, Coculi, Ribeira Grande, 1139, Cabo Verde","address":{"hamlet":"Figueiral de Cima","town":"Coculi","county":"Ribeira Grande","ISO3166-2-lvl6":"CV-RG","postcode":"1139","country":"Cabo Verde","country_code":"cv"},"osm_type":"node","osm_id":4209890423,"type":"hamlet","location":[-25.1003779,17.1492337],"bbox":[-25.1203779,17.1292337,-25.0803779,17.1692337]}
{"name":"Figueiras da Cima","display_name":"Figueiras da Cima, Ribeira Grande, Cabo Verde","address":{"hamlet":"Figueiras da Cima","county":"Ribeira Grande","ISO3166-2-lvl6":"CV-RG","country":"Cabo Verde","country_code":"cv"},"osm_type":"node","osm_id":7325778413,"type":"hamlet","location":[-25.1992808,17.1173691],"bbox":[-25.2192808,17.0973691,-25.1792808,17.1373691]}
{"name":"Figueiras de Baixo","display_name":"Figueiras de Baixo, Ribeira Grande, Cabo Verde","address":{"hamlet":"Figueiras de Baixo","county":"Ribeira Grande","ISO3166-2-lvl6":"CV-RG","country":"Cabo Verde","country_code":"cv"},"osm_type":"node","osm_id":7325778414,"type":"hamlet","location":[-25.2118305,17.1393975],"bbox":[-25.2318305,17.1193975,-25.1918305,17.1593975]}
{"name":"Figueirinha","display_name":"Figueirinha, São Domingos, 7515, Cabo Verde","address":{"hamlet":"Figueirinha","town":"São Domingos","county":"São Domingos","ISO3166-2-lvl6":"CV-SD","postcode":"7515","country":"Cabo Verde","country_code":"cv"},"osm_type":"node","osm_id":8283444994,"type":"hamlet","location":[-23.5787797,15.047918],"bbox":[-23.5987797,15.027918,-23.5587797,15.067918]}
{"name":"Figueirona","display_name":"Figueirona, Principal, São Miguel, Cabo Verde","address":{"hamlet":"Figueirona","village":"Principal","county":"São Miguel","ISO3166-2-lvl6":"CV-SM","country":"Cabo Verde","country_code":"cv"},"osm_type":"node","osm_id":8201127714,"type":"hamlet","location":[-23.6839015,15.1894029],"bbox":[-23.7039015,15.1694029,-23.6639015,15.2094029]}
{"name":"Fonte Cabrito","display_name":"Fonte Cabrito, Dacabalaio, Santa Catarina do Fogo, 8235, Cabo Verde","address":{"hamlet":"Fonte Cabrito","village":"Dacabalaio","county":"Santa Catarina do Fogo","ISO3166-2-lvl6":"CV-CF","postcode":"8235","country":"Cabo Verde","country_code":"cv"},"osm_type":"node","osm_id":911295167,"type":"hamlet","location":[-24.3223628,14.860047],"bbox":[-24.3423628,14.840047,-24.3023628,14.880047]}
{"name":"Fontes Acima","display_name":"Fontes Acima, Chã Cardoso, São Domingos, 7515, Cabo Verde","address":{"hamlet":"Fontes Acima","village":"Chã Cardoso","county":"São Domingos","ISO3166-2-lvl6":"CV-SD","postcode":"7515","country":"Cabo Verde","country_code":"cv"},"osm_type":"node","osm_id":11816346142,"type":"hamlet","location":[-23.5531666,15.0076196],"bbox":[-23.5731666,14.9876196,-23.5331666,15.0276196]}
{"name":"Formiguinhas","display_name":"Formiguinhas, Coculi, Ribeira Grande, 1139, Cabo Verde","address":{"hamlet":"Formiguinhas","town":"Coculi","county":"Ribeira Grande","ISO3166-2-lvl6":"CV-RG","postcode":"1139","country":"Cabo Verde","country_code":"cv"},"osm_type":"node","osm_id":2552296562,"type":"hamlet","location":[-25.1201987,17.189946],"bbox":[-25.1401987,17.169946,-25.1001987,17.209946]}
{"name":"Frade","display_name":"Frade, Principal, São Miguel, Cabo Verde","address":{"hamlet":"Frade","village":"Principal","county":"São Miguel","ISO3166-2-lvl6":"CV-SM","country":"Cabo Verde","country_code":"cv"},"osm_type":"node","osm_id":7076689294,"type":"hamlet","location":[-23.6553504,15.2130232],"bbox":[-23.6753504,15.1930232,-23.6353504,15.2330232]}
{"name":"Galeão","display_name":"Galeão, João Teves, São Lourenço dos Órgãos, 7425, Cabo Verde","address":{"hamlet":"Galeão","town":"João Teves","county":"São Lourenço dos Órgãos","ISO3166-2-lvl6":"CV-SO","postcode":"7425","country":"Cabo Verde","country_code":"cv"},"osm_type":"node","osm_id":7972623936,"type":"hamlet","location":[-23.5977033,15.0784702],"bbox":[-23.6177033,15.0584702,-23.5777033,15.0984702]}
{"name":"Gégé","display_name":"Gégé, Santa Catarina, 7310, Cabo Verde","address":{"hamlet":"Gégé","county":"Santa Catarina","ISO3166-2-lvl6":"CV-CA","postcode":"7310","country":"Cabo Verde","country_code":"cv"},"osm_type":"node","osm_id":8205448558,"type":"hamlet","location":[-23.6755091,15.0683299],"bbox":[-23.6955091,15.0483299,-23.6555091,15.0883299]}
{"name":"Gelandré","display_name":"Gelandré, Santa Cruz, Cabo Verde","address":{"hamlet":"Gelandré","county":"Santa Cruz","ISO3166-2-lvl6":"CV-CR","country":"Cabo Verde","country_code":"cv"},"osm_type":"node","osm_id":910651798,"type":"hamlet","location":[-23.5081253,15.061737],"bbox":[-23.5281253,15.041737,-23.4881253,15.081737]}
{"name":"Goiaba","display_name":"Goiaba, Picos, São Salvador do Mundo, 7329, Cabo Verde","address":{"hamlet":"Goiaba","village":"Picos","county":"São Salvador do Mundo","ISO3166-2-lvl6":"CV-SS","postcode":"7329","country":"Cabo Verde","country_code":"cv"},"osm_type":"node","osm_id":8220453163,"type":"hamlet","location":[-23.636712,15.0885357],"bbox":[-23.656712,15.0685357,-23.616712,15.1085357]}
{"name":"Gomes","display_name":"Gomes, São Miguel, Cabo Verde","address":{"hamlet":"Gomes","county":"São Miguel","ISO3166-2-lvl6":"CV-SM","country":"Cabo Verde","country_code":"cv"},"osm_type":"node","osm_id":8568554886,"type":"hamlet","location":[-23.6473234,15.1696217],"bbox":[-23.6673234,15.1496217,-23.6273234,15.1896217]}
{"name":"Guincho","display_name":"Guincho, Corvo, Mosteiros, 8110, Cabo Verde","address":{"hamlet":"Guincho","village":"Corvo","county":"Mosteiros","ISO3166-2-lvl6":"CV-MO","postcode":"8110","country":"Cabo Verde","country_code":"cv"},"osm_type":"node","osm_id":9221143872,"type":"hamlet","location":[-24.3035931,15.0056722],"bbox":[-24.3235931,14.9856722,-24.2835931,15.0256722]}
{"name":"Hortas","display_name":"Hortas, São Lourenço, Ribeira Grande, São Filipe, Cabo Verde","address":{"hamlet":"Hortas","city_district":"São Lourenço","village":"Ribeira Grande","county":"São Filipe","ISO3166-2-lvl6":"CV-SF","country":"Cabo Verde","country_code":"cv"},"osm_type":"node","osm_id":4526447221,"type":"hamlet","location":[-24.4741686,14.9647642],"bbox":[-24.4941686,14.9447642,-24.4541686,14.9847642]}
{"name":"Hortelão","display_name":"Hortelão, Principal, São Miguel, Cabo Verde","address":{"hamlet":"Hortelão","village":"Principal","county":"São Miguel","ISO3166-2-lvl6":"CV-SM","country":"Cabo Verde","country_code":"cv"},"osm_type":"node","osm_id":2481138376,"type":"hamlet","location":[-23.6573616,15.2127974],"bbox":[-23.6773616,15.1927974,-23.6373616,15.2327974]}
{"name":"Ilhéu de Lapa","display_name":"Ilhéu de Lapa, Nossa Senhora da Conceição, Monte Grande, São Filipe, Cabo Verde","address":{"hamlet":"Ilhéu de Lapa","city_district":"Nossa Senhora da Conceição","village":"Monte Grande","county":"São Filipe","ISO3166-2-lvl6":"CV-SF","country":"Cabo Verde","country_code":"cv"},"osm_type":"node","osm_id":911829737,"type":"hamlet","location":[-24.4123157,14.8969634],"bbox":[-24.4323157,14.8769634,-24.3923157,14.9169634]}
{"name":"Ilhéu de Monte Grande","display_name":"Ilhéu de Monte Grande, Nossa Senhora da Conceição, Monte Grande, São Filipe, Cabo Verde","address":{"hamlet":"Ilhéu de Monte Grande","city_district":"Nossa Senhora da Conceição","village":"Monte Grande","county":"São Filipe","ISO3166-2-lvl6":"CV-SF","country":"Cabo Verde","country_code":"cv"},"osm_type":"node","osm_id":911829714,"type":"hamlet","location":[-24.4164069,14.900378],"bbox":[-24.4364069,14.880378,-24.3964069,14.920378]}
{"name":"Inhuco","display_name":"Inhuco, São Lourenço, Cisterno, São Filipe, Cabo Verde","address":{"hamlet":"Inhuco","city_district":"São Lourenço","village":"Cisterno","county":"São Filipe","ISO3166-2-lvl6":"CV-SF","country":"Cabo Verde","country_code":"cv"},"osm_type":"node","osm_id":911829708,"type":"hamlet","location":[-24.4429437,14.9383509],"bbox":[-24.4629437,14.9183509,-24.4229437,14.9583509]}
{"name":"Japluma","display_name":"Japluma, Lem Martim, Santa Catarina, 7310, Cabo Verde","address":{"hamlet":"Japluma","village":"Lem Martim","county":"Santa Catarina","ISO3166-2-lvl6":"CV-CA","postcode":"7310","country":"Cabo Verde","country_code":"cv"},"osm_type":"node","osm_id":7649775776,"type":"hamlet","location":[-23.6709809,15.1291449],"bbox":[-23.6909809,15.1091449,-23.6509809,15.1491449]}
{"name":"Jaquetão","other_names":{"name:pt":"Jaquetão","alt_name":"Jaqueitão"},"display_name":"Jaquetão, Principal, São Miguel, Cabo Verde","address":{"hamlet":"Jaquetão","village":"Principal","county":"São Miguel","ISO3166-2-lvl6":"CV-SM","country":"Cabo Verde","country_code":"cv"},"osm_type":"node","osm_id":7076689292,"type":"hamlet","location":[-23.6754485,15.2019564],"bbox":[-23.6954485,15.1819564,-23.6554485,15.2219564]}
{"name":"João Bom","display_name":"João Bom, Praia, 7600, Cabo Verde","address":{"hamlet":"João Bom","city":"Praia","county":"Praia","ISO3166-2-lvl6":"CV-PR","postcode":"7600","country":"Cabo Verde","country_code":"cv"},"osm_type":"node","osm_id":8245788275,"type":"hamlet","location":[-23.5548106,14.9744623],"bbox":[-23.5748106,14.9544623,-23.5348106,14.9944623]}
{"name":"João d'Nole","display_name":"João d'Nole, Nova Sintra, Brava, 9110, Cabo Verde","address":{"hamlet":"João d'Nole","town":"Nova Sintra","county":"Brava","ISO3166-2-lvl6":"CV-BR","postcode":"9110","country":"Cabo Verde","country_code":"cv"},"osm_type":"node","osm_id":7846936750,"type":"hamlet","location":[-24.6954105,14.8651932],"bbox":[-24.7154105,14.8451932,-24.6754105,14.8851932]}
{"name":"João de Bento","display_name":"João de Bento, Chã de Ribeirãozinho, Porto Novo, Cabo Verde","address":{"hamlet":"João de Bento","village":"Chã de Ribeirãozinho","county":"Porto Novo","ISO3166-2-lvl6":"CV-PN","country":"Cabo Verde","country_code":"cv"},"osm_type":"node","osm_id":10054130709,"type":"hamlet","location":[-25.1968317,17.0584727],"bbox":[-25.2168317,17.0384727,-25.1768317,17.0784727]}
{"name":"João Galego","display_name":"João Galego, Boa Vista, 5129, Cabo Verde","address":{"hamlet":"João Galego","county":"Boa Vista","ISO3166-2-lvl6":"CV-BV","postcode":"5129","country":"Cabo Verde","country_code":"cv"},"osm_type":"node","osm_id":1809220713,"type":"hamlet","location":[-22.7438466,16.1508854],"bbox":[-22.7638466,16.1308854,-22.7238466,16.1708854]}
{"name":"Junta","display_name":"Junta, Boca di Figueiral, Paul, 1210, Cabo Verde","address":{"hamlet":"Junta","village":"Boca di Figueiral","county":"Paul","ISO3166-2-lvl6":"CV-PA","postcode":"1210","country":"Cabo Verde","country_code":"cv"},"osm_type":"node","osm_id":1955849222,"type":"hamlet","location":[-25.0350664,17.1312118],"bbox":[-25.0550664,17.1112118,-25.0150664,17.1512118]}
{"name":"Lagoa","display_name":"Lagoa, Fajã d' Água, Brava, 9110, Cabo Verde","address":{"hamlet":"Lagoa","village":"Fajã d' Água","county":"Brava","ISO3166-2-lvl6":"CV-BR","postcode":"9110","country":"Cabo Verde","country_code":"cv"},"osm_type":"node","osm_id":7826339416,"type":"hamlet","location":[-24.7241008,14.8687095],"bbox":[-24.7441008,14.8487095,-24.7041008,14.8887095]}
{"name":"Lagoa","display_name":"Lagoa, Tarrafal, Cabo Verde","address":{"hamlet":"Lagoa","county":"Tarrafal","ISO3166-2-lvl6":"CV-TA","country":"Cabo Verde","country_code":"cv"},"osm_type":"node","osm_id":8201143225,"type":"hamlet","location":[-23.6890206,15.207643],"bbox":[-23.7090206,15.187643,-23.6690206,15.227643]}
{"name":"Lagoinha","display_name":"Lagoinha, Ribeira Grande, 1310, Cabo Verde","address":{"hamlet":"Lagoinha","county":"Ribeira Grande","ISO3166-2-lvl6":"CV-RG","postcode":"1310","country":"Cabo Verde","country_code":"cv"},"osm_type":"node","osm_id":2505174601,"type":"hamlet","location":[-25.1162058,17.0951406],"bbox":[-25.1362058,17.0751406,-25.0962058,17.1151406]}
{"name":"Laranginha","display_name":"Laranginha, Assomada (Santa Catarina), Santa Catarina, 7310, Cabo Verde","address":{"hamlet":"Laranginha","town":"Assomada (Santa Catarina)","county":"Santa Catarina","ISO3166-2-lvl6":"CV-CA","postcode":"7310","country":"Cabo Verde","country_code":"cv"},"osm_type":"node","osm_id":8205672107,"type":"hamlet","location":[-23.6827071,15.0759907],"bbox":[-23.7027071,15.0559907,-23.6627071,15.0959907]}
{"name":"Lavadura","display_name":"Lavadura, Nossa Senhora do Monte, Brava, 9110, Cabo Verde","address":{"hamlet":"Lavadura","village":"Nossa Senhora do Monte","county":"Brava","ISO3166-2-lvl6":"CV-BR","postcode":"9110","country":"Cabo Verde","country_code":"cv"},"osm_type":"node","osm_id":7826339424,"type":"hamlet","location":[-24.7228877,14.8653336],"bbox":[-24.7428877,14.8453336,-24.7028877,14.8853336]}
{"name":"Lem Gomes","display_name":"Lem Gomes, Calheta de São Miguel, São Miguel, 7215, Cabo Verde","address":{"hamlet":"Lem Gomes","town":"Calheta de São Miguel","county":"São Miguel","ISO3166-2-lvl6":"CV-SM","postcode":"7215","country":"Cabo Verde","country_code":"cv"},"osm_type":"node","osm_id":7013313931,"type":"hamlet","location":[-23.6129034,15.1611096],"bbox":[-23.6329034,15.1411096,-23.5929034,15.1811096]}
{"name":"Lem Sancho","display_name":"Lem Sancho, João Varela, Ribeira Grande de Santiago, 7629, Cabo Verde","address":{"hamlet":"Lem Sancho","village":"João Varela","county":"Ribeira Grande de Santiago","ISO3166-2-lvl6":"CV-RS","postcode":"7629","country":"Cabo Verde","country_code":"cv"},"osm_type":"node","osm_id":7394248366,"type":"hamlet","location":[-23.5817585,14.9499314],"bbox":[-23.6017585,14.9299314,-23.5617585,14.9699314]}
{"name":"Lem Silva","display_name":"Lem Silva, Lem Martim, Santa Catarina, Cabo Verde","address":{"hamlet":"Lem Silva","village":"Lem Martim","county":"Santa Catarina","ISO3166-2-lvl6":"CV-CA","country":"Cabo Verde","country_code":"cv"},"osm_type":"node","osm_id":8366738168,"type":"hamlet","location":[-23.6889765,15.1529172],"bbox":[-23.7089765,15.1329172,-23.6689765,15.1729172]}
{"name":"Lém Tavares","display_name":"Lém Tavares, Calheta, Maio, 1234, Cabo Verde","address":{"hamlet":"Lém Tavares","town":"Calheta","county":"Maio","ISO3166-2-lvl6":"CV-MA","postcode":"1234","country":"Cabo Verde","country_code":"cv"},"osm_type":"node","osm_id":7085257326,"type":"hamlet","location":[-23.209414,15.2277921],"bbox":[-23.229414,15.2077921,-23.189414,15.2477921]}
{"name":"Lima Doce","display_name":"Lima Doce, Mato, Brava, 9110, Cabo Verde","address":{"hamlet":"Lima Doce","village":"Mato","county":"Brava","ISO3166-2-lvl6":"CV-BR","postcode":"9110","country":"Cabo Verde","country_code":"cv"},"osm_type":"node","osm_id":6355293871,"type":"hamlet","location":[-24.7090058,14.8552987],"bbox":[-24.7290058,14.8352987,-24.6890058,14.8752987]}
{"name":"Limoeiro","display_name":"Limoeiro, Santa Catarina, 7215, Cabo Verde","address":{"hamlet":"Limoeiro","county":"Santa Catarina","ISO3166-2-lvl6":"CV-CA","postcode":"7215","country":"Cabo Verde","country_code":"cv"},"osm_type":"node","osm_id":8341297600,"type":"hamlet","location":[-23.6194465,15.1465758],"bbox":[-23.6394465,15.1265758,-23.5994465,15.1665758]}
{"name":"Lin d' Corvo","display_name":"Lin d' Corvo, Espongeiro, Ribeira Grande, 1310, Cabo Verde","address":{"hamlet":"Lin d' Corvo","village":"Espongeiro","county":"Ribeira Grande","ISO3166-2-lvl6":"CV-RG","postcode":"1310","country":"Cabo Verde","country_code":"cv"},"osm_type":"node","osm_id":4172404309,"type":"hamlet","location":[-25.0892819,17.1114471],"bbox":[-25.1092819,17.0914471,-25.0692819,17.1314471]}
{"name":"Locotano","display_name":"Locotano, Serra Malagueta, Santa Catarina, Cabo Verde","address":{"hamlet":"Locotano","village":"Serra Malagueta","county":"Santa Catarina","ISO3166-2-lvl6":"CV-CA","country":"Cabo Verde","country_code":"cv"},"osm_type":"node","osm_id":7076689301,"type":"hamlet","location":[-23.6901477,15.1858392],"bbox":[-23.7101477,15.1658392,-23.6701477,15.2058392]}
{"name":"Lombo Amaro","display_name":"Lombo Amaro, Ribeira Grande, Cabo Verde","address":{"hamlet":"Lombo Amaro","county":"Ribeira Grande","ISO3166-2-lvl6":"CV-RG","country":"Cabo Verde","country_code":"cv"},"osm_type":"node","osm_id":10031774062,"type":"hamlet","location":[-25.1604924,17.1080156],"bbox":[-25.1804924,17.0880156,-25.1404924,17.1280156]}
{"name":"Lombo das Lança","display_name":"Lombo das Lança, Porto Novo, Cabo Verde","address":{"hamlet":"Lombo das Lança","county":"Porto Novo","ISO3166-2-lvl6":"CV-PN","country":"Cabo Verde","country_code":"cv"},"osm_type":"node","osm_id":8829800711,"type":"hamlet","location":[-25.2128257,16.9748755],"bbox":[-25.2328257,16.9548755,-25.1928257,16.9948755]}
{"name":"Lombo de Cruz","display_name":"Lombo de Cruz, Manta Velha, Ribeira Grande, Cabo Verde","address":{"hamlet":"Lombo de Cruz","village":"Manta Velha","county":"Ribeira Grande","ISO3166-2-lvl6":"CV-RG","country":"Cabo Verde","country_code":"cv"},"osm_type":"node","osm_id":8294412618,"type":"hamlet","location":[-25.1617141,17.1214635],"bbox":[-25.1817141,17.1014635,-25.1417141,17.1414635]}
{"name":"Lombo de Pico","display_name":"Lombo de Pico, Ribeira Grande, 1210, Cabo Verde","address":{"hamlet":"Lombo de Pico","county":"Ribeira Grande","ISO3166-2-lvl6":"CV-RG","postcode":"1210","country":"Cabo Verde","country_code":"cv"},"osm_type":"node","osm_id":4242716983,"type":"hamlet","location":[-25.0674521,17.1361469],"bbox":[-25.0874521,17.1161469,-25.0474521,17.1561469]}
{"name":"Longueira","display_name":"Longueira, Ribeira Grande, 1110, Cabo Verde","address":{"hamlet":"Longueira","town":"Ribeira Grande","county":"Ribeira Grande","ISO3166-2-lvl6":"CV-RG","postcode":"1110","country":"Cabo Verde","country_code":"cv"},"osm_type":"node","osm_id":4642384746,"type":"hamlet","location":[-25.0740259,17.1614578],"bbox":[-25.0940259,17.1414578,-25.0540259,17.1814578]}
{"name":"Losna","display_name":"Losna, Ribeira Grande, 1210, Cabo Verde","address":{"hamlet":"Losna","county":"Ribeira Grande","ISO3166-2-lvl6":"CV-RG","postcode":"1210","country":"Cabo Verde","country_code":"cv"},"osm_type":"node","osm_id":4203535038,"type":"hamlet","location":[-25.0701177,17.1298477],"bbox":[-25.0901177,17.1098477,-25.0501177,17.1498477]}
{"name":"Madeiral","display_name":"Madeiral, Mindelo, São Vicente, 2110, Cabo Verde","address":{"hamlet":"Madeiral","city":"Mindelo","county":"São Vicente","ISO3166-2-lvl6":"CV-SV","postcode":"2110","country":"Cabo Verde","country_code":"cv"},"osm_type":"node","osm_id":2481122835,"type":"hamlet","location":[-24.933403,16.8318199],"bbox":[-24.953403,16.8118199,-24.913403,16.8518199]}
{"name":"Mafafa","display_name":"Mafafa, Principal, São Miguel, Cabo Verde","address":{"hamlet":"Mafafa","village":"Principal","county":"São Miguel","ISO3166-2-lvl6":"CV-SM","country":"Cabo Verde","country_code":"cv"},"osm_type":"node","osm_id":7076689290,"type":"hamlet","location":[-23.68489,15.1972496],"bbox":[-23.70489,15.1772496,-23.66489,15.2172496]}
{"name":"Malon","display_name":"Malon, Principal, São Miguel, Cabo Verde","address":{"hamlet":"Malon","village":"Principal","county":"São Miguel","ISO3166-2-lvl6":"CV-SM","country":"Cabo Verde","country_code":"cv"},"osm_type":"node","osm_id":8201143223,"type":"hamlet","location":[-23.6826352,15.1918196],"bbox":[-23.7026352,15.1718196,-23.6626352,15.2118196]}
{"name":"Mancholi","display_name":"Mancholi, Lem Martim, Santa Catarina, 7310, Cabo Verde","address":{"hamlet":"Mancholi","village":"Lem Martim","county":"Santa Catarina","ISO3166-2-lvl6":"CV-CA","postcode":"7310","country":"Cabo Verde","country_code":"cv"},"osm_type":"node","osm_id":8366738166,"type":"hamlet","location":[-23.6807052,15.1370749],"bbox":[-23.7007052,15.1170749,-23.6607052,15.1570749]}
{"name":"Mangue de Sete Ribeiras","display_name":"Mangue de Sete Ribeiras, Achada Monte, São Miguel, Cabo Verde","address":{"hamlet":"Mangue de Sete Ribeiras","town":"Achada Monte","county":"São Miguel","ISO3166-2-lvl6":"CV-SM","country":"Cabo Verde","country_code":"cv"},"osm_type":"node","osm_id":6988320418,"type":"hamlet","location":[-23.6261278,15.2296814],"bbox":[-23.6461278,15.2096814,-23.6061278,15.2496814]}
{"name":"Manipulo","display_name":"Manipulo, Picos, São Salvador do Mundo, 7329, Cabo Verde","address":{"hamlet":"Manipulo","village":"Picos","county":"São Salvador do Mundo","ISO3166-2-lvl6":"CV-SS","postcode":"7329","country":"Cabo Verde","country_code":"cv"},"osm_type":"node","osm_id":8220453164,"type":"hamlet","location":[-23.635295,15.0933633],"bbox":[-23.655295,15.0733633,-23.615295,15.1133633]}
{"name":"Margosa","display_name":"Margosa, Santa Cruz, 7215, Cabo Verde","address":{"hamlet":"Margosa","county":"Santa Cruz","ISO3166-2-lvl6":"CV-CR","postcode":"7215","country":"Cabo Verde","country_code":"cv"},"osm_type":"node","osm_id":8341336021,"type":"hamlet","location":[-23.6078926,15.1499065],"bbox":[-23.6278926,15.1299065,-23.5878926,15.1699065]}
{"name":"Maria Parda","display_name":"Maria Parda, Calabaceira, Ribeira Grande de Santiago, 7629, Cabo Verde","address":{"hamlet":"Maria Parda","village":"Calabaceira","county":"Ribeira Grande de Santiago","ISO3166-2-lvl6":"CV-RS","postcode":"7629","country":"Cabo Verde","country_code":"cv"},"osm_type":"node","osm_id":7359883845,"type":"hamlet","location":[-23.5953496,14.9366642],"bbox":[-23.6153496,14.9166642,-23.5753496,14.9566642]}
{"name":"Marrador","display_name":"Marrador, Ribeira Grande, 1210, Cabo Verde","address":{"hamlet":"Marrador","county":"Ribeira Grande","ISO3166-2-lvl6":"CV-RG","postcode":"1210","country":"Cabo Verde","country_code":"cv"},"osm_type":"node","osm_id":4642399854,"type":"hamlet","location":[-25.069126,17.1458451],"bbox":[-25.089126,17.1258451,-25.049126,17.1658451]}
{"name":"Matihno de Corda","display_name":"Matihno de Corda, Espongeiro, Ribeira Grande, 1310, Cabo Verde","address":{"hamlet":"Matihno de Corda","village":"Espongeiro","county":"Ribeira Grande","ISO3166-2-lvl6":"CV-RG","postcode":"1310","country":"Cabo Verde","country_code":"cv"},"osm_type":"node","osm_id":4172404394,"type":"hamlet","location":[-25.0906123,17.1195917],"bbox":[-25.1106123,17.0995917,-25.0706123,17.1395917]}
{"name":"Matinho","display_name":"Matinho, Ribeira Grande, Cabo Verde","address":{"hamlet":"Matinho","county":"Ribeira Grande","ISO3166-2-lvl6":"CV-RG","country":"Cabo Verde","country_code":"cv"},"osm_type":"node","osm_id":4172404301,"type":"hamlet","location":[-25.1241825,17.1069885],"bbox":[-25.1441825,17.0869885,-25.1041825,17.1269885]}
{"name":"Mato Baixo","display_name":"Mato Baixo, Santa Catarina, 7310, Cabo Verde","address":{"hamlet":"Mato Baixo","county":"Santa Catarina","ISO3166-2-lvl6":"CV-CA","postcode":"7310","country":"Cabo Verde","country_code":"cv"},"osm_type":"node","osm_id":8174180040,"type":"hamlet","location":[-23.6937953,15.1351497],"bbox":[-23.7137953,15.1151497,-23.6737953,15.1551497]}
{"name":"Mato Galo","display_name":"Mato Galo, Tarrafal, Cabo Verde","address":{"hamlet":"Mato Galo","county":"Tarrafal","ISO3166-2-lvl6":"CV-TA","country":"Cabo Verde","country_code":"cv"},"osm_type":"node","osm_id":8201143224,"type":"hamlet","location":[-23.6900506,15.2035699],"bbox":[-23.7100506,15.1835699,-23.6700506,15.2235699]}
{"name":"Mato Mendes","display_name":"Mato Mendes, Mato Brasil, Tarrafal, Cabo Verde","address":{"hamlet":"Mato Mendes","village":"Mato Brasil","county":"Tarrafal","ISO3166-2-lvl6":"CV-TA","country":"Cabo Verde","country_code":"cv"},"osm_type":"node","osm_id":8201143226,"type":"hamlet","location":[-23.7023823,15.226674],"bbox":[-23.7223823,15.206674,-23.6823823,15.246674]}
{"name":"Meio de Espanha","display_name":"Meio de Espanha, Ribeira Grande, Cabo Verde","address":{"hamlet":"Meio de Espanha","county":"Ribeira Grande","ISO3166-2-lvl6":"CV-RG","country":"Cabo Verde","country_code":"cv"},"osm_type":"node","osm_id":7325778412,"type":"hamlet","location":[-25.2031874,17.1236827],"bbox":[-25.2231874,17.1036827,-25.1831874,17.1436827]}
{"name":"Mesa","display_name":"Mesa, Porto Novo, 1310, Cabo Verde","address":{"hamlet":"Mesa","county":"Porto Novo","ISO3166-2-lvl6":"CV-PN","postcode":"1310","country":"Cabo Verde","country_code":"cv"},"osm_type":"node","osm_id":7128910383,"type":"hamlet","location":[-25.0558982,17.0745624],"bbox":[-25.0758982,17.0545624,-25.0358982,17.0945624]}
{"name":"Moia Moia","display_name":"Moia Moia, São Domingos, Cabo Verde","address":{"hamlet":"Moia Moia","county":"São Domingos","ISO3166-2-lvl6":"CV-SD","country":"Cabo Verde","country_code":"cv"},"osm_type":"node","osm_id":2448249113,"type":"hamlet","location":[-23.4471123,15.0203048],"bbox":[-23.4671123,15.0003048,-23.4271123,15.0403048]}
{"name":"Monte Bodo","display_name":"Monte Bodo, Santa Catarina do Fogo, Cabo Verde","address":{"hamlet":"Monte Bodo","county":"Santa Catarina do Fogo","ISO3166-2-lvl6":"CV-CF","country":"Cabo Verde","country_code":"cv"},"osm_type":"node","osm_id":911829741,"type":"hamlet","location":[-24.3533035,14.8959252],"bbox":[-24.3733035,14.8759252,-24.3333035,14.9159252]}
{"name":"Monte Cassanga","display_name":"Monte Cassanga, São Lourenço, Ponta Verde, São Filipe, Cabo Verde","address":{"hamlet":"Monte Cassanga","city_district":"São Lourenço","village":"Ponta Verde","county":"São Filipe","ISO3166-2-lvl6":"CV-SF","country":"Cabo Verde","country_code":"cv"},"osm_type":"node","osm_id":911829678,"type":"hamlet","location":[-24.4538947,14.9905996],"bbox":[-24.4738947,14.9705996,-24.4338947,15.0105996]}
{"name":"Monte Escora","display_name":"Monte Escora, Dacabalaio, Santa Catarina do Fogo, 8235, Cabo Verde","address":{"hamlet":"Monte Escora","village":"Dacabalaio","county":"Santa Catarina do Fogo","ISO3166-2-lvl6":"CV-CF","postcode":"8235","country":"Cabo Verde","country_code":"cv"},"osm_type":"node","osm_id":911829715,"type":"hamlet","location":[-24.3310882,14.8622592],"bbox":[-24.3510882,14.8422592,-24.3110882,14.8822592]}
{"name":"Monte Genebra","display_name":"Monte Genebra, Nossa Senhora da Conceição, Luzia Nunes, São Filipe, Cabo Verde","address":{"hamlet":"Monte Genebra","city_district":"Nossa Senhora da Conceição","village":"Luzia Nunes","county":"São Filipe","ISO3166-2-lvl6":"CV-SF","country":"Cabo Verde","country_code":"cv"},"osm_type":"node","osm_id":911829675,"type":"hamlet","location":[-24.4365412,14.8623609],"bbox":[-24.4565412,14.8423609,-24.4165412,14.8823609]}
{"name":"Monte Joana","display_name":"Monte Joana, Ribeira Grande, 1110, Cabo Verde","address":{"hamlet":"Monte Joana","town":"Ribeira Grande","county":"Ribeira Grande","ISO3166-2-lvl6":"CV-RG","postcode":"1110","country":"Cabo Verde","country_code":"cv"},"osm_type":"node","osm_id":3445217697,"type":"hamlet","location":[-25.0492084,17.1626037],"bbox":[-25.0692084,17.1426037,-25.0292084,17.1826037]}
{"name":"Monte Piorno","display_name":"Monte Piorno, Nossa Senhora da Conceição, Boca Larga, São Filipe, Cabo Verde","address":{"hamlet":"Monte Piorno","city_district":"Nossa Senhora da Conceição","village":"Boca Larga","county":"São Filipe","ISO3166-2-lvl6":"CV-SF","country":"Cabo Verde","country_code":"cv"},"osm_type":"node","osm_id":911829725,"type":"hamlet","location":[-24.3983731,14.8817478],"bbox":[-24.4183731,14.8617478,-24.3783731,14.9017478]}
{"name":"Monte Preto","display_name":"Monte Preto, Santa Catarina do Fogo, Cabo Verde","address":{"hamlet":"Monte Preto","county":"Santa Catarina do Fogo","ISO3166-2-lvl6":"CV-CF","country":"Cabo Verde","country_code":"cv"},"osm_type":"node","osm_id":911295188,"type":"hamlet","location":[-24.3488244,14.9043989],"bbox":[-24.3688244,14.8843989,-24.3288244,14.9243989]}
{"name":"Monte Tabor","display_name":"Monte Tabor, São Lourenço, Ribeira Grande, São Filipe, Cabo Verde","address":{"hamlet":"Monte Tabor","city_district":"São Lourenço","village":"Ribeira Grande","county":"São Filipe","ISO3166-2-lvl6":"CV-SF","country":"Cabo Verde","country_code":"cv"},"osm_type":"node","osm_id":4526512170,"type":"hamlet","location":[-24.4845874,14.9608937],"bbox":[-24.5045874,14.9408937,-24.4645874,14.9808937]}
{"name":"Montona","display_name":"Montona, Serra Malagueta, Santa Catarina, Cabo Verde","address":{"hamlet":"Montona","village":"Serra Malagueta","county":"Santa Catarina","ISO3166-2-lvl6":"CV-CA","country":"Cabo Verde","country_code":"cv"},"osm_type":"node","osm_id":7076689302,"type":"hamlet","location":[-23.6917024,15.1880293],"bbox":[-23.7117024,15.1680293,-23.6717024,15.2080293]}
{"name":"Morre Alto","display_name":"Morre Alto, Nossa Senhora do Rosário, Ribeira Brava, Cabo Verde","address":{"hamlet":"Morre Alto","municipality":"Nossa Senhora do Rosário","county":"Ribeira Brava","ISO3166-2-lvl6":"CV-RB","country":"Cabo Verde","country_code":"cv"},"osm_type":"node","osm_id":3374696747,"type":"hamlet","location":[-24.1823333,16.609629],"bbox":[-24.2023333,16.589629,-24.1623333,16.629629]}
{"name":"Nora","display_name":"Nora, São Domingos, 7515, Cabo Verde","address":{"hamlet":"Nora","town":"São Domingos","county":"São Domingos","ISO3166-2-lvl6":"CV-SD","postcode":"7515","country":"Cabo Verde","country_code":"cv"},"osm_type":"node","osm_id":2481137957,"type":"hamlet","location":[-23.5462051,15.0202005],"bbox":[-23.5662051,15.0002005,-23.5262051,15.0402005]}
{"name":"Norte (Fundo das Figueiras)","display_name":"Norte (Fundo das Figueiras), Boa Vista, 5129, Cabo Verde","address":{"hamlet":"Norte (Fundo das Figueiras)","county":"Boa Vista","ISO3166-2-lvl6":"CV-BV","postcode":"5129","country":"Cabo Verde","country_code":"cv"},"osm_type":"node","osm_id":1809220697,"type":"hamlet","location":[-22.7240945,16.13941],"bbox":[-22.7440945,16.11941,-22.7040945,16.15941]}
{"name":"Olho de Água","display_name":"Olho de Água, Chã Cardoso, São Domingos, 7515, Cabo Verde","address":{"hamlet":"Olho de Água","village":"Chã Cardoso","county":"São Domingos","ISO3166-2-lvl6":"CV-SD","postcode":"7515","country":"Cabo Verde","country_code":"cv"},"osm_type":"node","osm_id":11816711475,"type":"hamlet","location":[-23.5521967,15.0016305],"bbox":[-23.5721967,14.9816305,-23.5321967,15.0216305]}
{"name":"Órgãos Pequenos","display_name":"Órgãos Pequenos, João Teves, São Lourenço dos Órgãos, 7425, Cabo Verde","address":{"hamlet":"Órgãos Pequenos","town":"João Teves","county":"São Lourenço dos Órgãos","ISO3166-2-lvl6":"CV-SO","postcode":"7425","country":"Cabo Verde","country_code":"cv"},"osm_type":"node","osm_id":8283417780,"type":"hamlet","location":[-23.5782988,15.0517167],"bbox":[-23.5982988,15.0317167,-23.5582988,15.0717167]}
{"name":"Palha Verde","display_name":"Palha Verde, Sal, 4110, Cabo Verde","address":{"hamlet":"Palha Verde","county":"Sal","ISO3166-2-lvl6":"CV-SL","postcode":"4110","country":"Cabo Verde","country_code":"cv"},"osm_type":"node","osm_id":911003529,"type":"hamlet","location":[-22.9234835,16.6649255],"bbox":[-22.9434835,16.6449255,-22.9034835,16.6849255]}
{"name":"Pau Verde","display_name":"Pau Verde, Assomada (Santa Catarina), Santa Catarina, 7310, Cabo Verde","address":{"hamlet":"Pau Verde","town":"Assomada (Santa Catarina)","county":"Santa Catarina","ISO3166-2-lvl6":"CV-CA","postcode":"7310","country":"Cabo Verde","country_code":"cv"},"osm_type":"node","osm_id":8914150613,"type":"hamlet","location":[-23.6462125,15.1159191],"bbox":[-23.6662125,15.0959191,-23.6262125,15.1359191]}
{"name":"Pe de Monte","display_name":"Pe de Monte, Cutelo, Tarrafal, Cabo Verde","address":{"hamlet":"Pe de Monte","village":"Cutelo","county":"Tarrafal","ISO3166-2-lvl6":"CV-TA","country":"Cabo Verde","country_code":"cv"},"osm_type":"node","osm_id":3876930807,"type":"hamlet","location":[-23.7068825,15.2463619],"bbox":[-23.7268825,15.2263619,-23.6868825,15.2663619]}
{"name":"Pé de Subida","display_name":"Pé de Subida, João Garrido, São Domingos, 7515, Cabo Verde","address":{"hamlet":"Pé de Subida","village":"João Garrido","county":"São Domingos","ISO3166-2-lvl6":"CV-SD","postcode":"7515","country":"Cabo Verde","country_code":"cv"},"osm_type":"node","osm_id":8264400190,"type":"hamlet","location":[-23.5680946,15.0191539],"bbox":[-23.5880946,14.9991539,-23.5480946,15.0391539]}
{"name":"Pedra Tcheu","display_name":"Pedra Tcheu, João Teves, São Lourenço dos Órgãos, 7425, Cabo Verde","address":{"hamlet":"Pedra Tcheu","town":"João Teves","county":"São Lourenço dos Órgãos","ISO3166-2-lvl6":"CV-SO","postcode":"7425","country":"Cabo Verde","country_code":"cv"},"osm_type":"node","osm_id":7984820208,"type":"hamlet","location":[-23.5938847,15.0872238],"bbox":[-23.6138847,15.0672238,-23.5738847,15.1072238]}
{"name":"Pedrante","display_name":"Pedrante, Ribeira Grande, 1110, Cabo Verde","address":{"hamlet":"Pedrante","town":"Ribeira Grande","county":"Ribeira Grande","ISO3166-2-lvl6":"CV-RG","postcode":"1110","country":"Cabo Verde","country_code":"cv"},"osm_type":"node","osm_id":4642394333,"type":"hamlet","location":[-25.0699384,17.1593017],"bbox":[-25.0899384,17.1393017,-25.0499384,17.1793017]}
{"name":"Pico Agudo Canto Fajã","display_name":"Pico Agudo Canto Fajã, Nossa Senhora do Rosário, Ribeira Brava, 3120, Cabo Verde","address":{"hamlet":"Pico Agudo Canto Fajã","municipality":"Nossa Senhora do Rosário","county":"Ribeira Brava","ISO3166-2-lvl6":"CV-RB","postcode":"3120","country":"Cabo Verde","country_code":"cv"},"osm_type":"node","osm_id":6951159040,"type":"hamlet","location":[-24.3410811,16.638527],"bbox":[-24.3610811,16.618527,-24.3210811,16.658527]}
{"name":"Pico do Antonio","display_name":"Pico do Antonio, Lombinho, Paul, 1210, Cabo Verde","address":{"hamlet":"Pico do Antonio","village":"Lombinho","county":"Paul","ISO3166-2-lvl6":"CV-PA","postcode":"1210","country":"Cabo Verde","country_code":"cv"},"osm_type":"node","osm_id":1964396507,"type":"hamlet","location":[-25.0440161,17.1202274],"bbox":[-25.0640161,17.1002274,-25.0240161,17.1402274]}
{"name":"Pico Leão","display_name":"Pico Leão, Ribeira Grande de Santiago, Cabo Verde","address":{"hamlet":"Pico Leão","county":"Ribeira Grande de Santiago","ISO3166-2-lvl6":"CV-RS","country":"Cabo Verde","country_code":"cv"},"osm_type":"node","osm_id":2448225005,"type":"hamlet","location":[-23.6454543,15.0300026],"bbox":[-23.6654543,15.0100026,-23.6254543,15.0500026]}
{"name":"Pico Lopes","display_name":"Pico Lopes, São Lourenço, Renque, São Filipe, Cabo Verde","address":{"hamlet":"Pico Lopes","city_district":"São Lourenço","village":"Renque","county":"São Filipe","ISO3166-2-lvl6":"CV-SF","country":"Cabo Verde","country_code":"cv"},"osm_type":"node","osm_id":9703394380,"type":"hamlet","location":[-24.4563432,14.9447601],"bbox":[-24.4763432,14.9247601,-24.4363432,14.9647601]}
{"name":"Pinhá","display_name":"Pinhá, São Domingos, 7515, Cabo Verde","address":{"hamlet":"Pinhá","town":"São Domingos","county":"São Domingos","ISO3166-2-lvl6":"CV-SD","postcode":"7515","country":"Cabo Verde","country_code":"cv"},"osm_type":"node","osm_id":8266970386,"type":"hamlet","location":[-23.5689289,15.03202],"bbox":[-23.5889289,15.01202,-23.5489289,15.05202]}
{"name":"Pinhão","display_name":"Pinhão, Ribeira Grande, 7630, Cabo Verde","address":{"hamlet":"Pinhão","county":"Ribeira Grande","ISO3166-2-lvl6":"CV-RG","postcode":"7630","country":"Cabo Verde","country_code":"cv"},"osm_type":"node","osm_id":2072907151,"type":"hamlet","location":[-25.049385,17.1559018],"bbox":[-25.069385,17.1359018,-25.029385,17.1759018]}
{"name":"Pombal","display_name":"Pombal, São Lourenço, Santo António, São Filipe, 8220, Cabo Verde","address":{"hamlet":"Pombal","city_district":"São Lourenço","village":"Santo António","county":"São Filipe","ISO3166-2-lvl6":"CV-SF","postcode":"8220","country":"Cabo Verde","country_code":"cv"},"osm_type":"node","osm_id":9684672221,"type":"hamlet","location":[-24.4804321,14.9395853],"bbox":[-24.5004321,14.9195853,-24.4604321,14.9595853]}
{"name":"Ponta d'Achada","display_name":"Ponta d'Achada, Santa Ana, Ribeira Grande de Santiago, Cabo Verde","address":{"hamlet":"Ponta d'Achada","village":"Santa Ana","county":"Ribeira Grande de Santiago","ISO3166-2-lvl6":"CV-RS","country":"Cabo Verde","country_code":"cv"},"osm_type":"node","osm_id":7369613624,"type":"hamlet","location":[-23.6354297,14.9875455],"bbox":[-23.6554297,14.9675455,-23.6154297,15.0075455]}
{"name":"Ponta do Lobrâo","display_name":"Ponta do Lobrâo, Ponta Lobrão, Tarrafal, 7110, Cabo Verde","address":{"hamlet":"Ponta do Lobrâo","village":"Ponta Lobrão","county":"Tarrafal","ISO3166-2-lvl6":"CV-TA","postcode":"7110","country":"Cabo Verde","country_code":"cv"},"osm_type":"node","osm_id":7082782894,"type":"hamlet","location":[-23.7132627,15.3083242],"bbox":[-23.7332627,15.2883242,-23.6932627,15.3283242]}
{"name":"Ponta Furna","display_name":"Ponta Furna, Ponta Lobrão, Tarrafal, Cabo Verde","address":{"hamlet":"Ponta Furna","village":"Ponta Lobrão","county":"Tarrafal","ISO3166-2-lvl6":"CV-TA","country":"Cabo Verde","country_code":"cv"},"osm_type":"node","osm_id":2448250022,"type":"hamlet","location":[-23.7080306,15.3130129],"bbox":[-23.7280306,15.2930129,-23.6880306,15.3330129]}
{"name":"Ponta Mendes","display_name":"Ponta Mendes, Praia, Ponta de São Francisco, Praia, Cabo Verde","address":{"hamlet":"Ponta Mendes","city":"Praia","village":"Ponta de São Francisco","county":"Praia","ISO3166-2-lvl6":"CV-PR","country":"Cabo Verde","country_code":"cv"},"osm_type":"node","osm_id":11799309924,"type":"hamlet","location":[-23.5012628,14.983005],"bbox":[-23.5212628,14.963005,-23.4812628,15.003005]}
{"name":"Ponta Ribeira","display_name":"Ponta Ribeira, Principal, São Miguel, Cabo Verde","address":{"hamlet":"Ponta Ribeira","village":"Principal","county":"São Miguel","ISO3166-2-lvl6":"CV-SM","country":"Cabo Verde","country_code":"cv"},"osm_type":"node","osm_id":7076689293,"type":"hamlet","location":[-23.6768158,15.2041345],"bbox":[-23.6968158,15.1841345,-23.6568158,15.2241345]}
{"name":"Pontinha da Janela","display_name":"Pontinha da Janela, Lombinho, Paul, 1210, Cabo Verde","address":{"hamlet":"Pontinha da Janela","village":"Lombinho","county":"Paul","ISO3166-2-lvl6":"CV-PA","postcode":"1210","country":"Cabo Verde","country_code":"cv"},"osm_type":"node","osm_id":6716283003,"type":"hamlet","location":[-25.0520626,17.1194419],"bbox":[-25.0720626,17.0994419,-25.0320626,17.1394419]}
{"name":"Portal","display_name":"Portal, São Domingos, Cabo Verde","address":{"hamlet":"Portal","county":"São Domingos","ISO3166-2-lvl6":"CV-SD","country":"Cabo Verde","country_code":"cv"},"osm_type":"node","osm_id":2448249112,"type":"hamlet","location":[-23.4869034,15.0289512],"bbox":[-23.5069034,15.0089512,-23.4669034,15.0489512]}
{"name":"Portalinho","display_name":"Portalinho, Santa Cruz, 7410, Cabo Verde","address":{"hamlet":"Portalinho","village":"Santa Cruz","county":"Santa Cruz","ISO3166-2-lvl6":"CV-CR","postcode":"7410","country":"Cabo Verde","country_code":"cv"},"osm_type":"node","osm_id":7574479616,"type":"hamlet","location":[-23.5605795,15.131212],"bbox":[-23.5805795,15.111212,-23.5405795,15.151212]}
{"name":"Porto Gouveia","display_name":"Porto Gouveia, São João Ba(p)tista, Ribeira Grande de Santiago, Cabo Verde","address":{"hamlet":"Porto Gouveia","village":"São João Ba(p)tista","county":"Ribeira Grande de Santiago","ISO3166-2-lvl6":"CV-RS","country":"Cabo Verde","country_code":"cv"},"osm_type":"node","osm_id":2452126588,"type":"hamlet","location":[-23.6649957,14.9402498],"bbox":[-23.6849957,14.9202498,-23.6449957,14.9602498]}
{"name":"Posto","display_name":"Posto, Serra Malagueta, Santa Catarina, Cabo Verde","address":{"hamlet":"Posto","village":"Serra Malagueta","county":"Santa Catarina","ISO3166-2-lvl6":"CV-CA","country":"Cabo Verde","country_code":"cv"},"osm_type":"node","osm_id":7076689299,"type":"hamlet","location":[-23.6899142,15.1838168],"bbox":[-23.7099142,15.1638168,-23.6699142,15.2038168]}
{"name":"Praia de Gi","display_name":"Praia de Gi, Cidade das Pombas, Paul, 7630, Cabo Verde","address":{"hamlet":"Praia de Gi","town":"Cidade das Pombas","county":"Paul","ISO3166-2-lvl6":"CV-PA","postcode":"7630","country":"Cabo Verde","country_code":"cv"},"osm_type":"node","osm_id":6214942637,"type":"hamlet","location":[-25.0026256,17.1284374],"bbox":[-25.0226256,17.1084374,-24.9826256,17.1484374]}
{"name":"Purgueira","display_name":"Purgueira, São Salvador do Mundo, 7329, Cabo Verde","address":{"hamlet":"Purgueira","county":"São Salvador do Mundo","ISO3166-2-lvl6":"CV-SS","postcode":"7329","country":"Cabo Verde","country_code":"cv"},"osm_type":"node","osm_id":1960673353,"type":"hamlet","location":[-23.6263097,15.0671158],"bbox":[-23.6463097,15.0471158,-23.6063097,15.0871158]}
{"name":"Quebrada","display_name":"Quebrada, Achadinha, Ribeira Grande de Santiago, Cabo Verde","address":{"hamlet":"Quebrada","village":"Achadinha","county":"Ribeira Grande de Santiago","ISO3166-2-lvl6":"CV-RS","country":"Cabo Verde","country_code":"cv"},"osm_type":"node","osm_id":7380621669,"type":"hamlet","location":[-23.6432034,14.9884292],"bbox":[-23.6632034,14.9684292,-23.6232034,15.0084292]}
{"name":"Quebrada","display_name":"Quebrada, Gomgom, São Miguel, Cabo Verde","address":{"hamlet":"Quebrada","village":"Gomgom","county":"São Miguel","ISO3166-2-lvl6":"CV-SM","country":"Cabo Verde","country_code":"cv"},"osm_type":"node","osm_id":7076689306,"type":"hamlet","location":[-23.6654647,15.2023751],"bbox":[-23.6854647,15.1823751,-23.6454647,15.2223751]}
{"name":"Queimadas de Cima","display_name":"Queimadas de Cima, Fajã de Cima, Nossa Senhora da Lapa, Ribeira Brava, 3120, Cabo Verde","address":{"hamlet":"Queimadas de Cima","village":"Fajã de Cima","municipality":"Nossa Senhora da Lapa","county":"Ribeira Brava","ISO3166-2-lvl6":"CV-RB","postcode":"3120","country":"Cabo Verde","country_code":"cv"},"osm_type":"node","osm_id":2447421040,"type":"hamlet","location":[-24.3160609,16.6358418],"bbox":[-24.3360609,16.6158418,-24.2960609,16.6558418]}
{"name":"Quintal","display_name":"Quintal, Lombinho, Paul, 1210, Cabo Verde","address":{"hamlet":"Quintal","village":"Lombinho","county":"Paul","ISO3166-2-lvl6":"CV-PA","postcode":"1210","country":"Cabo Verde","country_code":"cv"},"osm_type":"node","osm_id":1964396799,"type":"hamlet","location":[-25.0370844,17.1287015],"bbox":[-25.0570844,17.1087015,-25.0170844,17.1487015]}
{"name":"Rabo Curto","display_name":"Rabo Curto, Ribeira Grande, 1210, Cabo Verde","address":{"hamlet":"Rabo Curto","county":"Ribeira Grande","ISO3166-2-lvl6":"CV-RG","postcode":"1210","country":"Cabo Verde","country_code":"cv"},"osm_type":"node","osm_id":4242716984,"type":"hamlet","location":[-25.0653492,17.1278627],"bbox":[-25.0853492,17.1078627,-25.0453492,17.1478627]}
{"name":"Rama","display_name":"Rama, Sanharre, Ribeira Grande de Santiago, 7629, Cabo Verde","address":{"hamlet":"Rama","village":"Sanharre","county":"Ribeira Grande de Santiago","ISO3166-2-lvl6":"CV-RS","postcode":"7629","country":"Cabo Verde","country_code":"cv"},"osm_type":"node","osm_id":7419680785,"type":"hamlet","location":[-23.5755553,14.9412916],"bbox":[-23.5955553,14.9212916,-23.5555553,14.9612916]}
{"name":"Rão Carriçe","display_name":"Rão Carriçe, Assomada (Santa Catarina), Santa Catarina, 7310, Cabo Verde","address":{"hamlet":"Rão Carriçe","town":"Assomada (Santa Catarina)","county":"Santa Catarina","ISO3166-2-lvl6":"CV-CA","postcode":"7310","country":"Cabo Verde","country_code":"cv"},"osm_type":"node","osm_id":8807509735,"type":"hamlet","location":[-23.6790589,15.0873351],"bbox":[-23.6990589,15.0673351,-23.6590589,15.1073351]}
{"name":"Rão Fundo","display_name":"Rão Fundo, Santa Cruz, 7329, Cabo Verde","address":{"hamlet":"Rão Fundo","county":"Santa Cruz","ISO3166-2-lvl6":"CV-CR","postcode":"7329","country":"Cabo Verde","country_code":"cv"},"osm_type":"node","osm_id":8914232522,"type":"hamlet","location":[-23.622248,15.1189371],"bbox":[-23.642248,15.0989371,-23.602248,15.1389371]}
{"name":"Rasto","display_name":"Rasto, João Teves, São Lourenço dos Órgãos, 7425, Cabo Verde","address":{"hamlet":"Rasto","town":"João Teves","county":"São Lourenço dos Órgãos","ISO3166-2-lvl6":"CV-SO","postcode":"7425","country":"Cabo Verde","country_code":"cv"},"osm_type":"node","osm_id":7972623937,"type":"hamlet","location":[-23.6092582,15.0773617],"bbox":[-23.6292582,15.0573617,-23.5892582,15.0973617]}
{"name":"Renque de Purga","display_name":"Renque de Purga, Santa Cruz, Cabo Verde","address":{"hamlet":"Renque de Purga","county":"Santa Cruz","ISO3166-2-lvl6":"CV-CR","country":"Cabo Verde","country_code":"cv"},"osm_type":"node","osm_id":910651825,"type":"hamlet","location":[-23.5268552,15.0835118],"bbox":[-23.5468552,15.0635118,-23.5068552,15.1035118]}
{"name":"Ribeira Alta","display_name":"Ribeira Alta, Ribeira Grande, Cabo Verde","address":{"hamlet":"Ribeira Alta","county":"Ribeira Grande","ISO3166-2-lvl6":"CV-RG","country":"Cabo Verde","country_code":"cv"},"osm_type":"node","osm_id":4203534989,"type":"hamlet","location":[-25.193486,17.1456978],"bbox":[-25.213486,17.1256978,-25.173486,17.1656978]}
{"name":"Ribeira Torta","display_name":"Ribeira Torta, Porto Novo, Cabo Verde","address":{"hamlet":"Ribeira Torta","county":"Porto Novo","ISO3166-2-lvl6":"CV-PN","country":"Cabo Verde","country_code":"cv"},"osm_type":"node","osm_id":8829749119,"type":"hamlet","location":[-25.1572106,16.9505311],"bbox":[-25.1772106,16.9305311,-25.1372106,16.9705311]}
{"name":"Ribeirão Asno","display_name":"Ribeirão Asno, Santa Catarina, Cabo Verde","address":{"hamlet":"Ribeirão Asno","county":"Santa Catarina","ISO3166-2-lvl6":"CV-CA","country":"Cabo Verde","country_code":"cv"},"osm_type":"node","osm_id":8341297605,"type":"hamlet","location":[-23.6222688,15.1424165],"bbox":[-23.6422688,15.1224165,-23.6022688,15.1624165]}
{"name":"Ribeirão Feijão","display_name":"Ribeirão Feijão, Santa Cruz, 7215, Cabo Verde","address":{"hamlet":"Ribeirão Feijão","county":"Santa Cruz","ISO3166-2-lvl6":"CV-CR","postcode":"7215","country":"Cabo Verde","country_code":"cv"},"osm_type":"node","osm_id":8341336019,"type":"hamlet","location":[-23.6131797,15.1462652],"bbox":[-23.6331797,15.1262652,-23.5931797,15.1662652]}
{"name":"Ribeirinha do Jorge","display_name":"Ribeirinha do Jorge, Ribeira Grande, 1110, Cabo Verde","address":{"hamlet":"Ribeirinha do Jorge","town":"Ribeira Grande","county":"Ribeira Grande","ISO3166-2-lvl6":"CV-RG","postcode":"1110","country":"Cabo Verde","country_code":"cv"},"osm_type":"node","osm_id":6689141592,"type":"hamlet","location":[-25.0683455,17.1667733],"bbox":[-25.0883455,17.1467733,-25.0483455,17.1867733]}
{"name":"Ribeiro Fundo","display_name":"Ribeiro Fundo, Porto Novo, 1310, Cabo Verde","address":{"hamlet":"Ribeiro Fundo","county":"Porto Novo","ISO3166-2-lvl6":"CV-PN","postcode":"1310","country":"Cabo Verde","country_code":"cv"},"osm_type":"node","osm_id":4209912567,"type":"hamlet","location":[-25.0557286,17.1020308],"bbox":[-25.0757286,17.0820308,-25.0357286,17.1220308]}
{"name":"Ribinha","display_name":"Ribinha, Calheta, Maio, 1234, Cabo Verde","address":{"hamlet":"Ribinha","town":"Calheta","county":"Maio","ISO3166-2-lvl6":"CV-MA","postcode":"1234","country":"Cabo Verde","country_code":"cv"},"osm_type":"node","osm_id":7085257327,"type":"hamlet","location":[-23.2165452,15.2270004],"bbox":[-23.2365452,15.2070004,-23.1965452,15.2470004]}
{"name":"Rufeu","display_name":"Rufeu, Figueira das Naus, Santa Catarina, Cabo Verde","address":{"hamlet":"Rufeu","village":"Figueira das Naus","county":"Santa Catarina","ISO3166-2-lvl6":"CV-CA","country":"Cabo Verde","country_code":"cv"},"osm_type":"node","osm_id":8111833164,"type":"hamlet","location":[-23.7258247,15.18028],"bbox":[-23.7458247,15.16028,-23.7058247,15.20028]}
{"name":"Salinas","display_name":"Salinas, Pedra Badejo, Santa Cruz, 7410, Cabo Verde","address":{"hamlet":"Salinas","town":"Pedra Badejo","county":"Santa Cruz","ISO3166-2-lvl6":"CV-CR","postcode":"7410","country":"Cabo Verde","country_code":"cv"},"osm_type":"node","osm_id":910651805,"type":"hamlet","location":[-23.5303032,15.1334772],"bbox":[-23.5503032,15.1134772,-23.5103032,15.1534772]}
{"name":"Salto de Cima","display_name":"Salto de Cima, Santa Catarina, Cabo Verde","address":{"hamlet":"Salto de Cima","county":"Santa Catarina","ISO3166-2-lvl6":"CV-CA","country":"Cabo Verde","country_code":"cv"},"osm_type":"node","osm_id":8341297610,"type":"hamlet","location":[-23.631535,15.1414862],"bbox":[-23.651535,15.1214862,-23.611535,15.1614862]}
{"name":"Sansão","display_name":"Sansão, Picos, São Salvador do Mundo, 7329, Cabo Verde","address":{"hamlet":"Sansão","village":"Picos","county":"São Salvador do Mundo","ISO3166-2-lvl6":"CV-SS","postcode":"7329","country":"Cabo Verde","country_code":"cv"},"osm_type":"node","osm_id":8220395636,"type":"hamlet","location":[-23.6349413,15.0808872],"bbox":[-23.6549413,15.0608872,-23.6149413,15.1008872]}
{"name":"Santa Bárbara","display_name":"Santa Bárbara, Nova Sintra, Brava, 9110, Cabo Verde","address":{"hamlet":"Santa Bárbara","town":"Nova Sintra","county":"Brava","ISO3166-2-lvl6":"CV-BR","postcode":"9110","country":"Cabo Verde","country_code":"cv"},"osm_type":"node","osm_id":6356964079,"type":"hamlet","location":[-24.6854948,14.8745792],"bbox":[-24.7054948,14.8545792,-24.6654948,14.8945792]}
{"name":"São Gonçalo","display_name":"São Gonçalo, Ribeira Grande de Santiago, Cabo Verde","address":{"hamlet":"São Gonçalo","county":"Ribeira Grande de Santiago","ISO3166-2-lvl6":"CV-RS","country":"Cabo Verde","country_code":"cv"},"osm_type":"node","osm_id":2448223881,"type":"hamlet","location":[-23.6640158,14.9598879],"bbox":[-23.6840158,14.9398879,-23.6440158,14.9798879]}
{"name":"São Jorge","display_name":"São Jorge, Praia, 7600, Cabo Verde","address":{"hamlet":"São Jorge","city":"Praia","county":"Praia","ISO3166-2-lvl6":"CV-PR","postcode":"7600","country":"Cabo Verde","country_code":"cv"},"osm_type":"node","osm_id":8245788243,"type":"hamlet","location":[-23.539032,14.9610299],"bbox":[-23.559032,14.9410299,-23.519032,14.9810299]}
{"name":"São Tomé","display_name":"São Tomé, Porto Novo, Cabo Verde","address":{"hamlet":"São Tomé","county":"Porto Novo","ISO3166-2-lvl6":"CV-PN","country":"Cabo Verde","country_code":"cv"},"osm_type":"node","osm_id":8829806223,"type":"hamlet","location":[-25.2348494,16.9836087],"bbox":[-25.2548494,16.9636087,-25.2148494,17.0036087]}
{"name":"São Tomé","display_name":"São Tomé, Praia, 7600, Cabo Verde","address":{"hamlet":"São Tomé","city":"Praia","county":"Praia","ISO3166-2-lvl6":"CV-PR","postcode":"7600","country":"Cabo Verde","country_code":"cv"},"osm_type":"node","osm_id":2466638304,"type":"hamlet","location":[-23.4764465,14.9545339],"bbox":[-23.4964465,14.9345339,-23.4564465,14.9745339]}
{"name":"Serradinho","display_name":"Serradinho, Chã Cardoso, São Domingos, 7515, Cabo Verde","address":{"hamlet":"Serradinho","village":"Chã Cardoso","county":"São Domingos","ISO3166-2-lvl6":"CV-SD","postcode":"7515","country":"Cabo Verde","country_code":"cv"},"osm_type":"node","osm_id":8252652745,"type":"hamlet","location":[-23.5468024,15.0091553],"bbox":[-23.5668024,14.9891553,-23.5268024,15.0291553]}
{"name":"Taberna","display_name":"Taberna, Santa Cruz, 7410, Cabo Verde","address":{"hamlet":"Taberna","county":"Santa Cruz","ISO3166-2-lvl6":"CV-CR","postcode":"7410","country":"Cabo Verde","country_code":"cv"},"osm_type":"node","osm_id":8290512186,"type":"hamlet","location":[-23.5405463,15.0913875],"bbox":[-23.5605463,15.0713875,-23.5205463,15.1113875]}
{"name":"Tabuqueiro","display_name":"Tabuqueiro, Mato Sancho, Santa Catarina, Cabo Verde","address":{"hamlet":"Tabuqueiro","village":"Mato Sancho","county":"Santa Catarina","ISO3166-2-lvl6":"CV-CA","country":"Cabo Verde","country_code":"cv"},"osm_type":"node","osm_id":8543790215,"type":"hamlet","location":[-23.728697,15.10488],"bbox":[-23.748697,15.08488,-23.708697,15.12488]}
{"name":"Tapum","display_name":"Tapum, Santa Catarina, 7329, Cabo Verde","address":{"hamlet":"Tapum","county":"Santa Catarina","ISO3166-2-lvl6":"CV-CA","postcode":"7329","country":"Cabo Verde","country_code":"cv"},"osm_type":"node","osm_id":8914232489,"type":"hamlet","location":[-23.6309575,15.1172447],"bbox":[-23.6509575,15.0972447,-23.6109575,15.1372447]}
{"name":"Tinteira","display_name":"Tinteira, Santa Catarina do Fogo, 8235, Cabo Verde","address":{"hamlet":"Tinteira","county":"Santa Catarina do Fogo","ISO3166-2-lvl6":"CV-CF","postcode":"8235","country":"Cabo Verde","country_code":"cv"},"osm_type":"node","osm_id":911295177,"type":"hamlet","location":[-24.2968297,14.9288299],"bbox":[-24.3168297,14.9088299,-24.2768297,14.9488299]}
{"name":"Titono","display_name":"Titono, Porto Novo, Cabo Verde","address":{"hamlet":"Titono","county":"Porto Novo","ISO3166-2-lvl6":"CV-PN","country":"Cabo Verde","country_code":"cv"},"osm_type":"node","osm_id":8829813251,"type":"hamlet","location":[-25.1994401,17.0006666],"bbox":[-25.2194401,16.9806666,-25.1794401,17.0206666]}
{"name":"Varzinha","display_name":"Varzinha, Ribeira Grande, 1110, Cabo Verde","address":{"hamlet":"Varzinha","town":"Ribeira Grande","county":"Ribeira Grande","ISO3166-2-lvl6":"CV-RG","postcode":"1110","country":"Cabo Verde","country_code":"cv"},"osm_type":"node","osm_id":4642393671,"type":"hamlet","location":[-25.0707454,17.1608031],"bbox":[-25.0907454,17.1408031,-25.0507454,17.1808031]}
{"name":"Vera Cruz","display_name":"Vera Cruz, Praia, São Martinho Pequeno, Praia, 5298, Cabo Verde","address":{"hamlet":"Vera Cruz","city":"Praia","village":"São Martinho Pequeno","county":"Praia","ISO3166-2-lvl6":"CV-PR","postcode":"5298","country":"Cabo Verde","country_code":"cv"},"osm_type":"node","osm_id":2474326386,"type":"hamlet","location":[-23.5541535,14.9479484],"bbox":[-23.5741535,14.9279484,-23.5341535,14.9679484]}
{"name":"Vera Cruz","display_name":"Vera Cruz, São Lourenço, Mira Mira, São Filipe, Cabo Verde","address":{"hamlet":"Vera Cruz","city_district":"São Lourenço","village":"Mira Mira","county":"São Filipe","ISO3166-2-lvl6":"CV-SF","country":"Cabo Verde","country_code":"cv"},"osm_type":"node","osm_id":9734856455,"type":"hamlet","location":[-24.4425127,14.9738871],"bbox":[-24.4625127,14.9538871,-24.4225127,14.9938871]}
{"name":"Vinagre","display_name":"Vinagre, Nova Sintra, Brava, 9110, Cabo Verde","address":{"hamlet":"Vinagre","town":"Nova Sintra","county":"Brava","ISO3166-2-lvl6":"CV-BR","postcode":"9110","country":"Cabo Verde","country_code":"cv"},"osm_type":"node","osm_id":5879417013,"type":"hamlet","location":[-24.6825145,14.8698108],"bbox":[-24.7025145,14.8498108,-24.6625145,14.8898108]}
{"name":"Vinha","display_name":"Vinha, Ribeira Grande, 1210, Cabo Verde","address":{"hamlet":"Vinha","county":"Ribeira Grande","ISO3166-2-lvl6":"CV-RG","postcode":"1210","country":"Cabo Verde","country_code":"cv"},"osm_type":"node","osm_id":4651317940,"type":"hamlet","location":[-25.0690082,17.1409246],"bbox":[-25.0890082,17.1209246,-25.0490082,17.1609246]}
{"name":"Vista Pereira","display_name":"Vista Pereira, Ribeira Grande de Santiago, Cabo Verde","address":{"hamlet":"Vista Pereira","county":"Ribeira Grande de Santiago","ISO3166-2-lvl6":"CV-RS","country":"Cabo Verde","country_code":"cv"},"osm_type":"node","osm_id":7364479923,"type":"hamlet","location":[-23.6684367,14.9681426],"bbox":[-23.6884367,14.9481426,-23.6484367,14.9881426]}
{"name":"Xaxa","display_name":"Xaxa, Gomgom, São Miguel, Cabo Verde","address":{"hamlet":"Xaxa","village":"Gomgom","county":"São Miguel","ISO3166-2-lvl6":"CV-SM","country":"Cabo Verde","country_code":"cv"},"osm_type":"node","osm_id":7076689295,"type":"hamlet","location":[-23.6567722,15.1967768],"bbox":[-23.6767722,15.1767768,-23.6367722,15.2167768]}
{"name":"Zambujeiro","display_name":"Zambujeiro, São Lourenço, Renque, São Filipe, Cabo Verde","address":{"hamlet":"Zambujeiro","city_district":"São Lourenço","village":"Renque","county":"São Filipe","ISO3166-2-lvl6":"CV-SF","country":"Cabo Verde","country_code":"cv"},"osm_type":"node","osm_id":2049770885,"type":"hamlet","location":[-24.4434456,14.946195],"bbox":[-24.4634456,14.926195,-24.4234456,14.966195]}
