{"name":"Ambalavao","display_name":"Ambalavao, District d'Ambalavao, Matsiatra Ambony, Province de Fianarantsoa, Madagasikara / Madagascar","address":{"town":"Ambalavao","county":"District d'Ambalavao","state":"Matsiatra Ambony","ISO3166-2-lvl3":"MG-F","country":"Madagasikara / Madagascar","country_code":"mg"},"population":43231,"osm_type":"node","osm_id":701529816,"type":"town","location":[46.9384737,-21.8316233],"bbox":[46.8984737,-21.8716233,46.9784737,-21.7916233],"border":{"name":"Ambalavao","other_names":{"name:fr":"Ambalavao"},"display_name":"Ambalavao, District d'Ambalavao, Matsiatra Ambony, Province de Fianarantsoa, 303, Madagasikara / Madagascar","address":{"town":"Ambalavao","county":"District d'Ambalavao","state":"Matsiatra Ambony","ISO3166-2-lvl3":"MG-F","postcode":"303","country":"Madagasikara / Madagascar","country_code":"mg"},"population":43231,"osm_type":"relation","osm_id":18116674,"type":"administrative","location":[46.9384737,-21.8316233],"bbox":[46.8621451,-21.8886997,47.0136845,-21.770489]}}
{"name":"Ambanja","display_name":"Ambanja, Diana, Province d'Antsiranana, Madagasikara / Madagascar","address":{"town":"Ambanja","state":"Diana","ISO3166-2-lvl3":"MG-D","country":"Madagasikara / Madagascar","country_code":"mg"},"population":60321,"osm_type":"node","osm_id":715574491,"type":"town","location":[48.4527762,-13.6758118],"bbox":[48.4127762,-13.7158118,48.4927762,-13.6358118]}
{"name":"Ambato Boeny","display_name":"Ambato Boeny, Boeny, Province de Mahajanga, Madagasikara / Madagascar","address":{"town":"Ambato Boeny","state":"Boeny","region":"Province de Mahajanga","ISO3166-2-lvl3":"MG-M","country":"Madagasikara / Madagascar","country_code":"mg"},"population":33456,"osm_type":"node","osm_id":1907078999,"type":"town","location":[46.7148208,-16.4716451],"bbox":[46.6748208,-16.5116451,46.7548208,-16.4316451]}
{"name":"Ambatofinandrahana","display_name":"Ambatofinandrahana, Amoron'i Mania, Province de Fianarantsoa, Madagasikara / Madagascar","address":{"town":"Ambatofinandrahana","state":"Amoron'i Mania","ISO3166-2-lvl3":"MG-F","country":"Madagasikara / Madagascar","country_code":"mg"},"population":37409,"osm_type":"node","osm_id":1862490336,"type":"town","location":[46.8032175,-20.5505835],"bbox":[46.7632175,-20.5905835,46.8432175,-20.5105835]}
{"name":"Ambatolahy","display_name":"Ambatolahy, Menabe, Province de Toliara, Madagasikara / Madagascar","address":{"town":"Ambatolahy","state":"Menabe","region":"Province de Toliara","ISO3166-2-lvl3":"MG-U","country":"Madagasikara / Madagascar","country_code":"mg"},"osm_type":"node","osm_id":727308348,"type":"town","location":[45.5386322,-20.012543],"bbox":[45.4986322,-20.052543,45.5786322,-19.972543]}
{"name":"Ambatolampy","display_name":"Ambatolampy, Vakinankaratra, Province d’Antananarivo, Madagasikara / Madagascar","address":{"town":"Ambatolampy","state":"Vakinankaratra","ISO3166-2-lvl3":"MG-T","country":"Madagasikara / Madagascar","country_code":"mg"},"population":32291,"osm_type":"node","osm_id":711526109,"type":"town","location":[47.4271559,-19.3858258],"bbox":[47.3871559,-19.4258258,47.4671559,-19.3458258]}
{"name":"Ambatomainty","display_name":"Ambatomainty, Melaky, Province de Mahajanga, Madagasikara / Madagascar","address":{"town":"Ambatomainty","state":"Melaky","region":"Province de Mahajanga","ISO3166-2-lvl3":"MG-M","country":"Madagasikara / Madagascar","country_code":"mg"},"osm_type":"node","osm_id":300385305,"type":"town","location":[45.6655134,-17.6963929],"bbox":[45.6255134,-17.7363929,45.7055134,-17.6563929]}
{"name":"Ambatondrazaka","display_name":"Ambatondrazaka, Alaotra-Mangoro, Province de Tamatave, Madagasikara / Madagascar","address":{"town":"Ambatondrazaka","state":"Alaotra-Mangoro","ISO3166-2-lvl3":"MG-A","country":"Madagasikara / Madagascar","country_code":"mg"},"population":47649,"osm_type":"node","osm_id":1492685514,"type":"town","location":[48.4267188,-17.8237084],"bbox":[48.3867188,-17.8637084,48.4667188,-17.7837084]}
{"name":"Ambilobe","other_names":{"name:ru":"Амбилубе"},"display_name":"Ambilobe, Diana, Province d'Antsiranana, Madagasikara / Madagascar","address":{"town":"Ambilobe","state":"Diana","ISO3166-2-lvl3":"MG-D","country":"Madagasikara / Madagascar","country_code":"mg"},"population":62346,"osm_type":"node","osm_id":726665354,"type":"town","location":[49.049956,-13.194439],"bbox":[49.009956,-13.234439,49.089956,-13.154439]}
{"name":"Amboasary","other_names":{"alt_name":"Amboasary Atsimo"},"display_name":"Amboasary, Anosy, Province de Toliara, Madagasikara / Madagascar","address":{"town":"Amboasary","state":"Anosy","region":"Province de Toliara","ISO3166-2-lvl3":"MG-U","country":"Madagasikara / Madagascar","country_code":"mg"},"population":45989,"osm_type":"node","osm_id":1995273300,"type":"town","location":[46.3853238,-25.0359198],"bbox":[46.3453238,-25.0759198,46.4253238,-24.9959198],"border":{"name":"Amboasary","other_names":{"name:fr":"Amboasary Sud","alt_name":"Amboasary Atsimo"},"display_name":"Amboasary, Anosy, Province de Toliara, 603, Madagasikara / Madagascar","address":{"town":"Amboasary","state":"Anosy","region":"Province de Toliara","ISO3166-2-lvl3":"MG-U","postcode":"603","country":"Madagasikara / Madagascar","country_code":"mg"},"population":28386,"osm_type":"relation","osm_id":3720836,"type":"administrative","location":[46.3853238,-25.0359198],"bbox":[46.2675313,-25.1375162,46.5115253,-24.9778808]}}
{"name":"Ambodifototra","other_names":{"alt_name":"Ambodifototra"},"display_name":"Ambodifototra, District de Nosy Boraha, Analanjirofo, Province de Tamatave, Madagasikara / Madagascar","address":{"town":"Ambodifototra","county":"District de Nosy Boraha","state":"Analanjirofo","ISO3166-2-lvl3":"MG-A","country":"Madagasikara / Madagascar","country_code":"mg"},"population":26822,"osm_type":"node","osm_id":678832056,"type":"town","location":[49.8525772,-16.9996379],"bbox":[49.8125772,-17.0396379,49.8925772,-16.9596379]}
{"name":"Ambohidratrimo","display_name":"Ambohidratrimo, District d'Ambohidratrimo, Analamanga, Province d’Antananarivo, 105, Madagasikara / Madagascar","address":{"town":"Ambohidratrimo","county":"District d'Ambohidratrimo","state":"Analamanga","ISO3166-2-lvl3":"MG-T","postcode":"105","country":"Madagasikara / Madagascar","country_code":"mg"},"population":23760,"osm_type":"node","osm_id":637715770,"type":"town","location":[47.4395021,-18.8186405],"bbox":[47.3995021,-18.8586405,47.4795021,-18.7786405]}
{"name":"Ambohimahasoa","display_name":"Ambohimahasoa, District d'Ambohimahasoa, Matsiatra Ambony, Province de Fianarantsoa, Madagasikara / Madagascar","address":{"town":"Ambohimahasoa","county":"District d'Ambohimahasoa","state":"Matsiatra Ambony","ISO3166-2-lvl3":"MG-F","country":"Madagasikara / Madagascar","country_code":"mg"},"population":11606,"osm_type":"node","osm_id":316842941,"type":"town","location":[47.214455,-21.106357],"bbox":[47.174455,-21.146357,47.254455,-21.066357],"border":{"name":"Ambohimahasoa","other_names":{"name:fr":"Ambohimahasoa"},"display_name":"Ambohimahasoa, District d'Ambohimahasoa, Matsiatra Ambony, Province de Fianarantsoa, Madagasikara / Madagascar","address":{"town":"Ambohimahasoa","county":"District d'Ambohimahasoa","state":"Matsiatra Ambony","ISO3166-2-lvl3":"MG-F","country":"Madagasikara / Madagascar","country_code":"mg"},"population":11606,"osm_type":"relation","osm_id":18101104,"type":"administrative","location":[47.214455,-21.106357],"bbox":[47.1879315,-21.1159098,47.2284007,-21.0674411]}}
{"name":"Ambondromamy","display_name":"Ambondromamy, Boeny, Province de Mahajanga, Madagasikara / Madagascar","address":{"town":"Ambondromamy","state":"Boeny","region":"Province de Mahajanga","ISO3166-2-lvl3":"MG-M","country":"Madagasikara / Madagascar","country_code":"mg"},"osm_type":"node","osm_id":574302812,"type":"town","location":[47.156923,-16.436889],"bbox":[47.116923,-16.476889,47.196923,-16.396889]}
{"name":"Ambositra","display_name":"Ambositra, Amoron'i Mania, Province de Fianarantsoa, 306, Madagasikara / Madagascar","address":{"town":"Ambositra","state":"Amoron'i Mania","ISO3166-2-lvl3":"MG-F","postcode":"306","country":"Madagasikara / Madagascar","country_code":"mg"},"population":41078,"osm_type":"node","osm_id":316841166,"type":"town","location":[47.2450521,-20.5328149],"bbox":[47.2050521,-20.5728149,47.2850521,-20.4928149]}
{"name":"Ambovombe","other_names":{"alt_name":"Ambovombe Centre","loc_name":"Ambovombe"},"display_name":"Ambovombe, Amoron'i Mania, Province de Fianarantsoa, 322, Madagasikara / Madagascar","address":{"town":"Ambovombe","state":"Amoron'i Mania","ISO3166-2-lvl3":"MG-F","postcode":"322","country":"Madagasikara / Madagascar","country_code":"mg"},"osm_type":"node","osm_id":1948690911,"type":"town","location":[47.0761439,-20.7780568],"bbox":[47.0361439,-20.8180568,47.1161439,-20.7380568]}
{"name":"Ambovombe","display_name":"Ambovombe, Androy, Province de Toliara, 604, Madagasikara / Madagascar","address":{"town":"Ambovombe","state":"Androy","region":"Province de Toliara","ISO3166-2-lvl3":"MG-U","postcode":"604","country":"Madagasikara / Madagascar","country_code":"mg"},"population":65402,"osm_type":"node","osm_id":866601087,"type":"town","location":[46.0877489,-25.178398],"bbox":[46.0477489,-25.218398,46.1277489,-25.138398],"border":{"name":"Ambovombe","display_name":"Ambovombe, Androy, Province de Toliara, 604, Madagasikara / Madagascar","address":{"town":"Ambovombe","state":"Androy","region":"Province de Toliara","ISO3166-2-lvl3":"MG-U","postcode":"604","country":"Madagasikara / Madagascar","country_code":"mg"},"population":65402,"osm_type":"way","osm_id":939073262,"type":"town","location":[46.0877489,-25.178398],"bbox":[46.0758716,-25.1853614,46.1040883,-25.1680536]}}
{"name":"Ampanihy","display_name":"Ampanihy, Atsimo-Andrefana, Province de Toliara, Madagasikara / Madagascar","address":{"town":"Ampanihy","state":"Atsimo-Andrefana","region":"Province de Toliara","ISO3166-2-lvl3":"MG-U","country":"Madagasikara / Madagascar","country_code":"mg"},"population":38000,"osm_type":"node","osm_id":727284608,"type":"town","location":[44.7463882,-24.6926617],"bbox":[44.7063882,-24.7326617,44.7863882,-24.6526617]}
{"name":"Amparafaravola","display_name":"Amparafaravola, Alaotra-Mangoro, Province de Tamatave, Madagasikara / Madagascar","address":{"town":"Amparafaravola","state":"Alaotra-Mangoro","ISO3166-2-lvl3":"MG-A","country":"Madagasikara / Madagascar","country_code":"mg"},"population":33299,"osm_type":"node","osm_id":2121490022,"type":"town","location":[48.2237417,-17.587293],"bbox":[48.1837417,-17.627293,48.2637417,-17.547293]}
{"name":"Analalava","display_name":"Analalava, District de Analalava, Sofia, Province de Mahajanga, Madagasikara / Madagascar","address":{"town":"Analalava","county":"District de Analalava","state":"Sofia","region":"Province de Mahajanga","ISO3166-2-lvl3":"MG-M","country":"Madagasikara / Madagascar","country_code":"mg"},"population":12991,"osm_type":"node","osm_id":713527688,"type":"town","location":[47.7487026,-14.6320018],"bbox":[47.7087026,-14.6720018,47.7887026,-14.5920018]}
{"name":"Analavory","display_name":"Analavory, Itasy, Province d’Antananarivo, Madagasikara / Madagascar","address":{"town":"Analavory","state":"Itasy","ISO3166-2-lvl3":"MG-T","country":"Madagasikara / Madagascar","country_code":"mg"},"osm_type":"node","osm_id":1808577147,"type":"town","location":[46.7161791,-18.9746393],"bbox":[46.6761791,-19.0146393,46.7561791,-18.9346393]}
{"name":"Andapa","display_name":"Andapa, District d'Andapa, Sava, Province d'Antsiranana, Madagasikara / Madagascar","address":{"town":"Andapa","county":"District d'Andapa","state":"Sava","ISO3166-2-lvl3":"MG-D","country":"Madagasikara / Madagascar","country_code":"mg"},"population":34616,"osm_type":"node","osm_id":721308145,"type":"town","location":[49.6517827,-14.6622706],"bbox":[49.6117827,-14.7022706,49.6917827,-14.6222706],"border":{"name":"Andapa","display_name":"Andapa, District d'Andapa, Sava, Province d'Antsiranana, 205, Madagasikara / Madagascar","address":{"town":"Andapa","county":"District d'Andapa","state":"Sava","ISO3166-2-lvl3":"MG-D","postcode":"205","country":"Madagasikara / Madagascar","country_code":"mg"},"population":34616,"osm_type":"relation","osm_id":17693470,"type":"administrative","location":[49.6517827,-14.6622706],"bbox":[49.6146845,-14.7101475,49.6916528,-14.62113]}}
{"name":"Andilamena","display_name":"Andilamena, Alaotra-Mangoro, Province de Tamatave, Madagasikara / Madagascar","address":{"town":"Andilamena","state":"Alaotra-Mangoro","ISO3166-2-lvl3":"MG-A","country":"Madagasikara / Madagascar","country_code":"mg"},"population":37229,"osm_type":"node","osm_id":1912068799,"type":"town","location":[48.5725128,-17.0141073],"bbox":[48.5325128,-17.0541073,48.6125128,-16.9741073]}
{"name":"Andohanilakaka","other_names":{"alt_name":"Ilakaka"},"display_name":"Andohanilakaka, District d'Ihosy, Ihorombe, Province de Fianarantsoa, Madagasikara / Madagascar","address":{"town":"Andohanilakaka","county":"District d'Ihosy","state":"Ihorombe","ISO3166-2-lvl3":"MG-F","country":"Madagasikara / Madagascar","country_code":"mg"},"osm_type":"node","osm_id":316844748,"type":"town","location":[45.2147386,-22.700384],"bbox":[45.1747386,-22.740384,45.2547386,-22.660384]}
{"name":"Andriamena","display_name":"Andriamena, Betsiboka, Province de Mahajanga, Madagasikara / Madagascar","address":{"town":"Andriamena","state":"Betsiboka","region":"Province de Mahajanga","ISO3166-2-lvl3":"MG-M","country":"Madagasikara / Madagascar","country_code":"mg"},"osm_type":"node","osm_id":1920684450,"type":"town","location":[47.5045851,-17.4477109],"bbox":[47.4645851,-17.4877109,47.5445851,-17.4077109]}
{"name":"Anjozorobe","display_name":"Anjozorobe, District d'Anjozorobe, Analamanga, Province d’Antananarivo, Madagasikara / Madagascar","address":{"town":"Anjozorobe","county":"District d'Anjozorobe","state":"Analamanga","ISO3166-2-lvl3":"MG-T","country":"Madagasikara / Madagascar","country_code":"mg"},"population":24117,"osm_type":"node","osm_id":1918891239,"type":"town","location":[47.8820115,-18.401176],"bbox":[47.8420115,-18.441176,47.9220115,-18.361176],"border":{"name":"Anjozorobe","display_name":"Anjozorobe, District d'Anjozorobe, Analamanga, Province d’Antananarivo, Madagasikara / Madagascar","address":{"town":"Anjozorobe","county":"District d'Anjozorobe","state":"Analamanga","ISO3166-2-lvl3":"MG-T","country":"Madagasikara / Madagascar","country_code":"mg"},"population":24117,"osm_type":"relation","osm_id":17813005,"type":"administrative","location":[47.8820115,-18.401176],"bbox":[47.74812,-18.5151213,47.9954748,-18.3057606]}}
{"name":"Ankadinondry Sakay","other_names":{"alt_name":"Sakay","old_name":"Babetville"},"display_name":"Ankadinondry Sakay, Bongolava, Province d’Antananarivo, Madagasikara / Madagascar","address":{"town":"Ankadinondry Sakay","state":"Bongolava","ISO3166-2-lvl3":"MG-T","country":"Madagasikara / Madagascar","country_code":"mg"},"osm_type":"node","osm_id":2006266811,"type":"town","location":[46.4632881,-19.0001819],"bbox":[46.4232881,-19.0401819,46.5032881,-18.9601819]}
{"name":"Ankazoabo","display_name":"Ankazoabo, Atsimo-Andrefana, Province de Toliara, Madagasikara / Madagascar","address":{"town":"Ankazoabo","state":"Atsimo-Andrefana","region":"Province de Toliara","ISO3166-2-lvl3":"MG-U","country":"Madagasikara / Madagascar","country_code":"mg"},"osm_type":"node","osm_id":1812785918,"type":"town","location":[44.5101013,-22.2926719],"bbox":[44.4701013,-22.3326719,44.5501013,-22.2526719]}
{"name":"Ankazobe","display_name":"Ankazobe, District d'Ankazobe, Analamanga, Province d’Antananarivo, Madagasikara / Madagascar","address":{"town":"Ankazobe","county":"District d'Ankazobe","state":"Analamanga","ISO3166-2-lvl3":"MG-T","country":"Madagasikara / Madagascar","country_code":"mg"},"population":26845,"osm_type":"node","osm_id":300385517,"type":"town","location":[47.1144865,-18.3143843],"bbox":[47.0744865,-18.3543843,47.1544865,-18.2743843],"border":{"name":"Ankazobe","display_name":"Ankazobe, District d'Ankazobe, Analamanga, Province d’Antananarivo, Madagasikara / Madagascar","address":{"town":"Ankazobe","county":"District d'Ankazobe","state":"Analamanga","ISO3166-2-lvl3":"MG-T","country":"Madagasikara / Madagascar","country_code":"mg"},"population":26845,"osm_type":"relation","osm_id":17813031,"type":"administrative","location":[47.1144865,-18.3143843],"bbox":[46.9170771,-18.4150715,47.297378,-18.0680273]}}
{"name":"Ankazomiriotra","display_name":"Ankazomiriotra, Vakinankaratra, Province d’Antananarivo, Madagasikara / Madagascar","address":{"town":"Ankazomiriotra","state":"Vakinankaratra","ISO3166-2-lvl3":"MG-T","country":"Madagasikara / Madagascar","country_code":"mg"},"osm_type":"node","osm_id":1963938854,"type":"town","location":[46.5332578,-19.6599454],"bbox":[46.4932578,-19.6999454,46.5732578,-19.6199454]}
{"name":"Ankilizato","display_name":"Ankilizato, Menabe, Province de Toliara, Madagasikara / Madagascar","address":{"town":"Ankilizato","state":"Menabe","region":"Province de Toliara","ISO3166-2-lvl3":"MG-U","country":"Madagasikara / Madagascar","country_code":"mg"},"osm_type":"node","osm_id":337945914,"type":"town","location":[45.046357,-20.408832],"bbox":[45.006357,-20.448832,45.086357,-20.368832],"border":{"name":"Ankilizato","display_name":"Ankilizato, Menabe, Province de Toliara, Madagasikara / Madagascar","address":{"town":"Ankilizato","state":"Menabe","region":"Province de Toliara","ISO3166-2-lvl3":"MG-U","country":"Madagasikara / Madagascar","country_code":"mg"},"osm_type":"way","osm_id":798013327,"type":"town","location":[45.046357,-20.408832],"bbox":[45.0412631,-20.4166972,45.0613078,-20.4019658]}}
{"name":"Anosibe an'ala","other_names":{"name:ru":"Аносибе-Аннала"},"display_name":"Anosibe an'ala, Alaotra-Mangoro, Province de Tamatave, Madagasikara / Madagascar","address":{"town":"Anosibe an'ala","state":"Alaotra-Mangoro","ISO3166-2-lvl3":"MG-A","country":"Madagasikara / Madagascar","country_code":"mg"},"osm_type":"node","osm_id":1905989268,"type":"town","location":[48.2060125,-19.4382256],"bbox":[48.1660125,-19.4782256,48.2460125,-19.3982256]}
{"name":"Antalaha","other_names":{"name:en":"Antalaha","name:ru":"Анталаха","name:uk":"Анталаха"},"display_name":"Antalaha, District d'Antalaha, Sava, Province d'Antsiranana, Madagasikara / Madagascar","address":{"town":"Antalaha","county":"District d'Antalaha","state":"Sava","ISO3166-2-lvl3":"MG-D","country":"Madagasikara / Madagascar","country_code":"mg"},"population":67888,"osm_type":"node","osm_id":888302465,"type":"town","location":[50.2810433,-14.9012302],"bbox":[50.2410433,-14.9412302,50.3210433,-14.8612302],"border":{"name":"Antalaha","other_names":{"name:en":"Antalaha","name:ru":"Анталаха","name:uk":"Анталаха"},"display_name":"Antalaha, District d'Antalaha, Sava, Province d'Antsiranana, Madagasikara / Madagascar","address":{"town":"Antalaha","county":"District d'Antalaha","state":"Sava","ISO3166-2-lvl3":"MG-D","country":"Madagasikara / Madagascar","country_code":"mg"},"population":67888,"osm_type":"relation","osm_id":17693515,"type":"administrative","location":[50.2810433,-14.9012302],"bbox":[50.17168,-14.99983,50.3252405,-14.812082]}}
{"name":"Antanambao Manampontsy","display_name":"Antanambao Manampontsy, Atsinanana, Province de Tamatave, Madagasikara / Madagascar","address":{"town":"Antanambao Manampontsy","state":"Atsinanana","ISO3166-2-lvl3":"MG-A","country":"Madagasikara / Madagascar","country_code":"mg"},"osm_type":"node","osm_id":1920645401,"type":"town","location":[48.5738096,-19.4853201],"bbox":[48.5338096,-19.5253201,48.6138096,-19.4453201]}
{"name":"Antanifotsy","display_name":"Antanifotsy, Vakinankaratra, Province d’Antananarivo, 109, Madagasikara / Madagascar","address":{"town":"Antanifotsy","state":"Vakinankaratra","ISO3166-2-lvl3":"MG-T","postcode":"109","country":"Madagasikara / Madagascar","country_code":"mg"},"osm_type":"node","osm_id":1906027819,"type":"town","location":[47.3236143,-19.6612484],"bbox":[47.2836143,-19.7012484,47.3636143,-19.6212484]}
{"name":"Antanimora","display_name":"Antanimora, Androy, Province de Toliara, Madagasikara / Madagascar","address":{"town":"Antanimora","state":"Androy","region":"Province de Toliara","ISO3166-2-lvl3":"MG-U","country":"Madagasikara / Madagascar","country_code":"mg"},"osm_type":"node","osm_id":8780453843,"type":"town","location":[45.6576133,-24.8190296],"bbox":[45.6176133,-24.8590296,45.6976133,-24.7790296]}
{"name":"Antsalova","display_name":"Antsalova, Melaky, Province de Mahajanga, 406, Madagasikara / Madagascar","address":{"town":"Antsalova","state":"Melaky","region":"Province de Mahajanga","ISO3166-2-lvl3":"MG-M","postcode":"406","country":"Madagasikara / Madagascar","country_code":"mg"},"osm_type":"node","osm_id":724521817,"type":"town","location":[44.6219368,-18.6757519],"bbox":[44.5819368,-18.7157519,44.6619368,-18.6357519]}
{"name":"Antsohihy","display_name":"Antsohihy, Sofia, Province de Mahajanga, Madagasikara / Madagascar","address":{"town":"Antsohihy","state":"Sofia","region":"Province de Mahajanga","ISO3166-2-lvl3":"MG-M","country":"Madagasikara / Madagascar","country_code":"mg"},"population":38253,"osm_type":"node","osm_id":713524647,"type":"town","location":[47.98715,-14.8775272],"bbox":[47.94715,-14.9175272,48.02715,-14.8375272]}
{"name":"Arivonimamo","display_name":"Arivonimamo, Itasy, Province d’Antananarivo, 112, Madagasikara / Madagascar","address":{"town":"Arivonimamo","state":"Itasy","ISO3166-2-lvl3":"MG-T","postcode":"112","country":"Madagasikara / Madagascar","country_code":"mg"},"population":28324,"osm_type":"node","osm_id":1809417673,"type":"town","location":[47.1797742,-19.0087687],"bbox":[47.1397742,-19.0487687,47.2197742,-18.9687687]}
{"display_name":"Atsimo-Andrefana, Province de Toliara, Madagasikara / Madagascar","address":{"state":"Atsimo-Andrefana","region":"Province de Toliara","ISO3166-2-lvl3":"MG-U","country":"Madagasikara / Madagascar","country_code":"mg"},"osm_type":"node","osm_id":11688835431,"type":"town","location":[44.5925367,-22.8287466],"bbox":[44.5525367,-22.8687466,44.6325367,-22.7887466]}
{"display_name":"Atsimo-Andrefana, Province de Toliara, Madagasikara / Madagascar","address":{"state":"Atsimo-Andrefana","region":"Province de Toliara","ISO3166-2-lvl3":"MG-U","country":"Madagasikara / Madagascar","country_code":"mg"},"osm_type":"node","osm_id":11688835960,"type":"town","location":[44.7316796,-22.6972623],"bbox":[44.6916796,-22.7372623,44.7716796,-22.6572623]}
{"name":"Bealanana","display_name":"Bealanana, Sofia, Province de Mahajanga, Madagasikara / Madagascar","address":{"town":"Bealanana","state":"Sofia","region":"Province de Mahajanga","ISO3166-2-lvl3":"MG-M","country":"Madagasikara / Madagascar","country_code":"mg"},"population":30937,"osm_type":"node","osm_id":1814931788,"type":"town","location":[48.7482434,-14.5423728],"bbox":[48.7082434,-14.5823728,48.7882434,-14.5023728]}
{"name":"Befandriana","display_name":"Befandriana, Sofia, Province de Mahajanga, 409, Madagasikara / Madagascar","address":{"town":"Befandriana","state":"Sofia","region":"Province de Mahajanga","ISO3166-2-lvl3":"MG-M","postcode":"409","country":"Madagasikara / Madagascar","country_code":"mg"},"osm_type":"node","osm_id":1935660318,"type":"town","location":[48.5420235,-15.254677],"bbox":[48.5020235,-15.294677,48.5820235,-15.214677]}
{"name":"Bekily","display_name":"Bekily, Morafeno Bekily, District de Bekily, Androy, Province de Toliara, Madagasikara / Madagascar","address":{"town":"Bekily","city":"Morafeno Bekily","county":"District de Bekily","state":"Androy","region":"Province de Toliara","ISO3166-2-lvl3":"MG-U","country":"Madagasikara / Madagascar","country_code":"mg"},"population":20915,"osm_type":"node","osm_id":2272560314,"type":"town","location":[45.3189359,-24.2220541],"bbox":[45.2789359,-24.2620541,45.3589359,-24.1820541]}
{"name":"Belo-Tsiribihina","other_names":{"loc_name":"Belo"},"display_name":"Belo-Tsiribihina, Menabe, Province de Toliara, 608, Madagasikara / Madagascar","address":{"town":"Belo-Tsiribihina","state":"Menabe","region":"Province de Toliara","ISO3166-2-lvl3":"MG-U","postcode":"608","country":"Madagasikara / Madagascar","country_code":"mg"},"osm_type":"node","osm_id":725564687,"type":"town","location":[44.5483552,-19.7014439],"bbox":[44.5083552,-19.7414439,44.5883552,-19.6614439]}
{"name":"Beloha","display_name":"Beloha, Androy, Province de Toliara, Madagasikara / Madagascar","address":{"town":"Beloha","state":"Androy","region":"Province de Toliara","ISO3166-2-lvl3":"MG-U","country":"Madagasikara / Madagascar","country_code":"mg"},"osm_type":"node","osm_id":727284607,"type":"town","location":[45.0610399,-25.173662],"bbox":[45.0210399,-25.213662,45.1010399,-25.133662]}
{"name":"Beroroha","display_name":"Beroroha, Atsimo-Andrefana, Province de Toliara, Madagasikara / Madagascar","address":{"town":"Beroroha","state":"Atsimo-Andrefana","region":"Province de Toliara","ISO3166-2-lvl3":"MG-U","country":"Madagasikara / Madagascar","country_code":"mg"},"osm_type":"node","osm_id":1811661203,"type":"town","location":[45.169849,-21.679782],"bbox":[45.129849,-21.719782,45.209849,-21.639782]}
{"name":"Besalampy","display_name":"Besalampy, Melaky, Province de Mahajanga, Madagasikara / Madagascar","address":{"town":"Besalampy","state":"Melaky","region":"Province de Mahajanga","ISO3166-2-lvl3":"MG-M","country":"Madagasikara / Madagascar","country_code":"mg"},"population":11331,"osm_type":"node","osm_id":300388295,"type":"town","location":[44.4908675,-16.7484406],"bbox":[44.4508675,-16.7884406,44.5308675,-16.7084406]}
{"name":"Betafo","display_name":"Betafo, Vakinankaratra, Province d’Antananarivo, Madagasikara / Madagascar","address":{"town":"Betafo","state":"Vakinankaratra","ISO3166-2-lvl3":"MG-T","country":"Madagasikara / Madagascar","country_code":"mg"},"population":34336,"osm_type":"node","osm_id":727308344,"type":"town","location":[46.8562285,-19.8385451],"bbox":[46.8162285,-19.8785451,46.8962285,-19.7985451]}
{"name":"Betioka","other_names":{"alt_name":"Betioky"},"display_name":"Betioka, Atsimo-Andrefana, Province de Toliara, Madagasikara / Madagascar","address":{"town":"Betioka","state":"Atsimo-Andrefana","region":"Province de Toliara","ISO3166-2-lvl3":"MG-U","country":"Madagasikara / Madagascar","country_code":"mg"},"population":25612,"osm_type":"node","osm_id":727284617,"type":"town","location":[44.3794652,-23.718638],"bbox":[44.3394652,-23.758638,44.4194652,-23.678638]}
{"name":"Betroka","display_name":"Betroka, Anosy, Province de Toliara, Madagasikara / Madagascar","address":{"town":"Betroka","state":"Anosy","region":"Province de Toliara","ISO3166-2-lvl3":"MG-U","country":"Madagasikara / Madagascar","country_code":"mg"},"population":17327,"osm_type":"node","osm_id":889874221,"type":"town","location":[46.097117,-23.2672273],"bbox":[46.057117,-23.3072273,46.137117,-23.2272273]}
{"name":"Bezaha","display_name":"Bezaha, Atsimo-Andrefana, Province de Toliara, Madagasikara / Madagascar","address":{"town":"Bezaha","state":"Atsimo-Andrefana","region":"Province de Toliara","ISO3166-2-lvl3":"MG-U","country":"Madagasikara / Madagascar","country_code":"mg"},"osm_type":"node","osm_id":1905925256,"type":"town","location":[44.5011974,-23.5023967],"bbox":[44.4611974,-23.5423967,44.5411974,-23.4623967]}
{"display_name":"Bongolava, Province d’Antananarivo, Madagasikara / Madagascar","address":{"state":"Bongolava","ISO3166-2-lvl3":"MG-T","country":"Madagasikara / Madagascar","country_code":"mg"},"osm_type":"node","osm_id":11417749788,"type":"town","location":[46.330159,-18.5471659],"bbox":[46.290159,-18.5871659,46.370159,-18.5071659]}
{"name":"Brickaville","other_names":{"alt_name":"Ampasimanolotra"},"display_name":"Brickaville, District de Brickaville, Atsinanana, Province de Tamatave, Madagasikara / Madagascar","address":{"town":"Brickaville","county":"District de Brickaville","state":"Atsinanana","ISO3166-2-lvl3":"MG-A","country":"Madagasikara / Madagascar","country_code":"mg"},"population":27865,"osm_type":"node","osm_id":593976824,"type":"town","location":[49.0694434,-18.8208628],"bbox":[49.0294434,-18.8608628,49.1094434,-18.7808628],"border":{"name":"Brickaville","other_names":{"name:fr":"Brickaville","alt_name":"Ampasimanolotra"},"display_name":"Brickaville, District de Brickaville, Atsinanana, Province de Tamatave, Madagasikara / Madagascar","address":{"town":"Brickaville","county":"District de Brickaville","state":"Atsinanana","ISO3166-2-lvl3":"MG-A","country":"Madagasikara / Madagascar","country_code":"mg"},"population":27865,"osm_type":"relation","osm_id":8073940,"type":"administrative","location":[49.0694434,-18.8208628],"bbox":[48.98582,-18.88903,49.1336491,-18.74658]}}
{"display_name":"District d'Ivohibe, Ihorombe, Province de Fianarantsoa, Madagasikara / Madagascar","address":{"county":"District d'Ivohibe","state":"Ihorombe","ISO3166-2-lvl3":"MG-F","country":"Madagasikara / Madagascar","country_code":"mg"},"osm_type":"node","osm_id":11870122818,"type":"town","location":[46.8274963,-22.3111132],"bbox":[46.7874963,-22.3511132,46.8674963,-22.2711132]}
{"name":"Dzamandzar","display_name":"Dzamandzar, District de Nosy Be, Diana, Province d'Antsiranana, 220, Madagasikara / Madagascar","address":{"town":"Dzamandzar","county":"District de Nosy Be","state":"Diana","ISO3166-2-lvl3":"MG-D","postcode":"220","country":"Madagasikara / Madagascar","country_code":"mg"},"osm_type":"node","osm_id":254617039,"type":"town","location":[48.1943884,-13.3516121],"bbox":[48.1543884,-13.3916121,48.2343884,-13.3116121]}
{"name":"Ejeda","display_name":"Ejeda, Atsimo-Andrefana, Province de Toliara, Madagasikara / Madagascar","address":{"town":"Ejeda","state":"Atsimo-Andrefana","region":"Province de Toliara","ISO3166-2-lvl3":"MG-U","country":"Madagasikara / Madagascar","country_code":"mg"},"osm_type":"node","osm_id":10737666768,"type":"town","location":[44.5152324,-24.3484524],"bbox":[44.4752324,-24.3884524,44.5552324,-24.3084524]}
{"name":"Fandriana","display_name":"Fandriana, Amoron'i Mania, Province de Fianarantsoa, Madagasikara / Madagascar","address":{"town":"Fandriana","state":"Amoron'i Mania","ISO3166-2-lvl3":"MG-F","country":"Madagasikara / Madagascar","country_code":"mg"},"population":29232,"osm_type":"node","osm_id":1917844504,"type":"town","location":[47.3783614,-20.2387837],"bbox":[47.3383614,-20.2787837,47.4183614,-20.1987837]}
{"name":"Farafangana","other_names":{"name:en":"Farafangana","name:ru":"Фарафангана"},"display_name":"Farafangana, District de Farafangana, Atsimo-Atsinanana, Province de Fianarantsoa, 309, Madagasikara / Madagascar","address":{"town":"Farafangana","county":"District de Farafangana","state":"Atsimo-Atsinanana","ISO3166-2-lvl3":"MG-F","postcode":"309","country":"Madagasikara / Madagascar","country_code":"mg"},"population":34676,"osm_type":"node","osm_id":727292572,"type":"town","location":[47.8307127,-22.8217524],"bbox":[47.7907127,-22.8617524,47.8707127,-22.7817524]}
{"name":"Faratsiho","display_name":"Faratsiho, Vakinankaratra, Province d’Antananarivo, Madagasikara / Madagascar","address":{"town":"Faratsiho","state":"Vakinankaratra","ISO3166-2-lvl3":"MG-T","country":"Madagasikara / Madagascar","country_code":"mg"},"osm_type":"node","osm_id":300388920,"type":"town","location":[46.9508361,-19.4050956],"bbox":[46.9108361,-19.4450956,46.9908361,-19.3650956]}
{"name":"Fenoarivo Atsinanana","other_names":{"name:fr":"Fénérive Est","name:mg":"Fenoarivo Atsinanana","loc_name":"Fénérive Est"},"display_name":"Fenoarivo Atsinanana, Analanjirofo, Province de Tamatave, 509, Madagasikara / Madagascar","address":{"town":"Fenoarivo Atsinanana","state":"Analanjirofo","ISO3166-2-lvl3":"MG-A","postcode":"509","country":"Madagasikara / Madagascar","country_code":"mg"},"population":41734,"osm_type":"node","osm_id":671507246,"type":"town","location":[49.4099733,-17.382029],"bbox":[49.3699733,-17.422029,49.4499733,-17.342029]}
{"name":"Fenoarivobe","other_names":{"alt_name":"Fenoarivo Afovoany"},"display_name":"Fenoarivobe, Bongolava, Province d’Antananarivo, Madagasikara / Madagascar","address":{"town":"Fenoarivobe","state":"Bongolava","ISO3166-2-lvl3":"MG-T","country":"Madagasikara / Madagascar","country_code":"mg"},"osm_type":"node","osm_id":300385656,"type":"town","location":[46.5642647,-18.4518171],"bbox":[46.5242647,-18.4918171,46.6042647,-18.4118171]}
{"name":"Hell-Ville","other_names":{"alt_name":"Andoany"},"display_name":"Hell-Ville, District de Nosy Be, Diana, Province d'Antsiranana, 207, Madagasikara / Madagascar","address":{"town":"Hell-Ville","county":"District de Nosy Be","state":"Diana","ISO3166-2-lvl3":"MG-D","postcode":"207","country":"Madagasikara / Madagascar","country_code":"mg"},"population":50251,"osm_type":"node","osm_id":254616909,"type":"town","location":[48.274305,-13.405413],"bbox":[48.234305,-13.445413,48.314305,-13.365413]}
{"name":"Iakora","display_name":"Iakora, District d'Iakora, Ihorombe, Province de Fianarantsoa, Madagasikara / Madagascar","address":{"town":"Iakora","county":"District d'Iakora","state":"Ihorombe","ISO3166-2-lvl3":"MG-F","country":"Madagasikara / Madagascar","country_code":"mg"},"osm_type":"node","osm_id":1811669671,"type":"town","location":[46.659336,-23.100785],"bbox":[46.619336,-23.140785,46.699336,-23.060785]}
{"name":"Ifanadiana","other_names":{"int_name":"Ifanadiana"},"display_name":"Ifanadiana, District d'Ifanadiana, Vatovavy, Province de Fianarantsoa, Madagasikara / Madagascar","address":{"town":"Ifanadiana","county":"District d'Ifanadiana","state":"Vatovavy","ISO3166-2-lvl3":"MG-F","country":"Madagasikara / Madagascar","country_code":"mg"},"population":15681,"osm_type":"node","osm_id":1314355275,"type":"town","location":[47.6366961,-21.3029887],"bbox":[47.5966961,-21.3429887,47.6766961,-21.2629887],"border":{"name":"Ifanadiana","other_names":{"name:fr":"Ifanadiana","int_name":"Ifanadiana"},"display_name":"Ifanadiana, District d'Ifanadiana, Vatovavy, Province de Fianarantsoa, Madagasikara / Madagascar","address":{"town":"Ifanadiana","county":"District d'Ifanadiana","state":"Vatovavy","ISO3166-2-lvl3":"MG-F","country":"Madagasikara / Madagascar","country_code":"mg"},"population":15681,"osm_type":"relation","osm_id":8256308,"type":"administrative","location":[47.6366961,-21.3029887],"bbox":[47.5741556,-21.4425559,47.74745,-21.2362369]}}
{"name":"Ihosy","display_name":"Ihosy, District d'Ihosy, Ihorombe, Province de Fianarantsoa, 313, Madagasikara / Madagascar","address":{"town":"Ihosy","county":"District d'Ihosy","state":"Ihorombe","ISO3166-2-lvl3":"MG-F","postcode":"313","country":"Madagasikara / Madagascar","country_code":"mg"},"population":39556,"osm_type":"node","osm_id":300217995,"type":"town","location":[46.1289903,-22.403183],"bbox":[46.0889903,-22.443183,46.1689903,-22.363183]}
{"name":"Ikalamavony","display_name":"Ikalamavony, District d'Ikalamavony, Matsiatra Ambony, Province de Fianarantsoa, Madagasikara / Madagascar","address":{"town":"Ikalamavony","county":"District d'Ikalamavony","state":"Matsiatra Ambony","ISO3166-2-lvl3":"MG-F","country":"Madagasikara / Madagascar","country_code":"mg"},"osm_type":"node","osm_id":1907304020,"type":"town","location":[46.5980166,-21.1671472],"bbox":[46.5580166,-21.2071472,46.6380166,-21.1271472],"border":{"name":"Ikalamavony","display_name":"Ikalamavony, District d'Ikalamavony, Matsiatra Ambony, Province de Fianarantsoa, Madagasikara / Madagascar","address":{"town":"Ikalamavony","county":"District d'Ikalamavony","state":"Matsiatra Ambony","ISO3166-2-lvl3":"MG-F","country":"Madagasikara / Madagascar","country_code":"mg"},"osm_type":"relation","osm_id":18177075,"type":"administrative","location":[46.5980166,-21.1671472],"bbox":[46.275824,-21.3526918,46.6895445,-20.9875219]}}
{"name":"Ikongo","other_names":{"alt_name":"Fort Carnot"},"display_name":"Ikongo, District d'Ikongo, Fitovinany, Province de Fianarantsoa, Madagasikara / Madagascar","address":{"town":"Ikongo","county":"District d'Ikongo","state":"Fitovinany","ISO3166-2-lvl3":"MG-F","country":"Madagasikara / Madagascar","country_code":"mg"},"population":36684,"osm_type":"node","osm_id":1920569280,"type":"town","location":[47.4359236,-21.8784467],"bbox":[47.3959236,-21.9184467,47.4759236,-21.8384467],"border":{"name":"Ikongo","other_names":{"alt_name":"Fort Carnot"},"display_name":"Ikongo, District d'Ikongo, Fitovinany, Province de Fianarantsoa, Madagasikara / Madagascar","address":{"town":"Ikongo","county":"District d'Ikongo","state":"Fitovinany","ISO3166-2-lvl3":"MG-F","country":"Madagasikara / Madagascar","country_code":"mg"},"population":36684,"osm_type":"relation","osm_id":17560732,"type":"administrative","location":[47.4359236,-21.8784467],"bbox":[47.3200893,-22.0187018,47.6517524,-21.7497975]}}
{"name":"Imerintsiatosika","display_name":"Imerintsiatosika, Itasy, Province d’Antananarivo, Madagasikara / Madagascar","address":{"town":"Imerintsiatosika","state":"Itasy","ISO3166-2-lvl3":"MG-T","country":"Madagasikara / Madagascar","country_code":"mg"},"osm_type":"node","osm_id":2265791133,"type":"town","location":[47.3238704,-18.9812396],"bbox":[47.2838704,-19.0212396,47.3638704,-18.9412396]}
{"name":"Isoanala","display_name":"Isoanala, Anosy, Province de Toliara, Madagasikara / Madagascar","address":{"town":"Isoanala","state":"Anosy","region":"Province de Toliara","ISO3166-2-lvl3":"MG-U","country":"Madagasikara / Madagascar","country_code":"mg"},"osm_type":"node","osm_id":1976552330,"type":"town","location":[45.714519,-23.835297],"bbox":[45.674519,-23.875297,45.754519,-23.795297]}
{"display_name":"Itasy, Province d’Antananarivo, Madagasikara / Madagascar","address":{"state":"Itasy","ISO3166-2-lvl3":"MG-T","country":"Madagasikara / Madagascar","country_code":"mg"},"osm_type":"node","osm_id":11626860716,"type":"town","location":[47.1090924,-18.7512863],"bbox":[47.0690924,-18.7912863,47.1490924,-18.7112863]}
{"display_name":"Itasy, Province d’Antananarivo, Madagasikara / Madagascar","address":{"state":"Itasy","ISO3166-2-lvl3":"MG-T","country":"Madagasikara / Madagascar","country_code":"mg"},"osm_type":"node","osm_id":11626860618,"type":"town","location":[47.0044944,-18.7691214],"bbox":[46.9644944,-18.8091214,47.0444944,-18.7291214]}
{"display_name":"Itasy, Province d’Antananarivo, Madagasikara / Madagascar","address":{"state":"Itasy","ISO3166-2-lvl3":"MG-T","country":"Madagasikara / Madagascar","country_code":"mg"},"osm_type":"node","osm_id":11626860617,"type":"town","location":[47.0280361,-18.7595906],"bbox":[46.9880361,-18.7995906,47.0680361,-18.7195906]}
{"display_name":"Itasy, Province d’Antananarivo, Madagasikara / Madagascar","address":{"state":"Itasy","ISO3166-2-lvl3":"MG-T","country":"Madagasikara / Madagascar","country_code":"mg"},"osm_type":"node","osm_id":11626860718,"type":"town","location":[47.1340433,-18.7326411],"bbox":[47.0940433,-18.7726411,47.1740433,-18.6926411]}
{"display_name":"Itasy, Province d’Antananarivo, Madagasikara / Madagascar","address":{"state":"Itasy","ISO3166-2-lvl3":"MG-T","country":"Madagasikara / Madagascar","country_code":"mg"},"osm_type":"node","osm_id":11626860715,"type":"town","location":[47.1090084,-18.7417685],"bbox":[47.0690084,-18.7817685,47.1490084,-18.7017685]}
{"display_name":"Itasy, Province d’Antananarivo, Madagasikara / Madagascar","address":{"state":"Itasy","ISO3166-2-lvl3":"MG-T","country":"Madagasikara / Madagascar","country_code":"mg"},"osm_type":"node","osm_id":11626860712,"type":"town","location":[47.0614429,-18.7508033],"bbox":[47.0214429,-18.7908033,47.1014429,-18.7108033]}
{"display_name":"Itasy, Province d’Antananarivo, Madagasikara / Madagascar","address":{"state":"Itasy","ISO3166-2-lvl3":"MG-T","country":"Madagasikara / Madagascar","country_code":"mg"},"osm_type":"node","osm_id":11626860621,"type":"town","location":[46.9875176,-18.7764863],"bbox":[46.9475176,-18.8164863,47.0275176,-18.7364863]}
{"display_name":"Itasy, Province d’Antananarivo, Madagasikara / Madagascar","address":{"state":"Itasy","ISO3166-2-lvl3":"MG-T","country":"Madagasikara / Madagascar","country_code":"mg"},"osm_type":"node","osm_id":11626860714,"type":"town","location":[47.0906524,-18.7471143],"bbox":[47.0506524,-18.7871143,47.1306524,-18.7071143]}
{"name":"Ivohibe","display_name":"Ivohibe, District d'Ivohibe, Ihorombe, Province de Fianarantsoa, Madagasikara / Madagascar","address":{"town":"Ivohibe","county":"District d'Ivohibe","state":"Ihorombe","ISO3166-2-lvl3":"MG-F","country":"Madagasikara / Madagascar","country_code":"mg"},"osm_type":"node","osm_id":1977886891,"type":"town","location":[46.888135,-22.4810358],"bbox":[46.848135,-22.5210358,46.928135,-22.4410358]}
{"name":"Kandreho","display_name":"Kandreho, Betsiboka, Province de Mahajanga, Madagasikara / Madagascar","address":{"town":"Kandreho","state":"Betsiboka","region":"Province de Mahajanga","ISO3166-2-lvl3":"MG-M","country":"Madagasikara / Madagascar","country_code":"mg"},"osm_type":"node","osm_id":1964119200,"type":"town","location":[46.0947251,-17.4840961],"bbox":[46.0547251,-17.5240961,46.1347251,-17.4440961]}
{"name":"Maevatanàna","display_name":"Maevatanàna, Betsiboka, Province de Mahajanga, Madagasikara / Madagascar","address":{"town":"Maevatanàna","state":"Betsiboka","region":"Province de Mahajanga","ISO3166-2-lvl3":"MG-M","country":"Madagasikara / Madagascar","country_code":"mg"},"population":25928,"osm_type":"node","osm_id":300382318,"type":"town","location":[46.828337,-16.9497038],"bbox":[46.788337,-16.9897038,46.868337,-16.9097038]}
{"name":"Mahabo","display_name":"Mahabo, Menabe, Province de Toliara, Madagasikara / Madagascar","address":{"town":"Mahabo","state":"Menabe","region":"Province de Toliara","ISO3166-2-lvl3":"MG-U","country":"Madagasikara / Madagascar","country_code":"mg"},"population":17731,"osm_type":"node","osm_id":1917609577,"type":"town","location":[44.6692407,-20.377742],"bbox":[44.6292407,-20.417742,44.7092407,-20.337742]}
{"name":"Mahanoro","other_names":{"name:fr":"Mahanoro"},"display_name":"Mahanoro, District de Mahanoro, Atsinanana, Province de Tamatave, Madagasikara / Madagascar","address":{"town":"Mahanoro","county":"District de Mahanoro","state":"Atsinanana","ISO3166-2-lvl3":"MG-A","country":"Madagasikara / Madagascar","country_code":"mg"},"population":37800,"osm_type":"node","osm_id":5488327466,"type":"town","location":[48.8094884,-19.9001695],"bbox":[48.7694884,-19.9401695,48.8494884,-19.8601695],"border":{"name":"Mahanoro","other_names":{"name:fr":"Mahanoro"},"display_name":"Mahanoro, District de Mahanoro, Atsinanana, Province de Tamatave, Madagasikara / Madagascar","address":{"town":"Mahanoro","county":"District de Mahanoro","state":"Atsinanana","ISO3166-2-lvl3":"MG-A","country":"Madagasikara / Madagascar","country_code":"mg"},"population":37800,"osm_type":"relation","osm_id":8122509,"type":"administrative","location":[48.8094884,-19.9001695],"bbox":[48.6731533,-19.96338,48.8550992,-19.6611674]}}
{"name":"Mahavelona","other_names":{"name:fr":"Foulpointe"},"display_name":"Mahavelona, Atsinanana, Province de Tamatave, 502, Madagasikara / Madagascar","address":{"town":"Mahavelona","state":"Atsinanana","ISO3166-2-lvl3":"MG-A","postcode":"502","country":"Madagasikara / Madagascar","country_code":"mg"},"osm_type":"node","osm_id":2408636306,"type":"town","location":[49.5118525,-17.6788734],"bbox":[49.4718525,-17.7188734,49.5518525,-17.6388734]}
{"name":"Mahitsy","display_name":"Mahitsy, District d'Ambohidratrimo, Analamanga, Province d’Antananarivo, Madagasikara / Madagascar","address":{"town":"Mahitsy","county":"District d'Ambohidratrimo","state":"Analamanga","ISO3166-2-lvl3":"MG-T","country":"Madagasikara / Madagascar","country_code":"mg"},"osm_type":"node","osm_id":637715789,"type":"town","location":[47.3453175,-18.7482365],"bbox":[47.3053175,-18.7882365,47.3853175,-18.7082365],"border":{"name":"Mahitsy","display_name":"Mahitsy, District d'Ambohidratrimo, Analamanga, Province d’Antananarivo, Madagasikara / Madagascar","address":{"town":"Mahitsy","county":"District d'Ambohidratrimo","state":"Analamanga","ISO3166-2-lvl3":"MG-T","country":"Madagasikara / Madagascar","country_code":"mg"},"osm_type":"relation","osm_id":17812951,"type":"administrative","location":[47.3453175,-18.7482365],"bbox":[47.2896516,-18.8351144,47.4610833,-18.6878333]}}
{"name":"Maintirano","other_names":{"name:en":"Maintirano"},"display_name":"Maintirano, Melaky, Province de Mahajanga, Madagasikara / Madagascar","address":{"town":"Maintirano","state":"Melaky","region":"Province de Mahajanga","ISO3166-2-lvl3":"MG-M","country":"Madagasikara / Madagascar","country_code":"mg"},"population":22293,"osm_type":"node","osm_id":300387736,"type":"town","location":[44.023951,-18.0608947],"bbox":[43.983951,-18.1008947,44.063951,-18.0208947]}
{"name":"Malaimbandy","display_name":"Malaimbandy, Menabe, Province de Toliara, Madagasikara / Madagascar","address":{"town":"Malaimbandy","state":"Menabe","region":"Province de Toliara","ISO3166-2-lvl3":"MG-U","country":"Madagasikara / Madagascar","country_code":"mg"},"osm_type":"node","osm_id":2028685667,"type":"town","location":[45.5955108,-20.3446512],"bbox":[45.5555108,-20.3846512,45.6355108,-20.3046512]}
{"name":"Mampikony","display_name":"Mampikony, Sofia, Province de Mahajanga, Madagasikara / Madagascar","address":{"town":"Mampikony","state":"Sofia","region":"Province de Mahajanga","ISO3166-2-lvl3":"MG-M","country":"Madagasikara / Madagascar","country_code":"mg"},"population":28593,"osm_type":"node","osm_id":731246774,"type":"town","location":[47.642735,-16.093117],"bbox":[47.602735,-16.133117,47.682735,-16.053117]}
{"name":"Manakara","display_name":"Manakara, District de Manakara, Fitovinany, Province de Fianarantsoa, Madagasikara / Madagascar","address":{"town":"Manakara","county":"District de Manakara","state":"Fitovinany","ISO3166-2-lvl3":"MG-F","country":"Madagasikara / Madagascar","country_code":"mg"},"population":44237,"osm_type":"node","osm_id":727292577,"type":"town","location":[48.0113527,-22.1449564],"bbox":[47.9713527,-22.1849564,48.0513527,-22.1049564],"border":{"name":"Manakara","display_name":"Manakara, District de Manakara, Fitovinany, Province de Fianarantsoa, 316, Madagasikara / Madagascar","address":{"town":"Manakara","county":"District de Manakara","state":"Fitovinany","ISO3166-2-lvl3":"MG-F","postcode":"316","country":"Madagasikara / Madagascar","country_code":"mg"},"population":44237,"osm_type":"relation","osm_id":17560688,"type":"administrative","location":[48.0113527,-22.1449564],"bbox":[47.9781,-22.21627,48.0326302,-22.0884179]}}
{"name":"Mananara Avaratra","display_name":"Mananara Avaratra, District de Mananara Avaratra, Ambatosoa, Province de Tamatave, 511, Madagasikara / Madagascar","address":{"town":"Mananara Avaratra","county":"District de Mananara Avaratra","state":"Ambatosoa","ISO3166-2-lvl3":"MG-A","postcode":"511","country":"Madagasikara / Madagascar","country_code":"mg"},"population":35148,"osm_type":"node","osm_id":1842128749,"type":"town","location":[49.7655872,-16.1687557],"bbox":[49.7255872,-16.2087557,49.8055872,-16.1287557]}
{"name":"Mananjary","other_names":{"name:ru":"Манандзари"},"display_name":"Mananjary, District de Mananjary, Vatovavy, Province de Fianarantsoa, Madagasikara / Madagascar","address":{"town":"Mananjary","county":"District de Mananjary","state":"Vatovavy","ISO3166-2-lvl3":"MG-F","country":"Madagasikara / Madagascar","country_code":"mg"},"population":25222,"osm_type":"node","osm_id":2577165720,"type":"town","location":[48.3463035,-21.2385393],"bbox":[48.3063035,-21.2785393,48.3863035,-21.1985393],"border":{"name":"Mananjary","other_names":{"name:ru":"Манандзари"},"display_name":"Mananjary, District de Mananjary, Vatovavy, Province de Fianarantsoa, 317, Madagasikara / Madagascar","address":{"town":"Mananjary","county":"District de Mananjary","state":"Vatovavy","ISO3166-2-lvl3":"MG-F","postcode":"317","country":"Madagasikara / Madagascar","country_code":"mg"},"population":25222,"osm_type":"relation","osm_id":17560757,"type":"administrative","location":[48.3463035,-21.2385393],"bbox":[48.283667,-21.264269,48.3637841,-21.1866834]}}
{"name":"Mandoto","display_name":"Mandoto, Vakinankaratra, Province d’Antananarivo, Madagasikara / Madagascar","address":{"town":"Mandoto","state":"Vakinankaratra","ISO3166-2-lvl3":"MG-T","country":"Madagasikara / Madagascar","country_code":"mg"},"osm_type":"node","osm_id":2207189670,"type":"town","location":[46.2881896,-19.5790031],"bbox":[46.2481896,-19.6190031,46.3281896,-19.5390031]}
{"name":"Mandritsara","display_name":"Mandritsara, Sofia, Province de Mahajanga, Madagasikara / Madagascar","address":{"town":"Mandritsara","state":"Sofia","region":"Province de Mahajanga","ISO3166-2-lvl3":"MG-M","country":"Madagasikara / Madagascar","country_code":"mg"},"population":31135,"osm_type":"node","osm_id":1842130062,"type":"town","location":[48.8238884,-15.844323],"bbox":[48.7838884,-15.884323,48.8638884,-15.804323]}
{"name":"Manja","display_name":"Manja, Menabe, Province de Toliara, Madagasikara / Madagascar","address":{"town":"Manja","state":"Menabe","region":"Province de Toliara","ISO3166-2-lvl3":"MG-U","country":"Madagasikara / Madagascar","country_code":"mg"},"population":20556,"osm_type":"node","osm_id":1348423038,"type":"town","location":[44.3303717,-21.434135],"bbox":[44.2903717,-21.474135,44.3703717,-21.394135]}
{"name":"Manjakandriana","display_name":"Manjakandriana, District de Manjakandriana, Analamanga, Province d’Antananarivo, Madagasikara / Madagascar","address":{"town":"Manjakandriana","county":"District de Manjakandriana","state":"Analamanga","ISO3166-2-lvl3":"MG-T","country":"Madagasikara / Madagascar","country_code":"mg"},"population":22188,"osm_type":"node","osm_id":590835579,"type":"town","location":[47.8113315,-18.9210585],"bbox":[47.7713315,-18.9610585,47.8513315,-18.8810585],"border":{"name":"Manjakandriana","display_name":"Manjakandriana, District de Manjakandriana, Analamanga, Province d’Antananarivo, Madagasikara / Madagascar","address":{"town":"Manjakandriana","county":"District de Manjakandriana","state":"Analamanga","ISO3166-2-lvl3":"MG-T","country":"Madagasikara / Madagascar","country_code":"mg"},"population":22188,"osm_type":"relation","osm_id":17812986,"type":"administrative","location":[47.8113315,-18.9210585],"bbox":[47.7664629,-19.0004109,47.8882063,-18.8842943]}}
{"name":"Maroantsetra","other_names":{"name:en":"Maroantsetra","name:ru":"Мароантсера","name:uk":"Мароантсера"},"display_name":"Maroantsetra, District de Maroantsetra, Ambatosoa, Province de Tamatave, Madagasikara / Madagascar","address":{"town":"Maroantsetra","county":"District de Maroantsetra","state":"Ambatosoa","ISO3166-2-lvl3":"MG-A","country":"Madagasikara / Madagascar","country_code":"mg"},"population":42529,"osm_type":"node","osm_id":254615144,"type":"town","location":[49.7422912,-15.4348742],"bbox":[49.7022912,-15.4748742,49.7822912,-15.3948742]}
{"name":"Marolambo","display_name":"Marolambo, Atsinanana, Province de Tamatave, Madagasikara / Madagascar","address":{"town":"Marolambo","state":"Atsinanana","ISO3166-2-lvl3":"MG-A","country":"Madagasikara / Madagascar","country_code":"mg"},"osm_type":"node","osm_id":899232764,"type":"town","location":[48.1303834,-20.0489861],"bbox":[48.0903834,-20.0889861,48.1703834,-20.0089861]}
{"name":"Marovoay","display_name":"Marovoay, Boeny, Province de Mahajanga, Madagasikara / Madagascar","address":{"town":"Marovoay","state":"Boeny","region":"Province de Mahajanga","ISO3166-2-lvl3":"MG-M","country":"Madagasikara / Madagascar","country_code":"mg"},"population":39290,"osm_type":"node","osm_id":300379949,"type":"town","location":[46.642048,-16.1088044],"bbox":[46.602048,-16.1488044,46.682048,-16.0688044]}
{"name":"Miandrivazo","display_name":"Miandrivazo, Menabe, Province de Toliara, Madagasikara / Madagascar","address":{"town":"Miandrivazo","state":"Menabe","region":"Province de Toliara","ISO3166-2-lvl3":"MG-U","country":"Madagasikara / Madagascar","country_code":"mg"},"population":20421,"osm_type":"node","osm_id":727308363,"type":"town","location":[45.4587681,-19.5312416],"bbox":[45.4187681,-19.5712416,45.4987681,-19.4912416]}
{"name":"Miarinarivo","display_name":"Miarinarivo, Miarinarivo I, Itasy, Province d’Antananarivo, 117, Madagasikara / Madagascar","address":{"town":"Miarinarivo","city":"Miarinarivo I","state":"Itasy","ISO3166-2-lvl3":"MG-T","postcode":"117","country":"Madagasikara / Madagascar","country_code":"mg"},"population":13109,"osm_type":"node","osm_id":300389431,"type":"town","location":[46.906709,-18.956006],"bbox":[46.866709,-18.996006,46.946709,-18.916006]}
{"name":"Midongy Atsimo","other_names":{"name:fr":"Midongy du Sud","alt_name":"Nosifeno"},"display_name":"Midongy Atsimo, District de Midongy Atsimo, Atsimo-Atsinanana, Province de Fianarantsoa, Madagasikara / Madagascar","address":{"town":"Midongy Atsimo","county":"District de Midongy Atsimo","state":"Atsimo-Atsinanana","ISO3166-2-lvl3":"MG-F","country":"Madagasikara / Madagascar","country_code":"mg"},"osm_type":"node","osm_id":2927935134,"type":"town","location":[47.0168975,-23.5895974],"bbox":[46.9768975,-23.6295974,47.0568975,-23.5495974]}
{"name":"Mitsinjo","display_name":"Mitsinjo, Boeny, Province de Mahajanga, Madagasikara / Madagascar","address":{"town":"Mitsinjo","state":"Boeny","region":"Province de Mahajanga","ISO3166-2-lvl3":"MG-M","country":"Madagasikara / Madagascar","country_code":"mg"},"osm_type":"node","osm_id":300378189,"type":"town","location":[45.866061,-16.011496],"bbox":[45.826061,-16.051496,45.906061,-15.971496]}
{"name":"Morafenobe","display_name":"Morafenobe, Melaky, Province de Mahajanga, Madagasikara / Madagascar","address":{"town":"Morafenobe","state":"Melaky","region":"Province de Mahajanga","ISO3166-2-lvl3":"MG-M","country":"Madagasikara / Madagascar","country_code":"mg"},"osm_type":"node","osm_id":300385953,"type":"town","location":[44.9251181,-17.8189515],"bbox":[44.8851181,-17.8589515,44.9651181,-17.7789515]}
{"name":"Moramanga","display_name":"Moramanga, Alaotra-Mangoro, Province de Tamatave, 514, Madagasikara / Madagascar","address":{"town":"Moramanga","state":"Alaotra-Mangoro","ISO3166-2-lvl3":"MG-A","postcode":"514","country":"Madagasikara / Madagascar","country_code":"mg"},"population":57084,"osm_type":"node","osm_id":664492742,"type":"town","location":[48.2304269,-18.9471494],"bbox":[48.1904269,-18.9871494,48.2704269,-18.9071494]}
{"name":"Morombe","display_name":"Morombe, Atsimo-Andrefana, Province de Toliara, Madagasikara / Madagascar","address":{"town":"Morombe","state":"Atsimo-Andrefana","region":"Province de Toliara","ISO3166-2-lvl3":"MG-U","country":"Madagasikara / Madagascar","country_code":"mg"},"population":22625,"osm_type":"node","osm_id":1842133048,"type":"town","location":[43.3593054,-21.7440435],"bbox":[43.3193054,-21.7840435,43.3993054,-21.7040435]}
{"name":"Morondava","other_names":{"name:ja":"モロンダバ","name:ko":"모론다바","name:ru":"Мурундава","name:zh":"穆龙达瓦"},"display_name":"Morondava, Menabe, Province de Toliara, Madagasikara / Madagascar","address":{"town":"Morondava","state":"Menabe","region":"Province de Toliara","ISO3166-2-lvl3":"MG-U","country":"Madagasikara / Madagascar","country_code":"mg"},"population":53510,"osm_type":"node","osm_id":710305755,"type":"town","location":[44.2786121,-20.2951102],"bbox":[44.2386121,-20.3351102,44.3186121,-20.2551102]}
{"name":"Namakia","display_name":"Namakia, Boeny, Province de Mahajanga, Madagasikara / Madagascar","address":{"town":"Namakia","state":"Boeny","region":"Province de Mahajanga","ISO3166-2-lvl3":"MG-M","country":"Madagasikara / Madagascar","country_code":"mg"},"osm_type":"node","osm_id":574455512,"type":"town","location":[45.8380586,-15.9127159],"bbox":[45.7980586,-15.9527159,45.8780586,-15.8727159]}
{"name":"Nosy Varika","display_name":"Nosy Varika, District de Nosy Varika, Vatovavy, Province de Fianarantsoa, Madagasikara / Madagascar","address":{"town":"Nosy Varika","county":"District de Nosy Varika","state":"Vatovavy","ISO3166-2-lvl3":"MG-F","country":"Madagasikara / Madagascar","country_code":"mg"},"osm_type":"node","osm_id":1811182562,"type":"town","location":[48.5322582,-20.5829067],"bbox":[48.4922582,-20.6229067,48.5722582,-20.5429067],"border":{"name":"Nosy Varika","display_name":"Nosy Varika, District de Nosy Varika, Vatovavy, Province de Fianarantsoa, Madagasikara / Madagascar","address":{"town":"Nosy Varika","county":"District de Nosy Varika","state":"Vatovavy","ISO3166-2-lvl3":"MG-F","country":"Madagasikara / Madagascar","country_code":"mg"},"osm_type":"relation","osm_id":17560772,"type":"administrative","location":[48.5322582,-20.5829067],"bbox":[48.4367,-20.6686603,48.5984892,-20.403328]}}
{"name":"Port-Bergé","other_names":{"name:fr":"Port-Bergé","name:mg":"Boriziny","loc_name":"Port-Bergé"},"display_name":"Port-Bergé, Sofia, Province de Mahajanga, 419, Madagasikara / Madagascar","address":{"town":"Port-Bergé","state":"Sofia","region":"Province de Mahajanga","ISO3166-2-lvl3":"MG-M","postcode":"419","country":"Madagasikara / Madagascar","country_code":"mg"},"population":22573,"osm_type":"node","osm_id":340427004,"type":"town","location":[47.6207245,-15.5668595],"bbox":[47.5807245,-15.6068595,47.6607245,-15.5268595]}
{"name":"Ranohira","display_name":"Ranohira, District d'Ihosy, Ihorombe, Province de Fianarantsoa, Madagasikara / Madagascar","address":{"town":"Ranohira","county":"District d'Ihosy","state":"Ihorombe","ISO3166-2-lvl3":"MG-F","country":"Madagasikara / Madagascar","country_code":"mg"},"osm_type":"node","osm_id":316844298,"type":"town","location":[45.4141185,-22.5567477],"bbox":[45.3741185,-22.5967477,45.4541185,-22.5167477]}
{"name":"Ranomafana","display_name":"Ranomafana, District d'Ifanadiana, Vatovavy, Province de Fianarantsoa, Madagasikara / Madagascar","address":{"town":"Ranomafana","county":"District d'Ifanadiana","state":"Vatovavy","ISO3166-2-lvl3":"MG-F","country":"Madagasikara / Madagascar","country_code":"mg"},"osm_type":"node","osm_id":3677866835,"type":"town","location":[47.45467,-21.259469],"bbox":[47.41467,-21.299469,47.49467,-21.219469],"border":{"name":"Ranomafana","other_names":{"name:fr":"Ranomafana"},"display_name":"Ranomafana, District d'Ifanadiana, Vatovavy, Province de Fianarantsoa, Madagasikara / Madagascar","address":{"town":"Ranomafana","county":"District d'Ifanadiana","state":"Vatovavy","ISO3166-2-lvl3":"MG-F","country":"Madagasikara / Madagascar","country_code":"mg"},"osm_type":"relation","osm_id":8256304,"type":"administrative","location":[47.45467,-21.259469],"bbox":[47.3774437,-21.4229399,47.5459947,-21.1434263]}}
{"name":"Sakaraha","display_name":"Sakaraha, Atsimo-Andrefana, Province de Toliara, Madagasikara / Madagascar","address":{"town":"Sakaraha","state":"Atsimo-Andrefana","region":"Province de Toliara","ISO3166-2-lvl3":"MG-U","country":"Madagasikara / Madagascar","country_code":"mg"},"osm_type":"node","osm_id":300218243,"type":"town","location":[44.5323696,-22.9119193],"bbox":[44.4923696,-22.9519193,44.5723696,-22.8719193]}
{"name":"Sambava","other_names":{"name:ja":"サンババ"},"display_name":"Sambava, District de Sambava, Sava, Province d'Antsiranana, Madagasikara / Madagascar","address":{"town":"Sambava","county":"District de Sambava","state":"Sava","ISO3166-2-lvl3":"MG-D","country":"Madagasikara / Madagascar","country_code":"mg"},"population":84039,"osm_type":"node","osm_id":724157435,"type":"town","location":[50.1556533,-14.254956],"bbox":[50.1156533,-14.294956,50.1956533,-14.214956],"border":{"name":"Sambava","other_names":{"name:ja":"サンババ"},"display_name":"Sambava, District de Sambava, Sava, Province d'Antsiranana, 208, Madagasikara / Madagascar","address":{"town":"Sambava","county":"District de Sambava","state":"Sava","ISO3166-2-lvl3":"MG-D","postcode":"208","country":"Madagasikara / Madagascar","country_code":"mg"},"population":84039,"osm_type":"relation","osm_id":17693496,"type":"administrative","location":[50.1556533,-14.254956],"bbox":[50.06618,-14.3883673,50.2016079,-14.17913]}}
{"name":"Sandrakatsy","display_name":"Sandrakatsy, District de Mananara Avaratra, Ambatosoa, Province de Tamatave, Madagasikara / Madagascar","address":{"town":"Sandrakatsy","county":"District de Mananara Avaratra","state":"Ambatosoa","ISO3166-2-lvl3":"MG-A","country":"Madagasikara / Madagascar","country_code":"mg"},"osm_type":"node","osm_id":1982961757,"type":"town","location":[49.6108847,-16.3388957],"bbox":[49.5708847,-16.3788957,49.6508847,-16.2988957]}
{"name":"Soalala","display_name":"Soalala, Boeny, Province de Mahajanga, Madagasikara / Madagascar","address":{"town":"Soalala","state":"Boeny","region":"Province de Mahajanga","ISO3166-2-lvl3":"MG-M","country":"Madagasikara / Madagascar","country_code":"mg"},"population":14328,"osm_type":"node","osm_id":300388620,"type":"town","location":[45.328472,-16.102869],"bbox":[45.288472,-16.142869,45.368472,-16.062869]}
{"name":"Soanierana Ivongo","display_name":"Soanierana Ivongo, Analanjirofo, Province de Tamatave, Madagasikara / Madagascar","address":{"town":"Soanierana Ivongo","state":"Analanjirofo","ISO3166-2-lvl3":"MG-A","country":"Madagasikara / Madagascar","country_code":"mg"},"osm_type":"node","osm_id":671561243,"type":"town","location":[49.585367,-16.920327],"bbox":[49.545367,-16.960327,49.625367,-16.880327]}
{"name":"Soavinandriana","display_name":"Soavinandriana, Itasy, Province d’Antananarivo, Madagasikara / Madagascar","address":{"town":"Soavinandriana","state":"Itasy","ISO3166-2-lvl3":"MG-T","country":"Madagasikara / Madagascar","country_code":"mg"},"population":40045,"osm_type":"node","osm_id":300388948,"type":"town","location":[46.7386858,-19.1707551],"bbox":[46.6986858,-19.2107551,46.7786858,-19.1307551],"border":{"name":"Soavinandriana","display_name":"Soavinandriana, Itasy, Province d’Antananarivo, 118, Madagasikara / Madagascar","address":{"town":"Soavinandriana","state":"Itasy","ISO3166-2-lvl3":"MG-T","postcode":"118","country":"Madagasikara / Madagascar","country_code":"mg"},"population":40045,"osm_type":"relation","osm_id":7741763,"type":"administrative","location":[46.7386858,-19.1707551],"bbox":[46.6668,-19.225411,46.815107,-19.078056]}}
{"name":"Tanambe","display_name":"Tanambe, Alaotra-Mangoro, Province de Tamatave, Madagasikara / Madagascar","address":{"town":"Tanambe","state":"Alaotra-Mangoro","ISO3166-2-lvl3":"MG-A","country":"Madagasikara / Madagascar","country_code":"mg"},"osm_type":"node","osm_id":1546156216,"type":"town","location":[48.447954,-17.3874],"bbox":[48.407954,-17.4274,48.487954,-17.3474]}
{"name":"Tsaratanàna","display_name":"Tsaratanàna, Betsiboka, Province de Mahajanga, Madagasikara / Madagascar","address":{"town":"Tsaratanàna","state":"Betsiboka","region":"Province de Mahajanga","ISO3166-2-lvl3":"MG-M","country":"Madagasikara / Madagascar","country_code":"mg"},"population":24971,"osm_type":"node","osm_id":1821666049,"type":"town","location":[47.6510407,-16.7960006],"bbox":[47.6110407,-16.8360006,47.6910407,-16.7560006]}
{"name":"Tsihombe","display_name":"Tsihombe, Androy, Province de Toliara, 621, Madagasikara / Madagascar","address":{"town":"Tsihombe","state":"Androy","region":"Province de Toliara","ISO3166-2-lvl3":"MG-U","postcode":"621","country":"Madagasikara / Madagascar","country_code":"mg"},"osm_type":"node","osm_id":727284605,"type":"town","location":[45.484057,-25.318547],"bbox":[45.444057,-25.358547,45.524057,-25.278547]}
{"name":"Tsiroanomandidy","display_name":"Tsiroanomandidy, Bongolava, Province d’Antananarivo, Madagasikara / Madagascar","address":{"town":"Tsiroanomandidy","state":"Bongolava","ISO3166-2-lvl3":"MG-T","country":"Madagasikara / Madagascar","country_code":"mg"},"population":44461,"osm_type":"node","osm_id":300389556,"type":"town","location":[46.0495226,-18.7698412],"bbox":[46.0095226,-18.8098412,46.0895226,-18.7298412]}
{"name":"Tsivory","display_name":"Tsivory, Anosy, Province de Toliara, Madagasikara / Madagascar","address":{"town":"Tsivory","state":"Anosy","region":"Province de Toliara","ISO3166-2-lvl3":"MG-U","country":"Madagasikara / Madagascar","country_code":"mg"},"osm_type":"node","osm_id":1995273321,"type":"town","location":[46.07608,-24.070785],"bbox":[46.03608,-24.110785,46.11608,-24.030785]}
{"name":"Vangaindrano","display_name":"Vangaindrano, District de Vangaindrano, Atsimo-Atsinanana, Province de Fianarantsoa, 320, Madagasikara / Madagascar","address":{"town":"Vangaindrano","county":"District de Vangaindrano","state":"Atsimo-Atsinanana","ISO3166-2-lvl3":"MG-F","postcode":"320","country":"Madagasikara / Madagascar","country_code":"mg"},"population":38537,"osm_type":"node","osm_id":972051892,"type":"town","location":[47.6047642,-23.3498702],"bbox":[47.5647642,-23.3898702,47.6447642,-23.3098702]}
{"name":"Vatomandry","display_name":"Vatomandry, District de Vatomandry, Atsinanana, Province de Tamatave, Madagasikara / Madagascar","address":{"town":"Vatomandry","county":"District de Vatomandry","state":"Atsinanana","ISO3166-2-lvl3":"MG-A","country":"Madagasikara / Madagascar","country_code":"mg"},"population":15836,"osm_type":"node","osm_id":1818141766,"type":"town","location":[48.9790394,-19.3336272],"bbox":[48.9390394,-19.3736272,49.0190394,-19.2936272],"border":{"name":"Vatomandry","other_names":{"name:fr":"Vatomandry","name:mg":"Vatomandry"},"display_name":"Vatomandry, District de Vatomandry, Atsinanana, Province de Tamatave, Madagasikara / Madagascar","address":{"town":"Vatomandry","county":"District de Vatomandry","state":"Atsinanana","ISO3166-2-lvl3":"MG-A","country":"Madagasikara / Madagascar","country_code":"mg"},"population":15836,"osm_type":"relation","osm_id":8064543,"type":"administrative","location":[48.9790394,-19.3336272],"bbox":[48.9110192,-19.4026057,48.9867014,-19.2805608]}}
{"name":"Vavatenina","display_name":"Vavatenina, Analanjirofo, Province de Tamatave, Madagasikara / Madagascar","address":{"town":"Vavatenina","state":"Analanjirofo","ISO3166-2-lvl3":"MG-A","country":"Madagasikara / Madagascar","country_code":"mg"},"population":35750,"osm_type":"node","osm_id":2959022915,"type":"town","location":[49.19623,-17.4675002],"bbox":[49.15623,-17.5075002,49.23623,-17.4275002]}
{"name":"Vohemar","display_name":"Vohemar, District de Vohemar, Sava, Province d'Antsiranana, Madagasikara / Madagascar","address":{"town":"Vohemar","county":"District de Vohemar","state":"Sava","ISO3166-2-lvl3":"MG-D","country":"Madagasikara / Madagascar","country_code":"mg"},"population":22047,"osm_type":"node","osm_id":6411285142,"type":"town","location":[50.0070566,-13.355284],"bbox":[49.9670566,-13.395284,50.0470566,-13.315284],"border":{"name":"Vohemar","display_name":"Vohemar, District de Vohemar, Sava, Province d'Antsiranana, Madagasikara / Madagascar","address":{"town":"Vohemar","county":"District de Vohemar","state":"Sava","ISO3166-2-lvl3":"MG-D","country":"Madagasikara / Madagascar","country_code":"mg"},"population":22047,"osm_type":"relation","osm_id":17693437,"type":"administrative","location":[50.0070566,-13.355284],"bbox":[49.978144,-13.39702,50.0227797,-13.3512833]}}
{"name":"Vohipeno","display_name":"Vohipeno, District de Vohipeno, Fitovinany, Province de Fianarantsoa, Madagasikara / Madagascar","address":{"town":"Vohipeno","county":"District de Vohipeno","state":"Fitovinany","ISO3166-2-lvl3":"MG-F","country":"Madagasikara / Madagascar","country_code":"mg"},"population":14751,"osm_type":"node","osm_id":727292575,"type":"town","location":[47.8399542,-22.3548744],"bbox":[47.7999542,-22.3948744,47.8799542,-22.3148744],"border":{"name":"Vohipeno","display_name":"Vohipeno, District de Vohipeno, Fitovinany, Province de Fianarantsoa, 321, Madagasikara / Madagascar","address":{"town":"Vohipeno","county":"District de Vohipeno","state":"Fitovinany","ISO3166-2-lvl3":"MG-F","postcode":"321","country":"Madagasikara / Madagascar","country_code":"mg"},"population":14751,"osm_type":"relation","osm_id":17560666,"type":"administrative","location":[47.8399542,-22.3548744],"bbox":[47.7924914,-22.3683665,47.9371731,-22.31485]}}
{"name":"Vondrozo","display_name":"Vondrozo, District de Vondrozo, Atsimo-Atsinanana, Province de Fianarantsoa, Madagasikara / Madagascar","address":{"town":"Vondrozo","county":"District de Vondrozo","state":"Atsimo-Atsinanana","ISO3166-2-lvl3":"MG-F","country":"Madagasikara / Madagascar","country_code":"mg"},"osm_type":"node","osm_id":2959103226,"type":"town","location":[47.3210914,-22.8204183],"bbox":[47.2810914,-22.8604183,47.3610914,-22.7804183]}
