{"name":"Abomey-Calavi","display_name":"Abomey-Calavi, Atlantique, Bénin","address":{"town":"Abomey-Calavi","county":"Abomey-Calavi","state":"Atlantique","ISO3166-2-lvl4":"BJ-AQ","country":"Bénin","country_code":"bj"},"osm_type":"node","osm_id":7615581115,"type":"town","location":[2.3527372,6.4438657],"bbox":[2.3127372,6.4038657,2.3927372,6.4838657]}
{"name":"Adanhondjigon","display_name":"Adanhondjigon, Agbangnizoun, Zou, Bénin","address":{"town":"Adanhondjigon","state":"Zou","ISO3166-2-lvl4":"BJ-ZO","country":"Bénin","country_code":"bj"},"osm_type":"node","osm_id":3825543475,"type":"town","location":[2.0184131,7.0993952],"bbox":[1.9784131,7.0593952,2.0584131,7.1393952]}
{"name":"Adaplamè","display_name":"Adaplamè, Kétou, Plateau, Bénin","address":{"town":"Adaplamè","city":"Kétou","state":"Plateau","ISO3166-2-lvl4":"BJ-PL","country":"Bénin","country_code":"bj"},"osm_type":"node","osm_id":3869283768,"type":"town","location":[2.5605935,7.4522788],"bbox":[2.5205935,7.4122788,2.6005935,7.4922788]}
{"name":"Adja-Ouèrè","other_names":{"name:fr":"Adja-Ouèrè","name:ru":"Аджа-Вере"},"display_name":"Adja-Ouèrè, Plateau, Bénin","address":{"town":"Adja-Ouèrè","county":"Adja-Ouèrè","state":"Plateau","ISO3166-2-lvl4":"BJ-PL","country":"Bénin","country_code":"bj"},"osm_type":"node","osm_id":2313302868,"type":"town","location":[2.6101941,7.0036929],"bbox":[2.5701941,6.9636929,2.6501941,7.0436929],"border":{"name":"Adja-Ouèrè","other_names":{"name:fr":"Adja-Ouèrè","official_name":"Commune de Adja-Ouèrè"},"display_name":"Adja-Ouèrè, Plateau, Bénin","address":{"county":"Adja-Ouèrè","state":"Plateau","ISO3166-2-lvl4":"BJ-PL","country":"Bénin","country_code":"bj"},"osm_type":"relation","osm_id":2945784,"type":"administrative","location":[2.5983039082882566,7.01182455],"bbox":[2.5106384,6.8441821,2.741998,7.1774998]}}
{"name":"Adjaha","other_names":{"name:fr":"Adjaha","name:ru":"Аджаха"},"display_name":"Adjaha, Grand-Popo, Mono, Bénin","address":{"town":"Adjaha","state":"Mono","ISO3166-2-lvl4":"BJ-MO","country":"Bénin","country_code":"bj"},"osm_type":"node","osm_id":2938104304,"type":"town","location":[1.8353515,6.3268302],"bbox":[1.7953515,6.2868302,1.8753515,6.3668302]}
{"name":"Adjarra","other_names":{"name:fr":"Adjarra","name:ru":"Аджара"},"display_name":"Adjarra, Ouémé, Bénin","address":{"town":"Adjarra","county":"Adjarra","state":"Ouémé","ISO3166-2-lvl4":"BJ-OU","country":"Bénin","country_code":"bj"},"osm_type":"node","osm_id":1671046819,"type":"town","location":[2.6629455,6.5282474],"bbox":[2.6229455,6.4882474,2.7029455,6.5682474],"border":{"name":"Adjarra","other_names":{"name:fr":"Adjarra","official_name":"Commune d'Adjarra"},"display_name":"Adjarra, Ouémé, Bénin","address":{"county":"Adjarra","state":"Ouémé","ISO3166-2-lvl4":"BJ-OU","country":"Bénin","country_code":"bj"},"osm_type":"relation","osm_id":2945785,"type":"administrative","location":[2.6933383052933184,6.493028000000001],"bbox":[2.6451478,6.4436117,2.724148,6.5426524]}}
{"name":"Adjohoun","other_names":{"name:fr":"Adjohoun","name:ru":"Аджохун"},"display_name":"Adjohoun, Ouémé, Bénin","address":{"town":"Adjohoun","county":"Adjohoun","state":"Ouémé","ISO3166-2-lvl4":"BJ-OU","country":"Bénin","country_code":"bj"},"osm_type":"node","osm_id":2312907989,"type":"town","location":[2.4773959,6.717471],"bbox":[2.4373959,6.677471,2.5173959,6.757471],"border":{"name":"Adjohoun","other_names":{"name:fr":"Adjohoun","official_name":"Commune d'Adjohoun"},"display_name":"Adjohoun, Ouémé, Bénin","address":{"county":"Adjohoun","state":"Ouémé","ISO3166-2-lvl4":"BJ-OU","country":"Bénin","country_code":"bj"},"osm_type":"relation","osm_id":2945935,"type":"administrative","location":[2.516410998155393,6.6981376],"bbox":[2.4381054,6.6068887,2.5959745,6.7885663]}}
{"name":"Affamè","other_names":{"name:fr":"Affamè","name:ru":"Аффаме"},"display_name":"Affamè, Bonou, Ouémé, Bénin","address":{"town":"Affamè","county":"Bonou","state":"Ouémé","ISO3166-2-lvl4":"BJ-OU","country":"Bénin","country_code":"bj"},"osm_type":"node","osm_id":2331705997,"type":"town","location":[2.4730911,6.8235981],"bbox":[2.4330911,6.7835981,2.5130911,6.8635981]}
{"name":"Agatogbo","display_name":"Agatogbo, Comé, Mono, Bénin","address":{"town":"Agatogbo","county":"Comé","state":"Mono","ISO3166-2-lvl4":"BJ-MO","country":"Bénin","country_code":"bj"},"osm_type":"node","osm_id":895493787,"type":"town","location":[1.9221955,6.4018183],"bbox":[1.8821955,6.3618183,1.9621955,6.4418183]}
{"name":"Agbangandan","display_name":"Agbangandan, Sèmè-Kpodji, Sèkandji, Ouémé, Bénin","address":{"town":"Agbangandan","county":"Sèkandji","state":"Ouémé","ISO3166-2-lvl4":"BJ-OU","country":"Bénin","country_code":"bj"},"osm_type":"node","osm_id":7733327741,"type":"town","location":[2.490313,6.3763768],"bbox":[2.450313,6.3363768,2.530313,6.4163768]}
{"name":"Agbangnizoun","other_names":{"name:ru":"Агбангнизун"},"display_name":"Agbangnizoun, Zou, Bénin","address":{"town":"Agbangnizoun","state":"Zou","ISO3166-2-lvl4":"BJ-ZO","country":"Bénin","country_code":"bj"},"osm_type":"node","osm_id":2312973701,"type":"town","location":[1.9705679,7.075825],"bbox":[1.9305679,7.035825,2.0105679,7.115825],"border":{"name":"Agbangnizoun","other_names":{"name:fr":"Agbangnizoun","official_name":"Commune d'Agbangnizoun","name:ru":"Агбангнизун"},"display_name":"Agbangnizoun, Zou, Bénin","address":{"town":"Agbangnizoun","state":"Zou","ISO3166-2-lvl4":"BJ-ZO","country":"Bénin","country_code":"bj"},"osm_type":"relation","osm_id":2946028,"type":"administrative","location":[1.9705679,7.075825],"bbox":[1.869444,6.9883642,2.0653239,7.1517541]}}
{"name":"Agbanto","display_name":"Agbanto, Kpomassè, Atlantique, Bénin","address":{"town":"Agbanto","county":"Kpomassè","state":"Atlantique","ISO3166-2-lvl4":"BJ-AQ","country":"Bénin","country_code":"bj"},"osm_type":"node","osm_id":2537544559,"type":"town","location":[1.9464601,6.3899144],"bbox":[1.9064601,6.3499144,1.9864601,6.4299144]}
{"name":"Aglogbè","display_name":"Aglogbè, Adjarra, Ouémé, Bénin","address":{"town":"Aglogbè","county":"Adjarra","state":"Ouémé","ISO3166-2-lvl4":"BJ-OU","country":"Bénin","country_code":"bj"},"osm_type":"node","osm_id":7649905380,"type":"town","location":[2.6725745,6.4825959],"bbox":[2.6325745,6.4425959,2.7125745,6.5225959]}
{"name":"Agonkanmè","display_name":"Agonkanmè, Kpomassè, Atlantique, Bénin","address":{"town":"Agonkanmè","county":"Kpomassè","state":"Atlantique","ISO3166-2-lvl4":"BJ-AQ","country":"Bénin","country_code":"bj"},"osm_type":"node","osm_id":7953308172,"type":"town","location":[1.9949681,6.3919171],"bbox":[1.9549681,6.3519171,2.0349681,6.4319171]}
{"name":"Agoué","display_name":"Agoué, Grand-Popo, Mono, Bénin","address":{"town":"Agoué","state":"Mono","ISO3166-2-lvl4":"BJ-MO","country":"Bénin","country_code":"bj"},"osm_type":"node","osm_id":7594990722,"type":"town","location":[1.6816807,6.2501924],"bbox":[1.6416807,6.2101924,1.7216807,6.2901924]}
{"name":"Aguégués","other_names":{"name:fr":"Aguégués","name:ru":"Агеге"},"display_name":"Aguégués, Ouémé, Bénin","address":{"town":"Aguégués","county":"Aguégués","state":"Ouémé","ISO3166-2-lvl4":"BJ-OU","country":"Bénin","country_code":"bj"},"osm_type":"node","osm_id":1671048819,"type":"town","location":[2.543644,6.4533468],"bbox":[2.503644,6.4133468,2.583644,6.4933468],"border":{"name":"Aguégués","other_names":{"name:fr":"Aguégués","official_name":"Commune d'Aguégués"},"display_name":"Aguégués, Ouémé, Bénin","address":{"county":"Aguégués","state":"Ouémé","ISO3166-2-lvl4":"BJ-OU","country":"Bénin","country_code":"bj"},"osm_type":"relation","osm_id":2945786,"type":"administrative","location":[2.5395829827801037,6.4848719500000005],"bbox":[2.4858314,6.4361656,2.5948984,6.5359376]}}
{"name":"Aholouyèmè","display_name":"Aholouyèmè, Sèmè-Kpodji, Djeffa, Ouémé, Bénin","address":{"town":"Aholouyèmè","county":"Djeffa","state":"Ouémé","ISO3166-2-lvl4":"BJ-OU","country":"Bénin","country_code":"bj"},"osm_type":"node","osm_id":7636044484,"type":"town","location":[2.5651038,6.4291746],"bbox":[2.5251038,6.3891746,2.6051038,6.4691746]}
{"name":"Akpro-Missérété","other_names":{"name:fr":"Akpro-Missérété","name:ru":"Акпро-Мисерете","alt_name":"Agpro-Missérété"},"display_name":"Akpro-Missérété, Ouémé, Bénin","address":{"town":"Akpro-Missérété","county":"Akpro-Missérété","state":"Ouémé","ISO3166-2-lvl4":"BJ-OU","country":"Bénin","country_code":"bj"},"population":25000,"osm_type":"node","osm_id":1671041800,"type":"town","location":[2.5893397,6.5584963],"bbox":[2.5493397,6.5184963,2.6293397,6.5984963],"border":{"name":"Akpro-Missérété","other_names":{"name:fr":"Akpro-Missérété","official_name":"Commune d'Akpro-Missérété"},"display_name":"Akpro-Missérété, Ouémé, Bénin","address":{"county":"Akpro-Missérété","state":"Ouémé","ISO3166-2-lvl4":"BJ-OU","country":"Bénin","country_code":"bj"},"osm_type":"relation","osm_id":2945927,"type":"administrative","location":[2.6099368012167643,6.5750718],"bbox":[2.5715398,6.5127419,2.6509266,6.6426832]}}
{"name":"Alafiarou","other_names":{"name:fr":"Alafiarou","name:ru":"Алафиару"},"display_name":"Alafiarou, Tchaourou, Borgou, Bénin","address":{"town":"Alafiarou","state":"Borgou","ISO3166-2-lvl4":"BJ-BO","country":"Bénin","country_code":"bj"},"osm_type":"node","osm_id":2466409591,"type":"town","location":[2.4037421,9.0277064],"bbox":[2.3637421,8.9877064,2.4437421,9.0677064]}
{"name":"Angaradébou","display_name":"Angaradébou, Kandi, Alibori, Bénin","address":{"town":"Angaradébou","county":"Kandi","state":"Alibori","ISO3166-2-lvl4":"BJ-AL","country":"Bénin","country_code":"bj"},"osm_type":"node","osm_id":3250619773,"type":"town","location":[3.0412812,11.3228338],"bbox":[3.0012812,11.2828338,3.0812812,11.3628338]}
{"name":"Atchakpa","display_name":"Atchakpa, Savè, Collines, Bénin","address":{"town":"Atchakpa","county":"Savè","state":"Collines","ISO3166-2-lvl4":"BJ-CO","country":"Bénin","country_code":"bj"},"osm_type":"node","osm_id":3904444401,"type":"town","location":[2.3949143,8.0169181],"bbox":[2.3549143,7.9769181,2.4349143,8.0569181]}
{"name":"Atchannou","display_name":"Atchannou, Athiémé, Mono, Bénin","address":{"town":"Atchannou","county":"Athiémé","state":"Mono","ISO3166-2-lvl4":"BJ-MO","country":"Bénin","country_code":"bj"},"osm_type":"node","osm_id":7588515658,"type":"town","location":[1.7560046,6.5449602],"bbox":[1.7160046,6.5049602,1.7960046,6.5849602]}
{"name":"Athiémé","other_names":{"name:fr":"Athiémé","name:ru":"Атиеме"},"display_name":"Athiémé, Mono, Bénin","address":{"town":"Athiémé","county":"Athiémé","state":"Mono","ISO3166-2-lvl4":"BJ-MO","country":"Bénin","country_code":"bj"},"population":60000,"osm_type":"node","osm_id":2313207444,"type":"town","location":[1.6675163,6.5812935],"bbox":[1.6275163,6.5412935,1.7075163,6.6212935],"border":{"name":"Athiémé","other_names":{"name:fr":"Athiémé","official_name":"Commune d'Athiémé"},"display_name":"Athiémé, Mono, Bénin","address":{"county":"Athiémé","state":"Mono","ISO3166-2-lvl4":"BJ-MO","country":"Bénin","country_code":"bj"},"osm_type":"relation","osm_id":2946420,"type":"administrative","location":[1.7414348816705576,6.53229705],"bbox":[1.644522,6.4595933,1.8021781,6.6045526]}}
{"name":"Avlamè","display_name":"Avlamè, Zogbodomey, Zou, Bénin","address":{"town":"Avlamè","county":"Zogbodomey","state":"Zou","ISO3166-2-lvl4":"BJ-ZO","country":"Bénin","country_code":"bj"},"osm_type":"node","osm_id":7569954430,"type":"town","location":[2.1338045,7.1090479],"bbox":[2.0938045,7.0690479,2.1738045,7.1490479]}
{"name":"Avlékété","display_name":"Avlékété, Ouidah, Atlantique, Bénin","address":{"town":"Avlékété","county":"Ouidah","state":"Atlantique","ISO3166-2-lvl4":"BJ-AQ","country":"Bénin","country_code":"bj"},"osm_type":"node","osm_id":4264120418,"type":"town","location":[2.2040058,6.3484353],"bbox":[2.1640058,6.3084353,2.2440058,6.3884353]}
{"name":"Avlo","other_names":{"name:fr":"Avlo","alt_name":"Avloh"},"display_name":"Avlo, Grand-Popo, Mono, Bénin","address":{"town":"Avlo","state":"Mono","ISO3166-2-lvl4":"BJ-MO","country":"Bénin","country_code":"bj"},"osm_type":"node","osm_id":4264119143,"type":"town","location":[1.8945374,6.2951995],"bbox":[1.8545374,6.2551995,1.9345374,6.3351995]}
{"name":"Avrankou","other_names":{"name:ru":"Авранку"},"display_name":"Avrankou, Ouémé, Bénin","address":{"town":"Avrankou","state":"Ouémé","ISO3166-2-lvl4":"BJ-OU","country":"Bénin","country_code":"bj"},"osm_type":"node","osm_id":1671044835,"type":"town","location":[2.6550687,6.5564209],"bbox":[2.6150687,6.5164209,2.6950687,6.5964209],"border":{"name":"Avrankou","other_names":{"name:fr":"Avrankou","official_name":"Commune d'Avrankou","name:ru":"Авранку"},"display_name":"Avrankou, Ouémé, Bénin","address":{"town":"Avrankou","state":"Ouémé","ISO3166-2-lvl4":"BJ-OU","country":"Bénin","country_code":"bj"},"osm_type":"relation","osm_id":2945787,"type":"administrative","location":[2.6550687,6.5564209],"bbox":[2.6290289,6.5187225,2.729991,6.6046742]}}
{"name":"Awonou","display_name":"Awonou, Adjohoun, Ouémé, Bénin","address":{"town":"Awonou","county":"Adjohoun","state":"Ouémé","ISO3166-2-lvl4":"BJ-OU","country":"Bénin","country_code":"bj"},"osm_type":"node","osm_id":7645720253,"type":"town","location":[2.5510436,6.7596422],"bbox":[2.5110436,6.7196422,2.5910436,6.7996422]}
{"name":"Badou","display_name":"Badou, Gogounou, Alibori, Bénin","address":{"town":"Badou","county":"Gogounou","state":"Alibori","ISO3166-2-lvl4":"BJ-AL","country":"Bénin","country_code":"bj"},"osm_type":"node","osm_id":3789771380,"type":"town","location":[2.734955,10.8956816],"bbox":[2.694955,10.8556816,2.774955,10.9356816]}
{"name":"Bagou","display_name":"Bagou, Gogounou, Alibori, Bénin","address":{"town":"Bagou","county":"Gogounou","state":"Alibori","ISO3166-2-lvl4":"BJ-AL","country":"Bénin","country_code":"bj"},"osm_type":"node","osm_id":3789770993,"type":"town","location":[2.7233307,10.8132664],"bbox":[2.6833307,10.7732664,2.7633307,10.8532664]}
{"name":"Banigbé","display_name":"Banigbé, Ifangni, Plateau, Bénin","address":{"town":"Banigbé","state":"Plateau","ISO3166-2-lvl4":"BJ-PL","country":"Bénin","country_code":"bj"},"osm_type":"node","osm_id":12950377685,"type":"town","location":[2.7064937,6.6468933],"bbox":[2.6664937,6.6068933,2.7464937,6.6868933]}
{"display_name":"Bantè, Collines, Bénin","address":{"county":"Bantè","state":"Collines","ISO3166-2-lvl4":"BJ-CO","country":"Bénin","country_code":"bj"},"osm_type":"node","osm_id":3777132342,"type":"town","location":[1.979954,8.0608146],"bbox":[1.939954,8.0208146,2.019954,8.1008146]}
{"name":"Bassila","other_names":{"name:ar":"بسيلا","name:fr":"Bassila","name:ru":"Басила"},"display_name":"Bassila, Donga, Bénin","address":{"town":"Bassila","county":"Bassila","state":"Donga","ISO3166-2-lvl4":"BJ-DO","country":"Bénin","country_code":"bj"},"population":130000,"osm_type":"node","osm_id":442134145,"type":"town","location":[1.6642215,9.0075302],"bbox":[1.6242215,8.9675302,1.7042215,9.0475302],"border":{"name":"Bassila","other_names":{"name:ar":"بسيلا","name:fr":"Bassila","official_name":"Commune de Bassila","official_name:ar":"بلدية بسيلا"},"display_name":"Bassila, Donga, Bénin","address":{"county":"Bassila","state":"Donga","ISO3166-2-lvl4":"BJ-DO","country":"Bénin","country_code":"bj"},"osm_type":"relation","osm_id":2944694,"type":"administrative","location":[1.8218396684307867,8.96666435],"bbox":[1.398611,8.4752769,2.2218776,9.4596632]}}
{"name":"Basso","display_name":"Basso, Kalalé, Borgou, Bénin","address":{"town":"Basso","state":"Borgou","ISO3166-2-lvl4":"BJ-BO","country":"Bénin","country_code":"bj"},"osm_type":"node","osm_id":3797940004,"type":"town","location":[3.6925834,10.4983017],"bbox":[3.6525834,10.4583017,3.7325834,10.5383017]}
{"name":"Bembéréké","other_names":{"name:fr":"Bembéréké","name:ru":"Бембереке"},"display_name":"Bembéréké, Borgou, Bénin","address":{"town":"Bembéréké","county":"Bembéréké","state":"Borgou","ISO3166-2-lvl4":"BJ-BO","country":"Bénin","country_code":"bj"},"population":131300,"osm_type":"node","osm_id":313015849,"type":"town","location":[2.6675063,10.2242175],"bbox":[2.6275063,10.1842175,2.7075063,10.2642175],"border":{"name":"Bembéréké","other_names":{"name:fr":"Bembéréké","official_name":"Commune de Bembéréké"},"display_name":"Bembéréké, Borgou, Bénin","address":{"county":"Bembéréké","state":"Borgou","ISO3166-2-lvl4":"BJ-BO","country":"Bénin","country_code":"bj"},"osm_type":"relation","osm_id":2859960,"type":"administrative","location":[2.750742720088743,10.25395885],"bbox":[2.471513,9.9162099,3.1271636,10.5873899]}}
{"name":"Bensékou","other_names":{"name:fr":"Bensékou","name:ru":"Бенсеку"},"display_name":"Bensékou, Kandi, Alibori, Bénin","address":{"town":"Bensékou","county":"Kandi","state":"Alibori","ISO3166-2-lvl4":"BJ-AL","country":"Bénin","country_code":"bj"},"osm_type":"node","osm_id":3250444399,"type":"town","location":[3.151395,10.9859397],"bbox":[3.111395,10.9459397,3.191395,11.0259397]}
{"name":"Béroubouay","display_name":"Béroubouay, Bembéréké, Borgou, Bénin","address":{"town":"Béroubouay","county":"Bembéréké","state":"Borgou","ISO3166-2-lvl4":"BJ-BO","country":"Bénin","country_code":"bj"},"osm_type":"node","osm_id":6886740611,"type":"town","location":[2.7257037,10.5349228],"bbox":[2.6857037,10.4949228,2.7657037,10.5749228]}
{"name":"Bétérou","display_name":"Bétérou, Tchaourou, Borgou, Bénin","address":{"town":"Bétérou","state":"Borgou","ISO3166-2-lvl4":"BJ-BO","country":"Bénin","country_code":"bj"},"osm_type":"node","osm_id":496121386,"type":"town","location":[2.2736894,9.2021611],"bbox":[2.2336894,9.1621611,2.3136894,9.2421611]}
{"name":"Birni-Lafia","other_names":{"name:fr":"Birni-Lafia","name:ru":"Бирни-Лафиа"},"display_name":"Birni-Lafia, Karimama, Alibori, Bénin","address":{"town":"Birni-Lafia","county":"Karimama","state":"Alibori","ISO3166-2-lvl4":"BJ-AL","country":"Bénin","country_code":"bj"},"osm_type":"node","osm_id":2325176340,"type":"town","location":[3.2205809,11.9785829],"bbox":[3.1805809,11.9385829,3.2605809,12.0185829]}
{"name":"Biro","other_names":{"name:fr":"Biro","name:ru":"Биро"},"display_name":"Biro, Nikki, Borgou, Bénin","address":{"town":"Biro","municipality":"Biro","county":"Nikki","state":"Borgou","ISO3166-2-lvl4":"BJ-BO","country":"Bénin","country_code":"bj"},"osm_type":"node","osm_id":2293747795,"type":"town","location":[2.9469131,9.9035389],"bbox":[2.9069131,9.8635389,2.9869131,9.9435389],"border":{"name":"Biro","other_names":{"name:fr":"Biro","official_name":"Arrondissement de Biro"},"display_name":"Biro, Nikki, Borgou, Bénin","address":{"municipality":"Biro","county":"Nikki","state":"Borgou","ISO3166-2-lvl4":"BJ-BO","country":"Bénin","country_code":"bj"},"osm_type":"relation","osm_id":11176286,"type":"administrative","location":[2.8782443676196916,9.872661350000001],"bbox":[2.7613122,9.7905031,2.9856488,9.954566]}}
{"name":"Bogo-Bogo","display_name":"Bogo-Bogo, Karimama, Alibori, Bénin","address":{"town":"Bogo-Bogo","county":"Karimama","state":"Alibori","ISO3166-2-lvl4":"BJ-AL","country":"Bénin","country_code":"bj"},"osm_type":"node","osm_id":6724874654,"type":"town","location":[3.1059362,12.1035183],"bbox":[3.0659362,12.0635183,3.1459362,12.1435183]}
{"name":"Bonou","other_names":{"name:fr":"Bonou","name:ru":"Бону"},"display_name":"Bonou, Ouémé, Bénin","address":{"town":"Bonou","county":"Bonou","state":"Ouémé","ISO3166-2-lvl4":"BJ-OU","country":"Bénin","country_code":"bj"},"osm_type":"node","osm_id":2312907990,"type":"town","location":[2.4538661,6.9052139],"bbox":[2.4138661,6.8652139,2.4938661,6.9452139],"border":{"name":"Bonou","other_names":{"name:fr":"Bonou","official_name":"Commune de Bonou"},"display_name":"Bonou, Ouémé, Bénin","address":{"county":"Bonou","state":"Ouémé","ISO3166-2-lvl4":"BJ-OU","country":"Bénin","country_code":"bj"},"osm_type":"relation","osm_id":2945936,"type":"administrative","location":[2.4667140256399183,6.89096245],"bbox":[2.3861403,6.7763574,2.5869354,6.9976265]}}
{"name":"Bopa","other_names":{"name:ru":"Бопа"},"display_name":"Bopa, Mono, Bénin","address":{"town":"Bopa","state":"Mono","ISO3166-2-lvl4":"BJ-MO","country":"Bénin","country_code":"bj"},"osm_type":"node","osm_id":1590933142,"type":"town","location":[1.9668937,6.5893347],"bbox":[1.9268937,6.5493347,2.0068937,6.6293347],"border":{"name":"Bopa","other_names":{"name:fr":"Bopa","official_name":"Commune de Bopa","name:ru":"Бопа"},"display_name":"Bopa, Mono, Bénin","address":{"town":"Bopa","state":"Mono","ISO3166-2-lvl4":"BJ-MO","country":"Bénin","country_code":"bj"},"osm_type":"relation","osm_id":2946421,"type":"administrative","location":[1.9668937,6.5893347],"bbox":[1.8287954,6.4892294,2.0372219,6.7824863]}}
{"display_name":"Borgou, Bénin","address":{"state":"Borgou","ISO3166-2-lvl4":"BJ-BO","country":"Bénin","country_code":"bj"},"osm_type":"way","osm_id":866721671,"type":"town","location":[3.1946954806987184,10.08354665],"bbox":[3.190485,10.0786892,3.1988399,10.0878574]}
{"display_name":"Borgou, Bénin","address":{"state":"Borgou","ISO3166-2-lvl4":"BJ-BO","country":"Bénin","country_code":"bj"},"osm_type":"way","osm_id":887919003,"type":"town","location":[3.272764429033688,10.080190300000002],"bbox":[3.2719517,10.0786217,3.2735824,10.0817801]}
{"display_name":"Borgou, Bénin","address":{"state":"Borgou","ISO3166-2-lvl4":"BJ-BO","country":"Bénin","country_code":"bj"},"osm_type":"way","osm_id":886327990,"type":"town","location":[3.2345323019485166,10.1316086],"bbox":[3.234103,10.1312172,3.2349466,10.1319776]}
{"display_name":"Borgou, Bénin","address":{"state":"Borgou","ISO3166-2-lvl4":"BJ-BO","country":"Bénin","country_code":"bj"},"osm_type":"way","osm_id":866723185,"type":"town","location":[3.1747255829963046,10.10300105],"bbox":[3.1659868,10.0944003,3.1836035,10.1105848]}
{"display_name":"Borgou, Bénin","address":{"state":"Borgou","ISO3166-2-lvl4":"BJ-BO","country":"Bénin","country_code":"bj"},"osm_type":"way","osm_id":866737366,"type":"town","location":[2.9756436493957237,10.140677499999999],"bbox":[2.9718076,10.1374869,2.9792637,10.1442563]}
{"name":"Bori","other_names":{"name:fr":"Bori","name:ru":"Бори"},"display_name":"Bori, N'Dali, Borgou, Bénin","address":{"town":"Bori","county":"N'Dali","state":"Borgou","ISO3166-2-lvl4":"BJ-BO","country":"Bénin","country_code":"bj"},"population":15000,"osm_type":"node","osm_id":2192783661,"type":"town","location":[2.4386704,9.7475763],"bbox":[2.3986704,9.7075763,2.4786704,9.7875763]}
{"name":"Bouanri","other_names":{"name:fr":"Bouanri","name:ru":"Буанри"},"display_name":"Bouanri, Bembéréké, Borgou, Bénin","address":{"town":"Bouanri","county":"Bembéréké","state":"Borgou","ISO3166-2-lvl4":"BJ-BO","country":"Bénin","country_code":"bj"},"osm_type":"node","osm_id":2467065111,"type":"town","location":[2.8786029,10.1971052],"bbox":[2.8386029,10.1571052,2.9186029,10.2371052]}
{"name":"Boukombé","other_names":{"name:fr":"Boukombé","name:ru":"Букомбе","alt_name":"Boukoumbé","name:tbz":"Bukũmbè"},"display_name":"Boukombé, Atakora, Bénin","address":{"town":"Boukombé","county":"Boukombé","state":"Atakora","ISO3166-2-lvl4":"BJ-AK","country":"Bénin","country_code":"bj"},"population":80000,"osm_type":"node","osm_id":343622708,"type":"town","location":[1.1000529,10.1832167],"bbox":[1.0600529,10.1432167,1.1400529,10.2232167],"border":{"name":"Boukombé","other_names":{"name:fr":"Boukombé","official_name":"Commune de Boukombé"},"display_name":"Boukombé, Atakora, Bénin","address":{"county":"Boukombé","state":"Atakora","ISO3166-2-lvl4":"BJ-AK","country":"Bénin","country_code":"bj"},"osm_type":"relation","osm_id":2845145,"type":"administrative","location":[1.096826628044536,10.237196650000001],"bbox":[0.897222,9.995278,1.390467,10.4743345]}}
{"name":"Chabi Kouma","other_names":{"name:fr":"Chabi Kouma","name:ru":"Шаби-Кума"},"display_name":"Chabi Kouma, Kouandé, Atakora, Bénin","address":{"town":"Chabi Kouma","city":"Kouandé","state":"Atakora","ISO3166-2-lvl4":"BJ-AK","country":"Bénin","country_code":"bj"},"osm_type":"node","osm_id":2590113692,"type":"town","location":[1.474298,10.0043444],"bbox":[1.434298,9.9643444,1.514298,10.0443444]}
{"name":"Challa-Ogoï","display_name":"Challa-Ogoï, Ouèssè, Collines, Bénin","address":{"town":"Challa-Ogoï","city":"Ouèssè","state":"Collines","ISO3166-2-lvl4":"BJ-CO","country":"Bénin","country_code":"bj"},"osm_type":"node","osm_id":7556865155,"type":"town","location":[2.5904238,8.4032305],"bbox":[2.5504238,8.3632305,2.6304238,8.4432305]}
{"name":"Cobli","other_names":{"name:fr":"Cobli","name:ru":"Кобли","alt_name":"Cobly"},"display_name":"Cobli, Atakora, Bénin","address":{"town":"Cobli","county":"Cobli","state":"Atakora","ISO3166-2-lvl4":"BJ-AK","country":"Bénin","country_code":"bj"},"population":21000,"osm_type":"node","osm_id":2260507142,"type":"town","location":[1.0081713,10.4892543],"bbox":[0.9681713,10.4492543,1.0481713,10.5292543],"border":{"name":"Cobli","other_names":{"name:fr":"Cobly","official_name":"Commune de Cobli"},"display_name":"Cobli, Atakora, Bénin","address":{"county":"Cobli","state":"Atakora","ISO3166-2-lvl4":"BJ-AK","country":"Bénin","country_code":"bj"},"osm_type":"relation","osm_id":2845193,"type":"administrative","location":[0.936429736261758,10.479186200000001],"bbox":[0.776667,10.291944,1.1001723,10.6696481]}}
{"name":"Comè","display_name":"Comè, Comé, Mono, Bénin","address":{"town":"Comè","county":"Comé","state":"Mono","ISO3166-2-lvl4":"BJ-MO","country":"Bénin","country_code":"bj"},"population":80000,"osm_type":"node","osm_id":2161679329,"type":"town","location":[1.8840863,6.4041973],"bbox":[1.8440863,6.3641973,1.9240863,6.4441973]}
{"name":"Copargo","other_names":{"name:fr":"Copargo","name:ru":"Копарго"},"display_name":"Copargo, Donga, Bénin","address":{"town":"Copargo","county":"Copargo","state":"Donga","ISO3166-2-lvl4":"BJ-DO","country":"Bénin","country_code":"bj"},"population":22000,"osm_type":"node","osm_id":910855218,"type":"town","location":[1.5467475,9.8395429],"bbox":[1.5067475,9.7995429,1.5867475,9.8795429],"border":{"name":"Copargo","other_names":{"name:fr":"Copargo","official_name":"Commune de Copargo"},"display_name":"Copargo, Donga, Bénin","address":{"county":"Copargo","state":"Donga","ISO3166-2-lvl4":"BJ-DO","country":"Bénin","country_code":"bj"},"osm_type":"relation","osm_id":2851895,"type":"administrative","location":[1.5446319011603729,9.8817865],"bbox":[1.355,9.7231467,1.7534836,10.0396602]}}
{"name":"Coussi","display_name":"Coussi, Toffo, Atlantique, Bénin","address":{"town":"Coussi","county":"Toffo","state":"Atlantique","ISO3166-2-lvl4":"BJ-AQ","country":"Bénin","country_code":"bj"},"osm_type":"node","osm_id":7605528062,"type":"town","location":[2.1396732,6.8519525],"bbox":[2.0996732,6.8119525,2.1796732,6.8919525]}
{"name":"Covè","other_names":{"name:fr":"Covè","name:ru":"Кове","alt_name":"Cové"},"display_name":"Covè, Zou, Bénin","address":{"town":"Covè","county":"Covè","state":"Zou","ISO3166-2-lvl4":"BJ-ZO","country":"Bénin","country_code":"bj"},"population":50000,"osm_type":"node","osm_id":2312973702,"type":"town","location":[2.3399622,7.2195352],"bbox":[2.2999622,7.1795352,2.3799622,7.2595352],"border":{"name":"Covè","other_names":{"name:fr":"Covè","official_name":"Commune de Covè"},"display_name":"Covè, Zou, Bénin","address":{"county":"Covè","state":"Zou","ISO3166-2-lvl4":"BJ-ZO","country":"Bénin","country_code":"bj"},"osm_type":"relation","osm_id":2946030,"type":"administrative","location":[2.298927334403489,7.2999575],"bbox":[2.140801,7.0523263,2.3811,7.5475643]}}
{"name":"Daagbé","display_name":"Daagbé, Ifangni, Plateau, Bénin","address":{"town":"Daagbé","state":"Plateau","ISO3166-2-lvl4":"BJ-PL","country":"Bénin","country_code":"bj"},"osm_type":"node","osm_id":7649496127,"type":"town","location":[2.6977229,6.5770047],"bbox":[2.6577229,6.5370047,2.7377229,6.6170047]}
{"name":"Dahè","display_name":"Dahè, Houéyogbé, Mono, Bénin","address":{"town":"Dahè","state":"Mono","ISO3166-2-lvl4":"BJ-MO","country":"Bénin","country_code":"bj"},"osm_type":"node","osm_id":6258023002,"type":"town","location":[1.9427291,6.5160249],"bbox":[1.9027291,6.4760249,1.9827291,6.5560249]}
{"name":"Damè-Centre","display_name":"Damè-Centre, Toffo, Atlantique, Bénin","address":{"town":"Damè-Centre","county":"Toffo","state":"Atlantique","ISO3166-2-lvl4":"BJ-AQ","country":"Bénin","country_code":"bj"},"osm_type":"node","osm_id":7605537600,"type":"town","location":[2.2282988,6.8387915],"bbox":[2.1882988,6.7987915,2.2682988,6.8787915]}
{"name":"Dan","display_name":"Dan, Djidja, Zou, Bénin","address":{"town":"Dan","county":"Djidja","state":"Zou","ISO3166-2-lvl4":"BJ-ZO","country":"Bénin","country_code":"bj"},"osm_type":"node","osm_id":3773846314,"type":"town","location":[2.0813978,7.3250546],"bbox":[2.0413978,7.2850546,2.1213978,7.3650546]}
{"name":"Dangbo","other_names":{"name:fr":"Dangbo","name:ru":"Дангбо"},"display_name":"Dangbo, Ouémé, Bénin","address":{"town":"Dangbo","county":"Dangbo","state":"Ouémé","ISO3166-2-lvl4":"BJ-OU","country":"Bénin","country_code":"bj"},"osm_type":"node","osm_id":2312907991,"type":"town","location":[2.5508708,6.5850619],"bbox":[2.5108708,6.5450619,2.5908708,6.6250619],"border":{"name":"Dangbo","other_names":{"name:fr":"Dangbo","official_name":"Commune de Dangbo"},"display_name":"Dangbo, Ouémé, Bénin","address":{"county":"Dangbo","state":"Ouémé","ISO3166-2-lvl4":"BJ-OU","country":"Bénin","country_code":"bj"},"osm_type":"relation","osm_id":2945937,"type":"administrative","location":[2.51544769354959,6.5662073],"bbox":[2.445889,6.4935117,2.5821376,6.6345543]}}
{"name":"Dassari","other_names":{"name:fr":"Dassari","name:ru":"Дасари"},"display_name":"Dassari, Materi, Atakora, Bénin","address":{"town":"Dassari","county":"Materi","state":"Atakora","ISO3166-2-lvl4":"BJ-AK","country":"Bénin","country_code":"bj"},"osm_type":"node","osm_id":2472357334,"type":"town","location":[1.1439349,10.8114546],"bbox":[1.1039349,10.7714546,1.1839349,10.8514546]}
{"name":"Dèdo","display_name":"Dèdo, Abomey-Calavi, Atlantique, Bénin","address":{"town":"Dèdo","county":"Abomey-Calavi","state":"Atlantique","ISO3166-2-lvl4":"BJ-AQ","country":"Bénin","country_code":"bj"},"osm_type":"node","osm_id":3877463733,"type":"town","location":[2.3727296,6.6548322],"bbox":[2.3327296,6.6148322,2.4127296,6.6948322]}
{"name":"Dédomè","display_name":"Dédomè, Kpomassè, Atlantique, Bénin","address":{"town":"Dédomè","county":"Kpomassè","state":"Atlantique","ISO3166-2-lvl4":"BJ-AQ","country":"Bénin","country_code":"bj"},"osm_type":"node","osm_id":2325176390,"type":"town","location":[2.009855,6.5761016],"bbox":[1.969855,6.5361016,2.049855,6.6161016]}
{"name":"Dékanmè","other_names":{"name:fr":"Dékanmè","name:fon":"Dèkánmɛ̀"},"display_name":"Dékanmè, Kpomassè, Atlantique, Bénin","address":{"town":"Dékanmè","county":"Kpomassè","state":"Atlantique","ISO3166-2-lvl4":"BJ-AQ","country":"Bénin","country_code":"bj"},"osm_type":"node","osm_id":2325176387,"type":"town","location":[1.9960127,6.5665855],"bbox":[1.9560127,6.5265855,2.0360127,6.6065855]}
{"name":"Démè","display_name":"Démè, Adjohoun, Ouémé, Bénin","address":{"town":"Démè","county":"Adjohoun","state":"Ouémé","ISO3166-2-lvl4":"BJ-OU","country":"Bénin","country_code":"bj"},"osm_type":"node","osm_id":3919356910,"type":"town","location":[2.479401,6.697622],"bbox":[2.439401,6.657622,2.519401,6.737622]}
{"name":"Dérassi","display_name":"Dérassi, Kalalé, Borgou, Bénin","address":{"town":"Dérassi","state":"Borgou","ISO3166-2-lvl4":"BJ-BO","country":"Bénin","country_code":"bj"},"osm_type":"node","osm_id":2325176063,"type":"town","location":[3.261694,10.1615049],"bbox":[3.221694,10.1215049,3.301694,10.2015049]}
{"name":"Dévé","display_name":"Dévé, Dogbo, Kouffo, Bénin","address":{"town":"Dévé","city":"Dogbo","state":"Kouffo","ISO3166-2-lvl4":"BJ-KO","country":"Bénin","country_code":"bj"},"osm_type":"node","osm_id":3886066150,"type":"town","location":[1.6647938,6.765026],"bbox":[1.6247938,6.725026,1.7047938,6.805026]}
{"name":"Djakotomey","other_names":{"name:fr":"Djakotomey","name:ru":"Джакотоме"},"display_name":"Djakotomey, Kouffo, Bénin","address":{"town":"Djakotomey","county":"Djakotomey","state":"Kouffo","ISO3166-2-lvl4":"BJ-KO","country":"Bénin","country_code":"bj"},"osm_type":"node","osm_id":2313262061,"type":"town","location":[1.7178953,6.9020379],"bbox":[1.6778953,6.8620379,1.7578953,6.9420379],"border":{"name":"Djakotomey","other_names":{"name:fr":"Djakotomey","official_name":"Commune de Djakotomey"},"display_name":"Djakotomey, Kouffo, Bénin","address":{"county":"Djakotomey","state":"Kouffo","ISO3166-2-lvl4":"BJ-KO","country":"Bénin","country_code":"bj"},"osm_type":"relation","osm_id":2946533,"type":"administrative","location":[1.6955773826214111,6.850139],"bbox":[1.5943251,6.7422438,1.7930935,6.9611277]}}
{"name":"Djanglanmey","display_name":"Djanglanmey, Grand-Popo, Mono, Bénin","address":{"town":"Djanglanmey","state":"Mono","ISO3166-2-lvl4":"BJ-MO","country":"Bénin","country_code":"bj"},"osm_type":"node","osm_id":3891485866,"type":"town","location":[1.8130205,6.4125078],"bbox":[1.7730205,6.3725078,1.8530205,6.4525078]}
{"name":"Djèrègbé","other_names":{"name:fr":"Djèrègbè","alt_name":"Djrègbé;Djèrègbè"},"display_name":"Djèrègbé, Sèmè-Kpodji, Djeffa, Ouémé, Bénin","address":{"town":"Djèrègbé","county":"Djeffa","state":"Ouémé","ISO3166-2-lvl4":"BJ-OU","country":"Bénin","country_code":"bj"},"osm_type":"node","osm_id":2473306980,"type":"town","location":[2.6250822,6.4279504],"bbox":[2.5850822,6.3879504,2.6650822,6.4679504]}
{"name":"Djidja","other_names":{"name:fr":"Djidja","name:ru":"Джиджа"},"display_name":"Djidja, Zou, Bénin","address":{"town":"Djidja","county":"Djidja","state":"Zou","ISO3166-2-lvl4":"BJ-ZO","country":"Bénin","country_code":"bj"},"osm_type":"node","osm_id":2312973703,"type":"town","location":[1.9342593,7.3447833],"bbox":[1.8942593,7.3047833,1.9742593,7.3847833],"border":{"name":"Djidja","other_names":{"name:fr":"Djidja","official_name":"Commune de Djidja"},"display_name":"Djidja, Zou, Bénin","address":{"county":"Djidja","state":"Zou","ISO3166-2-lvl4":"BJ-ZO","country":"Bénin","country_code":"bj"},"osm_type":"relation","osm_id":2946031,"type":"administrative","location":[1.9769064644898355,7.39911905],"bbox":[1.641389,7.142777,2.2409645,7.6574191]}}
{"name":"Domè","other_names":{"name:fr":"Domè","name:fon":"Domὲ"},"display_name":"Domè, Zogbodomey, Zou, Bénin","address":{"town":"Domè","county":"Zogbodomey","state":"Zou","ISO3166-2-lvl4":"BJ-ZO","country":"Bénin","country_code":"bj"},"osm_type":"node","osm_id":2437643749,"type":"town","location":[2.3090413,7.0961616],"bbox":[2.2690413,7.0561616,2.3490413,7.1361616]}
{"name":"Donwari","display_name":"Donwari, Kandi, Alibori, Bénin","address":{"town":"Donwari","county":"Kandi","state":"Alibori","ISO3166-2-lvl4":"BJ-AL","country":"Bénin","country_code":"bj"},"osm_type":"node","osm_id":3809720612,"type":"town","location":[2.8532286,11.1178551],"bbox":[2.8132286,11.0778551,2.8932286,11.1578551]}
{"name":"Doutou","display_name":"Doutou, Houéyogbé, Mono, Bénin","address":{"town":"Doutou","state":"Mono","ISO3166-2-lvl4":"BJ-MO","country":"Bénin","country_code":"bj"},"osm_type":"node","osm_id":1590933146,"type":"town","location":[1.8792723,6.5725054],"bbox":[1.8392723,6.5325054,1.9192723,6.6125054]}
{"name":"Dunkassa","other_names":{"name:fr":"Dunkassa","name:ru":"Дункаса"},"display_name":"Dunkassa, Kalalé, Borgou, Bénin","address":{"town":"Dunkassa","state":"Borgou","ISO3166-2-lvl4":"BJ-BO","country":"Bénin","country_code":"bj"},"osm_type":"node","osm_id":2466998923,"type":"town","location":[3.1498407,10.3556586],"bbox":[3.1098407,10.3156586,3.1898407,10.3956586]}
{"name":"Ekpè","display_name":"Ekpè, Sèmè-Kpodji, Djeffa, Ouémé, Bénin","address":{"town":"Ekpè","county":"Djeffa","state":"Ouémé","ISO3166-2-lvl4":"BJ-OU","country":"Bénin","country_code":"bj"},"population":40000,"osm_type":"node","osm_id":3937284831,"type":"town","location":[2.5420041,6.3877269],"bbox":[2.5020041,6.3477269,2.5820041,6.4277269]}
{"name":"Firou","other_names":{"name:fr":"Firou","name:ru":"Фиру"},"display_name":"Firou, Kerou, Atakora, Bénin","address":{"town":"Firou","county":"Kerou","state":"Atakora","ISO3166-2-lvl4":"BJ-AK","country":"Bénin","country_code":"bj"},"osm_type":"node","osm_id":2466629600,"type":"town","location":[1.9442057,10.9173226],"bbox":[1.9042057,10.8773226,1.9842057,10.9573226]}
{"name":"Founougo","other_names":{"name:fr":"Founougo","name:ru":"Фунуго"},"display_name":"Founougo, Banikoara, Alibori, Bénin","address":{"town":"Founougo","county":"Banikoara","state":"Alibori","ISO3166-2-lvl4":"BJ-AL","country":"Bénin","country_code":"bj"},"osm_type":"node","osm_id":2467135921,"type":"town","location":[2.5326377,11.4765482],"bbox":[2.4926377,11.4365482,2.5726377,11.5165482]}
{"name":"Gamia","display_name":"Gamia, Bembéréké, Borgou, Bénin","address":{"town":"Gamia","county":"Bembéréké","state":"Borgou","ISO3166-2-lvl4":"BJ-BO","country":"Bénin","country_code":"bj"},"osm_type":"node","osm_id":3797783910,"type":"town","location":[2.7286814,10.3969313],"bbox":[2.6886814,10.3569313,2.7686814,10.4369313]}
{"name":"Gangban","display_name":"Gangban, Adjohoun, Ouémé, Bénin","address":{"town":"Gangban","county":"Adjohoun","state":"Ouémé","ISO3166-2-lvl4":"BJ-OU","country":"Bénin","country_code":"bj"},"osm_type":"node","osm_id":3919356773,"type":"town","location":[2.4693141,6.6687395],"bbox":[2.4293141,6.6287395,2.5093141,6.7087395]}
{"name":"Ganvié","display_name":"Ganvié, Sô-Ava, Atlantique, Bénin","address":{"town":"Ganvié","county":"Sô-Ava","state":"Atlantique","ISO3166-2-lvl4":"BJ-AQ","country":"Bénin","country_code":"bj"},"population":20000,"osm_type":"node","osm_id":2508223246,"type":"town","location":[2.3899667,6.4681116],"bbox":[2.3499667,6.4281116,2.4299667,6.5081116]}
{"name":"Garou","display_name":"Garou, Malanville, Alibori, Bénin","address":{"town":"Garou","city":"Malanville","state":"Alibori","ISO3166-2-lvl4":"BJ-AL","country":"Bénin","country_code":"bj"},"osm_type":"node","osm_id":6683944704,"type":"town","location":[3.4769865,11.7982514],"bbox":[3.4369865,11.7582514,3.5169865,11.8382514]}
{"name":"Gbanlin","display_name":"Gbanlin, Ouèssè, Collines, Bénin","address":{"town":"Gbanlin","city":"Ouèssè","state":"Collines","ISO3166-2-lvl4":"BJ-CO","country":"Bénin","country_code":"bj"},"osm_type":"node","osm_id":3589500202,"type":"town","location":[2.3718022,8.4949401],"bbox":[2.3318022,8.4549401,2.4118022,8.5349401]}
{"name":"Gbégourou","display_name":"Gbégourou, N'Dali, Borgou, Bénin","address":{"town":"Gbégourou","county":"N'Dali","state":"Borgou","ISO3166-2-lvl4":"BJ-BO","country":"Bénin","country_code":"bj"},"osm_type":"node","osm_id":3817321755,"type":"town","location":[2.7431626,9.4459374],"bbox":[2.7031626,9.4059374,2.7831626,9.4859374]}
{"name":"Gbéhoué","display_name":"Gbéhoué, Grand-Popo, Mono, Bénin","address":{"town":"Gbéhoué","state":"Mono","ISO3166-2-lvl4":"BJ-MO","country":"Bénin","country_code":"bj"},"osm_type":"node","osm_id":7590422399,"type":"town","location":[1.895163,6.3552007],"bbox":[1.855163,6.3152007,1.935163,6.3952007]}
{"name":"Gbozounmè","display_name":"Gbozounmè, Avrankou, Ouémé, Bénin","address":{"town":"Gbozounmè","state":"Ouémé","ISO3166-2-lvl4":"BJ-OU","country":"Bénin","country_code":"bj"},"osm_type":"node","osm_id":7649496125,"type":"town","location":[2.6743125,6.5800317],"bbox":[2.6343125,6.5400317,2.7143125,6.6200317]}
{"name":"Glazoué","other_names":{"name:fr":"Glazoué","name:ru":"Глазуэ"},"display_name":"Glazoué, Collines, Bénin","address":{"town":"Glazoué","county":"Glazoué","state":"Collines","ISO3166-2-lvl4":"BJ-CO","country":"Bénin","country_code":"bj"},"osm_type":"node","osm_id":2312747963,"type":"town","location":[2.2406872,7.9732156],"bbox":[2.2006872,7.9332156,2.2806872,8.0132156],"border":{"name":"Glazoué","other_names":{"name:fr":"Glazoué","official_name":"Commune de Glazoué"},"display_name":"Glazoué, Collines, Bénin","address":{"county":"Glazoué","state":"Collines","ISO3166-2-lvl4":"BJ-CO","country":"Bénin","country_code":"bj"},"osm_type":"relation","osm_id":2860040,"type":"administrative","location":[2.2291357527306785,8.16811735],"bbox":[2.0956836,7.8257873,2.3864259,8.5124998]}}
{"name":"Gnanro","display_name":"Gnanro, Sinendé, Borgou, Bénin","address":{"town":"Gnanro","county":"Sinendé","state":"Borgou","ISO3166-2-lvl4":"BJ-BO","country":"Bénin","country_code":"bj"},"osm_type":"node","osm_id":5965831773,"type":"town","location":[2.3965978,10.3698197],"bbox":[2.3565978,10.3298197,2.4365978,10.4098197]}
{"name":"Gninsy","display_name":"Gninsy, Pèrèrè, Borgou, Bénin","address":{"town":"Gninsy","county":"Pèrèrè","state":"Borgou","ISO3166-2-lvl4":"BJ-BO","country":"Bénin","country_code":"bj"},"osm_type":"node","osm_id":3805469776,"type":"town","location":[3.0527666,9.6128046],"bbox":[3.0127666,9.5728046,3.0927666,9.6528046]}
{"name":"Gobé","display_name":"Gobé, Savè, Collines, Bénin","address":{"town":"Gobé","county":"Savè","state":"Collines","ISO3166-2-lvl4":"BJ-CO","country":"Bénin","country_code":"bj"},"osm_type":"node","osm_id":3781954884,"type":"town","location":[2.4075699,7.9992851],"bbox":[2.3675699,7.9592851,2.4475699,8.0392851]}
{"name":"Godomey","display_name":"Godomey, Abomey-Calavi, Atlantique, Bénin","address":{"town":"Godomey","county":"Abomey-Calavi","state":"Atlantique","ISO3166-2-lvl4":"BJ-AQ","country":"Bénin","country_code":"bj"},"population":150000,"osm_type":"node","osm_id":2348404091,"type":"town","location":[2.3432407,6.3854438],"bbox":[2.3032407,6.3454438,2.3832407,6.4254438]}
{"name":"Gogounou","other_names":{"name:fr":"Gogounou","name:ru":"Гогуну"},"display_name":"Gogounou, Alibori, Bénin","address":{"town":"Gogounou","county":"Gogounou","state":"Alibori","ISO3166-2-lvl4":"BJ-AL","country":"Bénin","country_code":"bj"},"population":14000,"osm_type":"node","osm_id":2306555809,"type":"town","location":[2.8350479,10.8393454],"bbox":[2.7950479,10.7993454,2.8750479,10.8793454],"border":{"name":"Gogounou","other_names":{"name:fr":"Gogounou","official_name":"commune de Gogounou"},"display_name":"Gogounou, Alibori, Bénin","address":{"county":"Gogounou","state":"Alibori","ISO3166-2-lvl4":"BJ-AL","country":"Bénin","country_code":"bj"},"osm_type":"relation","osm_id":2850527,"type":"administrative","location":[2.7290948000000004,10.8522725],"bbox":[2.260556,10.5233927,3.2314545,11.1808547]}}
{"name":"Golo-Djigbé","display_name":"Golo-Djigbé, Abomey-Calavi, Atlantique, Bénin","address":{"town":"Golo-Djigbé","county":"Abomey-Calavi","state":"Atlantique","ISO3166-2-lvl4":"BJ-AQ","country":"Bénin","country_code":"bj"},"osm_type":"node","osm_id":5538676989,"type":"town","location":[2.3032531,6.5592571],"bbox":[2.2632531,6.5192571,2.3432531,6.5992571]}
{"name":"Gomè-Sota","display_name":"Gomè-Sota, Akpro-Missérété, Ouémé, Bénin","address":{"town":"Gomè-Sota","county":"Akpro-Missérété","state":"Ouémé","ISO3166-2-lvl4":"BJ-OU","country":"Bénin","country_code":"bj"},"osm_type":"node","osm_id":7647334519,"type":"town","location":[2.5884712,6.5862773],"bbox":[2.5484712,6.5462773,2.6284712,6.6262773]}
{"name":"Gomparou","display_name":"Gomparou, Banikoara, Alibori, Bénin","address":{"town":"Gomparou","county":"Banikoara","state":"Alibori","ISO3166-2-lvl4":"BJ-AL","country":"Bénin","country_code":"bj"},"osm_type":"node","osm_id":6820649278,"type":"town","location":[2.4701965,11.3283799],"bbox":[2.4301965,11.2883799,2.5101965,11.3683799]}
{"name":"Goro","display_name":"Goro, Tchaourou, Borgou, Bénin","address":{"town":"Goro","state":"Borgou","ISO3166-2-lvl4":"BJ-BO","country":"Bénin","country_code":"bj"},"osm_type":"node","osm_id":2466409592,"type":"town","location":[2.4978395,8.9761393],"bbox":[2.4578395,8.9361393,2.5378395,9.0161393]}
{"name":"Goumori","display_name":"Goumori, Banikoara, Alibori, Bénin","address":{"town":"Goumori","county":"Banikoara","state":"Alibori","ISO3166-2-lvl4":"BJ-AL","country":"Bénin","country_code":"bj"},"osm_type":"node","osm_id":3791058533,"type":"town","location":[2.298975,11.1795606],"bbox":[2.258975,11.1395606,2.338975,11.2195606]}
{"name":"Gouré Tèpa","display_name":"Gouré Tèpa, Borgou, Bénin","address":{"village":"Gouré Tèpa","state":"Borgou","ISO3166-2-lvl4":"BJ-BO","country":"Bénin","country_code":"bj"},"osm_type":"way","osm_id":787895971,"type":"town","location":[2.9883459,10.123332],"bbox":[2.9842784,10.1165891,2.9957507,10.1284676]}
{"name":"Grand-Popo","display_name":"Grand-Popo, Mono, Bénin","address":{"town":"Grand-Popo","state":"Mono","ISO3166-2-lvl4":"BJ-MO","country":"Bénin","country_code":"bj"},"osm_type":"node","osm_id":5168736518,"type":"town","location":[1.8067199,6.2763745],"bbox":[1.7667199,6.2363745,1.8467199,6.3163745],"border":{"name":"Grand-Popo","other_names":{"name:fr":"Grand-Popo","official_name":"Commune de Grand-Popo"},"display_name":"Grand-Popo, Mono, Bénin","address":{"town":"Grand-Popo","state":"Mono","ISO3166-2-lvl4":"BJ-MO","country":"Bénin","country_code":"bj"},"osm_type":"relation","osm_id":2946424,"type":"administrative","location":[1.8067199,6.2763745],"bbox":[1.6288049,6.2351358,1.9807979,6.484611]}}
{"name":"Guéné","other_names":{"name:fr":"Guéné","name:ru":"Гене"},"display_name":"Guéné, Malanville, Alibori, Bénin","address":{"town":"Guéné","city":"Malanville","state":"Alibori","ISO3166-2-lvl4":"BJ-AL","country":"Bénin","country_code":"bj"},"osm_type":"node","osm_id":2325176239,"type":"town","location":[3.2233525,11.7249824],"bbox":[3.1833525,11.6849824,3.2633525,11.7649824]}
{"name":"Guessou-Banm Taka","other_names":{"name:fr":"Guessou-Banm Taka","name:ru":"Гесу-Сюд"},"display_name":"Guessou-Banm Taka, Bembéréké, Borgou, Bénin","address":{"town":"Guessou-Banm Taka","county":"Bembéréké","state":"Borgou","ISO3166-2-lvl4":"BJ-BO","country":"Bénin","country_code":"bj"},"osm_type":"node","osm_id":2192783667,"type":"town","location":[2.6473675,10.0417025],"bbox":[2.6073675,10.0017025,2.6873675,10.0817025]}
{"name":"Guinagourou","display_name":"Guinagourou, Pèrèrè, Borgou, Bénin","address":{"town":"Guinagourou","county":"Pèrèrè","state":"Borgou","ISO3166-2-lvl4":"BJ-BO","country":"Bénin","country_code":"bj"},"osm_type":"node","osm_id":3816784009,"type":"town","location":[2.9499748,9.5652455],"bbox":[2.9099748,9.5252455,2.9899748,9.6052455]}
{"name":"Hêvié","display_name":"Hêvié, Abomey-Calavi, Atlantique, Bénin","address":{"town":"Hêvié","county":"Abomey-Calavi","state":"Atlantique","ISO3166-2-lvl4":"BJ-AQ","country":"Bénin","country_code":"bj"},"osm_type":"node","osm_id":7626073433,"type":"town","location":[2.2405886,6.4499425],"bbox":[2.2005886,6.4099425,2.2805886,6.4899425]}
{"name":"Hinvi","display_name":"Hinvi, Toffo, Atlantique, Bénin","address":{"town":"Hinvi","county":"Toffo","state":"Atlantique","ISO3166-2-lvl4":"BJ-AQ","country":"Bénin","country_code":"bj"},"osm_type":"node","osm_id":12143020308,"type":"town","location":[2.167257,6.7693257],"bbox":[2.127257,6.7293257,2.207257,6.8093257]}
{"name":"Honhoué","display_name":"Honhoué, Houéyogbé, Mono, Bénin","address":{"town":"Honhoué","state":"Mono","ISO3166-2-lvl4":"BJ-MO","country":"Bénin","country_code":"bj"},"osm_type":"node","osm_id":6265606150,"type":"town","location":[1.9156153,6.5524347],"bbox":[1.8756153,6.5124347,1.9556153,6.5924347]}
{"name":"Houédomey","display_name":"Houédomey, Dangbo, Ouémé, Bénin","address":{"town":"Houédomey","county":"Dangbo","state":"Ouémé","ISO3166-2-lvl4":"BJ-OU","country":"Bénin","country_code":"bj"},"osm_type":"node","osm_id":7647265131,"type":"town","location":[2.5005483,6.5841883],"bbox":[2.4605483,6.5441883,2.5405483,6.6241883]}
{"name":"Houègbo","display_name":"Houègbo, Toffo, Atlantique, Bénin","address":{"town":"Houègbo","county":"Toffo","state":"Atlantique","ISO3166-2-lvl4":"BJ-AQ","country":"Bénin","country_code":"bj"},"osm_type":"node","osm_id":7606063007,"type":"town","location":[2.1738016,6.8047076],"bbox":[2.1338016,6.7647076,2.2138016,6.8447076]}
{"name":"Houéyogbé","display_name":"Houéyogbé, Mono, Bénin","address":{"town":"Houéyogbé","state":"Mono","ISO3166-2-lvl4":"BJ-MO","country":"Bénin","country_code":"bj"},"osm_type":"node","osm_id":6265688770,"type":"town","location":[1.8547538,6.5661833],"bbox":[1.8147538,6.5261833,1.8947538,6.6061833],"border":{"name":"Houéyogbé","other_names":{"name:fr":"Houéyogbé","official_name":"Commune d'Houéyogbé"},"display_name":"Houéyogbé, Mono, Bénin","address":{"town":"Houéyogbé","state":"Mono","ISO3166-2-lvl4":"BJ-MO","country":"Bénin","country_code":"bj"},"osm_type":"relation","osm_id":2946425,"type":"administrative","location":[1.8547538,6.5661833],"bbox":[1.7774353,6.439664,1.9609486,6.649081]}}
{"name":"Ifangni","other_names":{"name:ru":"Ифанньи"},"display_name":"Ifangni, Plateau, Bénin","address":{"town":"Ifangni","state":"Plateau","ISO3166-2-lvl4":"BJ-PL","country":"Bénin","country_code":"bj"},"population":23000,"osm_type":"node","osm_id":2313302869,"type":"town","location":[2.718289,6.6805991],"bbox":[2.678289,6.6405991,2.758289,6.7205991],"border":{"name":"Ifangni","other_names":{"name:fr":"Ifangni","official_name":"Commune de'Ifangni","name:ru":"Ифанньи"},"display_name":"Ifangni, Plateau, Bénin","address":{"town":"Ifangni","state":"Plateau","ISO3166-2-lvl4":"BJ-PL","country":"Bénin","country_code":"bj"},"population":23000,"osm_type":"relation","osm_id":2945788,"type":"administrative","location":[2.718289,6.6805991],"bbox":[2.6740772,6.540577,2.7920562,6.7483304]}}
{"name":"Ikèmon","display_name":"Ikèmon, Ouèssè, Collines, Bénin","address":{"town":"Ikèmon","city":"Ouèssè","state":"Collines","ISO3166-2-lvl4":"BJ-CO","country":"Bénin","country_code":"bj"},"osm_type":"node","osm_id":3840856933,"type":"town","location":[2.5530744,8.5909833],"bbox":[2.5130744,8.5509833,2.5930744,8.6309833]}
{"name":"Ina","other_names":{"name:fr":"Ina","name:ru":"Ина"},"display_name":"Ina, Bembéréké, Borgou, Bénin","address":{"town":"Ina","county":"Bembéréké","state":"Borgou","ISO3166-2-lvl4":"BJ-BO","country":"Bénin","country_code":"bj"},"osm_type":"node","osm_id":2467085476,"type":"town","location":[2.7264778,9.9667956],"bbox":[2.6864778,9.9267956,2.7664778,10.0067956]}
{"name":"Kabo","display_name":"Kabo, Tchaourou, Borgou, Bénin","address":{"town":"Kabo","state":"Borgou","ISO3166-2-lvl4":"BJ-BO","country":"Bénin","country_code":"bj"},"osm_type":"node","osm_id":3817471463,"type":"town","location":[3.0548046,9.1885124],"bbox":[3.0148046,9.1485124,3.0948046,9.2285124]}
{"name":"Kalalé","other_names":{"name:ru":"Калале"},"display_name":"Kalalé, Borgou, Bénin","address":{"town":"Kalalé","state":"Borgou","ISO3166-2-lvl4":"BJ-BO","country":"Bénin","country_code":"bj"},"population":25000,"osm_type":"node","osm_id":313015851,"type":"town","location":[3.3792735,10.2880733],"bbox":[3.3392735,10.2480733,3.4192735,10.3280733],"border":{"name":"Kalalé","other_names":{"name:fr":"Kalalé","official_name":"commune de Kalalé","name:ru":"Калале"},"display_name":"Kalalé, Borgou, Bénin","address":{"town":"Kalalé","state":"Borgou","ISO3166-2-lvl4":"BJ-BO","country":"Bénin","country_code":"bj"},"population":25000,"osm_type":"relation","osm_id":2859961,"type":"administrative","location":[3.3792735,10.2880733],"bbox":[2.92945,10.0359627,3.8451454,10.650588]}}
{"name":"Kaobagou","other_names":{"name:fr":"Kaobagou","name:ru":"Коабагу"},"display_name":"Kaobagou, Kerou, Atakora, Bénin","address":{"town":"Kaobagou","county":"Kerou","state":"Atakora","ISO3166-2-lvl4":"BJ-AK","country":"Bénin","country_code":"bj"},"osm_type":"node","osm_id":2466946469,"type":"town","location":[1.9206538,11.0676109],"bbox":[1.8806538,11.0276109,1.9606538,11.1076109]}
{"name":"Karimama","other_names":{"name:fr":"Karimama","name:ru":"Каримама"},"display_name":"Karimama, Alibori, Bénin","address":{"town":"Karimama","county":"Karimama","state":"Alibori","ISO3166-2-lvl4":"BJ-AL","country":"Bénin","country_code":"bj"},"osm_type":"node","osm_id":2306558779,"type":"town","location":[3.1844069,12.0684051],"bbox":[3.1444069,12.0284051,3.2244069,12.1084051],"border":{"name":"Karimama","other_names":{"name:ar":"كاريماما","name:fr":"Karimama","official_name":"Commune de Karimama"},"display_name":"Karimama, Alibori, Bénin","address":{"county":"Karimama","state":"Alibori","ISO3166-2-lvl4":"BJ-AL","country":"Bénin","country_code":"bj"},"osm_type":"relation","osm_id":2848356,"type":"administrative","location":[2.7121422370930746,11.91622705],"bbox":[2.2981811,11.4232576,3.2829964,12.4092028]}}
{"display_name":"Kerou, Atakora, Bénin","address":{"county":"Kerou","state":"Atakora","ISO3166-2-lvl4":"BJ-AK","country":"Bénin","country_code":"bj"},"osm_type":"node","osm_id":3797776007,"type":"town","location":[2.0709166,10.7661723],"bbox":[2.0309166,10.7261723,2.1109166,10.8061723]}
{"display_name":"Kerou, Atakora, Bénin","address":{"county":"Kerou","state":"Atakora","ISO3166-2-lvl4":"BJ-AK","country":"Bénin","country_code":"bj"},"osm_type":"node","osm_id":3815338864,"type":"town","location":[2.1280201,10.735692],"bbox":[2.0880201,10.695692,2.1680201,10.775692]}
{"name":"Kérou","other_names":{"name:fr":"Kérou","name:ru":"Керу"},"display_name":"Kérou, Kerou, Atakora, Bénin","address":{"town":"Kérou","county":"Kerou","state":"Atakora","ISO3166-2-lvl4":"BJ-AK","country":"Bénin","country_code":"bj"},"population":98000,"osm_type":"node","osm_id":2308654107,"type":"town","location":[2.1128252,10.8263035],"bbox":[2.0728252,10.7863035,2.1528252,10.8663035]}
{"name":"Késsounou","display_name":"Késsounou, Dangbo, Ouémé, Bénin","address":{"town":"Késsounou","county":"Dangbo","state":"Ouémé","ISO3166-2-lvl4":"BJ-OU","country":"Bénin","country_code":"bj"},"osm_type":"node","osm_id":7647265101,"type":"town","location":[2.5195169,6.5790724],"bbox":[2.4795169,6.5390724,2.5595169,6.6190724]}
{"name":"Kika","display_name":"Kika, Tchaourou, Borgou, Bénin","address":{"town":"Kika","state":"Borgou","ISO3166-2-lvl4":"BJ-BO","country":"Bénin","country_code":"bj"},"osm_type":"node","osm_id":3818487995,"type":"town","location":[2.7827715,9.2874372],"bbox":[2.7427715,9.2474372,2.8227715,9.3274372]}
{"name":"Kilibo","other_names":{"name:fr":"Kilibo","name:ru":"Килибо"},"display_name":"Kilibo, Ouèssè, Collines, Bénin","address":{"town":"Kilibo","city":"Ouèssè","state":"Collines","ISO3166-2-lvl4":"BJ-CO","country":"Bénin","country_code":"bj"},"osm_type":"node","osm_id":3589447793,"type":"town","location":[2.6006985,8.5739444],"bbox":[2.5606985,8.5339444,2.6406985,8.6139444]}
{"name":"Kinta","display_name":"Kinta, Agbangnizoun, Zou, Bénin","address":{"town":"Kinta","state":"Zou","ISO3166-2-lvl4":"BJ-ZO","country":"Bénin","country_code":"bj"},"osm_type":"node","osm_id":2474283614,"type":"town","location":[2.0084759,7.0730379],"bbox":[1.9684759,7.0330379,2.0484759,7.1130379]}
{"name":"Klouékanmè","other_names":{"name:fr":"Klouékanmè","name:ru":"Клуэканме"},"display_name":"Klouékanmè, Kouffo, Bénin","address":{"town":"Klouékanmè","county":"Klouékanmè","state":"Kouffo","ISO3166-2-lvl4":"BJ-KO","country":"Bénin","country_code":"bj"},"population":20000,"osm_type":"node","osm_id":2313262067,"type":"town","location":[1.8427041,6.9796836],"bbox":[1.8027041,6.9396836,1.8827041,7.0196836],"border":{"name":"Klouékanmè","other_names":{"name:fr":"Klouékanmè","official_name":"Commune de Klouékanmè"},"display_name":"Klouékanmè, Kouffo, Bénin","address":{"county":"Klouékanmè","state":"Kouffo","ISO3166-2-lvl4":"BJ-KO","country":"Bénin","country_code":"bj"},"osm_type":"relation","osm_id":2946534,"type":"administrative","location":[1.8244247611931035,7.07500005],"bbox":[1.7437124,6.9421248,1.943333,7.2038889]}}
{"name":"Kodé","display_name":"Kodé, Adjohoun, Ouémé, Bénin","address":{"town":"Kodé","county":"Adjohoun","state":"Ouémé","ISO3166-2-lvl4":"BJ-OU","country":"Bénin","country_code":"bj"},"osm_type":"node","osm_id":7646990495,"type":"town","location":[2.4808824,6.7533029],"bbox":[2.4408824,6.7133029,2.5208824,6.7933029]}
{"name":"Kokey","display_name":"Kokey, Banikoara, Alibori, Bénin","address":{"town":"Kokey","county":"Banikoara","state":"Alibori","ISO3166-2-lvl4":"BJ-AL","country":"Bénin","country_code":"bj"},"osm_type":"node","osm_id":6820679250,"type":"town","location":[2.5285506,11.3846659],"bbox":[2.4885506,11.3446659,2.5685506,11.4246659]}
{"name":"Kokiborou","display_name":"Kokiborou, Banikoara, Alibori, Bénin","address":{"town":"Kokiborou","county":"Banikoara","state":"Alibori","ISO3166-2-lvl4":"BJ-AL","country":"Bénin","country_code":"bj"},"osm_type":"node","osm_id":3791058553,"type":"town","location":[2.3200275,11.2026609],"bbox":[2.2800275,11.1626609,2.3600275,11.2426609]}
{"name":"Kokoro","display_name":"Kokoro, Ouèssè, Collines, Bénin","address":{"town":"Kokoro","city":"Ouèssè","state":"Collines","ISO3166-2-lvl4":"BJ-CO","country":"Bénin","country_code":"bj"},"osm_type":"node","osm_id":7558422449,"type":"town","location":[2.6159584,8.3993035],"bbox":[2.5759584,8.3593035,2.6559584,8.4393035]}
{"name":"Kolokondé","display_name":"Kolokondé, Djougou, Donga, Bénin","address":{"town":"Kolokondé","county":"Djougou","state":"Donga","ISO3166-2-lvl4":"BJ-DO","country":"Bénin","country_code":"bj"},"osm_type":"node","osm_id":3832394060,"type":"town","location":[1.7810939,9.8909233],"bbox":[1.7410939,9.8509233,1.8210939,9.9309233]}
{"name":"Kompa","display_name":"Kompa, Karimama, Alibori, Bénin","address":{"town":"Kompa","county":"Karimama","state":"Alibori","ISO3166-2-lvl4":"BJ-AL","country":"Bénin","country_code":"bj"},"osm_type":"node","osm_id":6698774494,"type":"town","location":[3.034772,12.2059712],"bbox":[2.994772,12.1659712,3.074772,12.2459712]}
{"name":"Koudo","display_name":"Koudo, Lokossa, Mono, B.P. 428 LOKOSSA, Bénin","address":{"town":"Koudo","city":"Lokossa","state":"Mono","ISO3166-2-lvl4":"BJ-MO","postcode":"B.P. 428 LOKOSSA","country":"Bénin","country_code":"bj"},"osm_type":"node","osm_id":4986688844,"type":"town","location":[1.7929682,6.7144539],"bbox":[1.7529682,6.6744539,1.8329682,6.7544539]}
{"name":"Kpakpamè","display_name":"Kpakpamè, Za-Kpota, Zou, Bénin","address":{"town":"Kpakpamè","county":"Za-Kpota","state":"Zou","ISO3166-2-lvl4":"BJ-ZO","country":"Bénin","country_code":"bj"},"osm_type":"node","osm_id":7568495621,"type":"town","location":[2.1362078,7.2938311],"bbox":[2.0962078,7.2538311,2.1762078,7.3338311]}
{"name":"Kpakpanin","display_name":"Kpakpanin, Tchaourou, Borgou, Bénin","address":{"town":"Kpakpanin","state":"Borgou","ISO3166-2-lvl4":"BJ-BO","country":"Bénin","country_code":"bj"},"osm_type":"node","osm_id":3840846363,"type":"town","location":[2.6078441,8.8193663],"bbox":[2.5678441,8.7793663,2.6478441,8.8593663]}
{"name":"Kpedekpo","display_name":"Kpedekpo, Kétou, Plateau, Bénin","address":{"town":"Kpedekpo","city":"Kétou","state":"Plateau","ISO3166-2-lvl4":"BJ-PL","country":"Bénin","country_code":"bj"},"osm_type":"node","osm_id":2331706011,"type":"town","location":[2.5006873,7.2325499],"bbox":[2.4606873,7.1925499,2.5406873,7.2725499]}
{"name":"Kpinnou","display_name":"Kpinnou, Athiémé, Mono, Bénin","address":{"town":"Kpinnou","county":"Athiémé","state":"Mono","ISO3166-2-lvl4":"BJ-MO","country":"Bénin","country_code":"bj"},"osm_type":"node","osm_id":7588561248,"type":"town","location":[1.7708802,6.583666],"bbox":[1.7308802,6.543666,1.8108802,6.623666]}
{"name":"Kpomassè","other_names":{"name:fr":"Kpomassè","name:ru":"Кпомасе"},"display_name":"Kpomassè, Atlantique, Bénin","address":{"town":"Kpomassè","county":"Kpomassè","state":"Atlantique","ISO3166-2-lvl4":"BJ-AQ","country":"Bénin","country_code":"bj"},"osm_type":"node","osm_id":2313207445,"type":"town","location":[2.0137014,6.4450306],"bbox":[1.9737014,6.4050306,2.0537014,6.4850306],"border":{"name":"Kpomassè","other_names":{"name:fr":"Kpomassè","official_name":"Commune de Kpomassè"},"display_name":"Kpomassè, Atlantique, Bénin","address":{"county":"Kpomassè","state":"Atlantique","ISO3166-2-lvl4":"BJ-AQ","country":"Bénin","country_code":"bj"},"osm_type":"relation","osm_id":2946426,"type":"administrative","location":[2.0343745060035476,6.479239],"bbox":[1.9417798,6.3449559,2.1006688,6.6191669]}}
{"name":"Lagbè","other_names":{"name:en":"Lagbé","name:fr":"Lagbè"},"display_name":"Lagbè, Ifangni, Plateau, Bénin","address":{"town":"Lagbè","state":"Plateau","ISO3166-2-lvl4":"BJ-PL","country":"Bénin","country_code":"bj"},"osm_type":"node","osm_id":7644372460,"type":"town","location":[2.6932382,6.6826804],"bbox":[2.6532382,6.6426804,2.7332382,6.7226804]}
{"name":"Lalo","other_names":{"name:fr":"Lalo","name:ru":"Лало"},"display_name":"Lalo, Kouffo, Bénin","address":{"town":"Lalo","county":"Lalo","state":"Kouffo","ISO3166-2-lvl4":"BJ-KO","country":"Bénin","country_code":"bj"},"osm_type":"node","osm_id":1106919280,"type":"town","location":[1.8902204,6.9300818],"bbox":[1.8502204,6.8900818,1.9302204,6.9700818],"border":{"name":"Lalo","other_names":{"name:fr":"Lalo","official_name":"Commune de Lalo"},"display_name":"Lalo, Kouffo, Bénin","address":{"county":"Lalo","state":"Kouffo","ISO3166-2-lvl4":"BJ-KO","country":"Bénin","country_code":"bj"},"osm_type":"relation","osm_id":2946535,"type":"administrative","location":[1.9729216960175053,6.8744445],"bbox":[1.8671979,6.7325378,2.0963891,7.0158329]}}
{"name":"Laminou","display_name":"Laminou, Ouèssè, Collines, Bénin","address":{"town":"Laminou","city":"Ouèssè","state":"Collines","ISO3166-2-lvl4":"BJ-CO","country":"Bénin","country_code":"bj"},"osm_type":"node","osm_id":7519123315,"type":"town","location":[2.4215627,8.4941046],"bbox":[2.3815627,8.4541046,2.4615627,8.5341046]}
{"name":"Libantè","display_name":"Libantè, Segbana, Alibori, Bénin","address":{"town":"Libantè","county":"Segbana","state":"Alibori","ISO3166-2-lvl4":"BJ-AL","country":"Bénin","country_code":"bj"},"osm_type":"node","osm_id":3796972400,"type":"town","location":[3.5850436,10.7871004],"bbox":[3.5450436,10.7471004,3.6250436,10.8271004]}
{"name":"Liboussou","display_name":"Liboussou, Segbana, Alibori, Bénin","address":{"town":"Liboussou","county":"Segbana","state":"Alibori","ISO3166-2-lvl4":"BJ-AL","country":"Bénin","country_code":"bj"},"osm_type":"node","osm_id":2794185058,"type":"town","location":[3.4875238,10.9186373],"bbox":[3.4475238,10.8786373,3.5275238,10.9586373]}
{"name":"Lobogo","other_names":{"name:fr":"Lobogo","name:ru":"Лобого"},"display_name":"Lobogo, Bopa, Mono, Bénin","address":{"town":"Lobogo","state":"Mono","ISO3166-2-lvl4":"BJ-MO","country":"Bénin","country_code":"bj"},"osm_type":"node","osm_id":2474167724,"type":"town","location":[1.9035145,6.6270955],"bbox":[1.8635145,6.5870955,1.9435145,6.6670955]}
{"name":"Lougou","display_name":"Lougou, Segbana, Alibori, Bénin","address":{"town":"Lougou","county":"Segbana","state":"Alibori","ISO3166-2-lvl4":"BJ-AL","country":"Bénin","country_code":"bj"},"osm_type":"node","osm_id":3796785982,"type":"town","location":[3.3729383,11.1185872],"bbox":[3.3329383,11.0785872,3.4129383,11.1585872]}
{"name":"Madécali","display_name":"Madécali, Malanville, Alibori, Bénin","address":{"town":"Madécali","city":"Malanville","state":"Alibori","ISO3166-2-lvl4":"BJ-AL","country":"Bénin","country_code":"bj"},"osm_type":"node","osm_id":2467049178,"type":"town","location":[3.5482894,11.7038421],"bbox":[3.5082894,11.6638421,3.5882894,11.7438421]}
{"name":"Manigri","other_names":{"name:fr":"Manigri","name:ru":"Манигри"},"display_name":"Manigri, Bassila, Donga, Bénin","address":{"town":"Manigri","county":"Bassila","state":"Donga","ISO3166-2-lvl4":"BJ-DO","country":"Bénin","country_code":"bj"},"osm_type":"node","osm_id":1177342283,"type":"town","location":[1.7236256,8.9737216],"bbox":[1.6836256,8.9337216,1.7636256,9.0137216]}
{"name":"Massi","display_name":"Massi, Zogbodomey, Zou, Bénin","address":{"town":"Massi","county":"Zogbodomey","state":"Zou","ISO3166-2-lvl4":"BJ-ZO","country":"Bénin","country_code":"bj"},"osm_type":"node","osm_id":7572035302,"type":"town","location":[2.2407881,6.9712893],"bbox":[2.2007881,6.9312893,2.2807881,7.0112893]}
{"name":"Materi","other_names":{"name:fr":"Materi","name:ru":"Матери"},"display_name":"Materi, Atakora, Bénin","address":{"town":"Materi","county":"Materi","state":"Atakora","ISO3166-2-lvl4":"BJ-AK","country":"Bénin","country_code":"bj"},"population":21000,"osm_type":"node","osm_id":2312709884,"type":"town","location":[1.0630914,10.6961681],"bbox":[1.0230914,10.6561681,1.1030914,10.7361681],"border":{"name":"Materi","other_names":{"name:fr":"Materi","official_name":"Commune de Materi"},"display_name":"Materi, Atakora, Bénin","address":{"county":"Materi","state":"Atakora","ISO3166-2-lvl4":"BJ-AK","country":"Bénin","country_code":"bj"},"osm_type":"relation","osm_id":2845202,"type":"administrative","location":[1.070225078666595,10.8214675],"bbox":[0.800278,10.5490435,1.2694285,11.094468]}}
{"name":"Morou","display_name":"Morou, Segbana, Alibori, Bénin","address":{"town":"Morou","county":"Segbana","state":"Alibori","ISO3166-2-lvl4":"BJ-AL","country":"Bénin","country_code":"bj"},"osm_type":"node","osm_id":3796997940,"type":"town","location":[3.3182529,10.6368864],"bbox":[3.2782529,10.5968864,3.3582529,10.6768864]}
{"name":"name unknown","display_name":"name unknown, Borgou, Bénin","address":{"town":"name unknown","state":"Borgou","ISO3166-2-lvl4":"BJ-BO","country":"Bénin","country_code":"bj"},"osm_type":"way","osm_id":866742934,"type":"town","location":[3.0112242753551097,10.18095485],"bbox":[3.0050595,10.1750096,3.0173119,10.1879771]}
{"display_name":"Nikki, Borgou, Bénin","address":{"county":"Nikki","state":"Borgou","ISO3166-2-lvl4":"BJ-BO","country":"Bénin","country_code":"bj"},"osm_type":"way","osm_id":867122463,"type":"town","location":[3.259284008936747,10.0177414],"bbox":[3.2572034,10.0155005,3.2613913,10.0210097]}
{"display_name":"Nikki, Borgou, Bénin","address":{"county":"Nikki","state":"Borgou","ISO3166-2-lvl4":"BJ-BO","country":"Bénin","country_code":"bj"},"osm_type":"way","osm_id":867122461,"type":"town","location":[3.2856375414589127,10.0478428],"bbox":[3.2837288,10.044595,3.287334,10.0504822]}
{"name":"Onigbolo","other_names":{"name:fr":"Onigbolo","name:ru":"Онигболо"},"display_name":"Onigbolo, Pobè, Plateau, Bénin","address":{"town":"Onigbolo","city":"Pobè","state":"Plateau","ISO3166-2-lvl4":"BJ-PL","country":"Bénin","country_code":"bj"},"osm_type":"node","osm_id":2619415630,"type":"town","location":[2.6529298,7.1620844],"bbox":[2.6129298,7.1220844,2.6929298,7.2020844]}
{"name":"Ouaké","other_names":{"name:ru":"Ваке"},"display_name":"Ouaké, Donga, Bénin","address":{"town":"Ouaké","state":"Donga","ISO3166-2-lvl4":"BJ-DO","country":"Bénin","country_code":"bj"},"osm_type":"node","osm_id":807261929,"type":"town","location":[1.3859323,9.6642475],"bbox":[1.3459323,9.6242475,1.4259323,9.7042475],"border":{"name":"Ouaké","other_names":{"name:fr":"Ouaké","official_name":"Commune d'Ouaké","name:ru":"Ваке"},"display_name":"Ouaké, Donga, Bénin","address":{"town":"Ouaké","state":"Donga","ISO3166-2-lvl4":"BJ-DO","country":"Bénin","country_code":"bj"},"osm_type":"relation","osm_id":2851897,"type":"administrative","location":[1.3859323,9.6642475],"bbox":[1.3375,9.394135,1.5650368,9.8459043]}}
{"name":"Oudougba","display_name":"Oudougba, Ouèssè, Collines, Bénin","address":{"town":"Oudougba","city":"Ouèssè","state":"Collines","ISO3166-2-lvl4":"BJ-CO","country":"Bénin","country_code":"bj"},"osm_type":"node","osm_id":7519123316,"type":"town","location":[2.4061775,8.5001104],"bbox":[2.3661775,8.4601104,2.4461775,8.5401104]}
{"name":"Ouénou","other_names":{"name:fr":"Ouénou","name:ru":"Вену"},"display_name":"Ouénou, N'Dali, Borgou, Bénin","address":{"town":"Ouénou","county":"N'Dali","state":"Borgou","ISO3166-2-lvl4":"BJ-BO","country":"Bénin","country_code":"bj"},"osm_type":"node","osm_id":2186982846,"type":"town","location":[2.63695,9.7866128],"bbox":[2.59695,9.7466128,2.67695,9.8266128]}
{"display_name":"Ouenou, Nikki, Borgou, Bénin","address":{"municipality":"Ouenou","county":"Nikki","state":"Borgou","ISO3166-2-lvl4":"BJ-BO","country":"Bénin","country_code":"bj"},"osm_type":"way","osm_id":867104433,"type":"town","location":[3.5472738743523538,9.969915050000001],"bbox":[3.5452718,9.9677818,3.5491295,9.9713024]}
{"display_name":"Ouenou, Nikki, Borgou, Bénin","address":{"municipality":"Ouenou","county":"Nikki","state":"Borgou","ISO3166-2-lvl4":"BJ-BO","country":"Bénin","country_code":"bj"},"osm_type":"way","osm_id":867124505,"type":"town","location":[3.5576461894768263,9.9107457],"bbox":[3.5539451,9.9092238,3.5607472,9.9130813]}
{"display_name":"Ouenou, Nikki, Borgou, Bénin","address":{"municipality":"Ouenou","county":"Nikki","state":"Borgou","ISO3166-2-lvl4":"BJ-BO","country":"Bénin","country_code":"bj"},"osm_type":"way","osm_id":888461942,"type":"town","location":[3.4049722417218335,9.97894475],"bbox":[3.3987236,9.9740198,3.411684,9.9834114]}
{"name":"Ouinhi","other_names":{"name:fr":"Ouinhi","name:ru":"Винхи"},"display_name":"Ouinhi, Zou, Bénin","address":{"town":"Ouinhi","county":"Ouinhi","state":"Zou","ISO3166-2-lvl4":"BJ-ZO","country":"Bénin","country_code":"bj"},"osm_type":"node","osm_id":2312944481,"type":"town","location":[2.5104408,7.0913997],"bbox":[2.4704408,7.0513997,2.5504408,7.1313997],"border":{"name":"Ouinhi","other_names":{"name:fr":"Ouinhi","official_name":"Commune d'Ouinhi"},"display_name":"Ouinhi, Zou, Bénin","address":{"county":"Ouinhi","state":"Zou","ISO3166-2-lvl4":"BJ-ZO","country":"Bénin","country_code":"bj"},"osm_type":"relation","osm_id":2945973,"type":"administrative","location":[2.4835912066427603,7.08236145],"bbox":[2.4114532,6.9880229,2.5634581,7.1775709]}}
{"name":"Oumako","display_name":"Oumako, Grand-Popo, Mono, Bénin","address":{"town":"Oumako","state":"Mono","ISO3166-2-lvl4":"BJ-MO","country":"Bénin","country_code":"bj"},"osm_type":"node","osm_id":3891485928,"type":"town","location":[1.841381,6.4354205],"bbox":[1.801381,6.3954205,1.881381,6.4754205]}
{"name":"Ounet","display_name":"Ounet, Banikoara, Alibori, Bénin","address":{"town":"Ounet","county":"Banikoara","state":"Alibori","ISO3166-2-lvl4":"BJ-AL","country":"Bénin","country_code":"bj"},"osm_type":"node","osm_id":3791060083,"type":"town","location":[2.4055536,11.2288087],"bbox":[2.3655536,11.1888087,2.4455536,11.2688087]}
{"name":"Pahou","other_names":{"name:fr":"Pahou","name:ru":"Паху"},"display_name":"Pahou, Ouidah, Atlantique, Bénin","address":{"town":"Pahou","county":"Ouidah","state":"Atlantique","ISO3166-2-lvl4":"BJ-AQ","country":"Bénin","country_code":"bj"},"osm_type":"node","osm_id":4180956958,"type":"town","location":[2.2127617,6.3838712],"bbox":[2.1727617,6.3438712,2.2527617,6.4238712]}
{"display_name":"Pehonko, Atakora, Bénin","address":{"county":"Pehonko","state":"Atakora","ISO3166-2-lvl4":"BJ-AK","country":"Bénin","country_code":"bj"},"osm_type":"node","osm_id":3816848410,"type":"town","location":[2.0120208,10.4129994],"bbox":[1.9720208,10.3729994,2.0520208,10.4529994]}
{"name":"Péhunco","other_names":{"name:fr":"Péhunco","name:ru":"Пехонко","alt_name":"Ouassa-Péhunco","loc_name":"Péhonco","reg_name":"Péhonko"},"display_name":"Péhunco, Pehonko, Atakora, Bénin","address":{"town":"Péhunco","county":"Pehonko","state":"Atakora","ISO3166-2-lvl4":"BJ-AK","country":"Bénin","country_code":"bj"},"population":30000,"osm_type":"node","osm_id":496108848,"type":"town","location":[2.0004282,10.2308948],"bbox":[1.9604282,10.1908948,2.0404282,10.2708948],"border":{"name":"Pehonko","other_names":{"name:fr":"Péhonko","official_name":"Commune de Pehonko"},"display_name":"Pehonko, Atakora, Bénin","address":{"county":"Pehonko","state":"Atakora","ISO3166-2-lvl4":"BJ-AK","country":"Bénin","country_code":"bj"},"osm_type":"relation","osm_id":2845847,"type":"administrative","location":[2.048663247726974,10.28708505],"bbox":[1.8042,10.0277796,2.2761109,10.5516919]}}
{"name":"Péonga","display_name":"Péonga, Kalalé, Borgou, Bénin","address":{"town":"Péonga","state":"Borgou","ISO3166-2-lvl4":"BJ-BO","country":"Bénin","country_code":"bj"},"osm_type":"node","osm_id":2325176235,"type":"town","location":[3.2683138,10.3396832],"bbox":[3.2283138,10.2996832,3.3083138,10.3796832]}
{"name":"Pèrèrè","other_names":{"name:fr":"Pèrèrè","name:ru":"Перере"},"display_name":"Pèrèrè, Borgou, Bénin","address":{"town":"Pèrèrè","county":"Pèrèrè","state":"Borgou","ISO3166-2-lvl4":"BJ-BO","country":"Bénin","country_code":"bj"},"osm_type":"node","osm_id":2091201506,"type":"town","location":[2.9913586,9.7980143],"bbox":[2.9513586,9.7580143,3.0313586,9.8380143],"border":{"name":"Pèrèrè","other_names":{"name:fr":"Pèrèrè","official_name":"Commune de Pèrèrè"},"display_name":"Pèrèrè, Borgou, Bénin","address":{"county":"Pèrèrè","state":"Borgou","ISO3166-2-lvl4":"BJ-BO","country":"Bénin","country_code":"bj"},"osm_type":"relation","osm_id":2859965,"type":"administrative","location":[3.0295235323064453,9.605063000000001],"bbox":[2.7742116,9.3364203,3.2533182,9.8745325]}}
{"name":"Pira","other_names":{"name:fr":"Pira","name:ru":"Пира"},"display_name":"Pira, Bantè, Collines, Bénin","address":{"town":"Pira","county":"Bantè","state":"Collines","ISO3166-2-lvl4":"BJ-CO","country":"Bénin","country_code":"bj"},"osm_type":"node","osm_id":442134154,"type":"town","location":[1.7249944,8.4939619],"bbox":[1.6849944,8.4539619,1.7649944,8.5339619]}
{"name":"Possotomè","display_name":"Possotomè, Bopa, Mono, Bénin","address":{"town":"Possotomè","state":"Mono","ISO3166-2-lvl4":"BJ-MO","country":"Bénin","country_code":"bj"},"osm_type":"node","osm_id":4259640391,"type":"town","location":[1.9681247,6.521662],"bbox":[1.9281247,6.481662,2.0081247,6.561662]}
{"name":"Prékété","other_names":{"name:fr":"Prékété","name:ru":"Прекете"},"display_name":"Prékété, Bassila, Donga, Bénin","address":{"town":"Prékété","county":"Bassila","state":"Donga","ISO3166-2-lvl4":"BJ-DO","country":"Bénin","country_code":"bj"},"osm_type":"node","osm_id":442134341,"type":"town","location":[1.6329755,8.6659123],"bbox":[1.5929755,8.6259123,1.6729755,8.7059123]}
{"name":"Saah","display_name":"Saah, Kandi, Alibori, Bénin","address":{"town":"Saah","county":"Kandi","state":"Alibori","ISO3166-2-lvl4":"BJ-AL","country":"Bénin","country_code":"bj"},"osm_type":"node","osm_id":3812280068,"type":"town","location":[3.067043,11.1743447],"bbox":[3.027043,11.1343447,3.107043,11.2143447]}
{"name":"Sado","display_name":"Sado, Avrankou, Ouémé, Bénin","address":{"town":"Sado","state":"Ouémé","ISO3166-2-lvl4":"BJ-OU","country":"Bénin","country_code":"bj"},"osm_type":"node","osm_id":7649496118,"type":"town","location":[2.6980662,6.5386336],"bbox":[2.6580662,6.4986336,2.7380662,6.5786336]}
{"name":"Sanson","display_name":"Sanson, Tchaourou, Borgou, Bénin","address":{"town":"Sanson","state":"Borgou","ISO3166-2-lvl4":"BJ-BO","country":"Bénin","country_code":"bj"},"osm_type":"node","osm_id":2157591661,"type":"town","location":[2.4291363,9.277565],"bbox":[2.3891363,9.237565,2.4691363,9.317565]}
{"name":"Savè","other_names":{"name:fr":"Savè","name:ru":"Саве","alt_name":"Savé"},"display_name":"Savè, Collines, Bénin","address":{"town":"Savè","county":"Savè","state":"Collines","ISO3166-2-lvl4":"BJ-CO","country":"Bénin","country_code":"bj"},"population":90000,"osm_type":"node","osm_id":2071888099,"type":"town","location":[2.4842293,8.0320548],"bbox":[2.4442293,7.9920548,2.5242293,8.0720548],"border":{"name":"Savè","other_names":{"name:fr":"Savè","name:ru":"Саве","name:yo":"Ṣábẹ̀ẹ́","official_name":"Commune de Savè"},"display_name":"Savè, Collines, Bénin","address":{"county":"Savè","state":"Collines","ISO3166-2-lvl4":"BJ-CO","country":"Bénin","country_code":"bj"},"osm_type":"relation","osm_id":2860042,"type":"administrative","location":[2.5417577150572566,7.9852170000000005],"bbox":[2.3458486,7.6569452,2.7553977,8.3146638]}}
{"name":"Sazué","display_name":"Sazué, Grand-Popo, Mono, Bénin","address":{"town":"Sazué","state":"Mono","ISO3166-2-lvl4":"BJ-MO","country":"Bénin","country_code":"bj"},"osm_type":"node","osm_id":7588121917,"type":"town","location":[1.8025947,6.442629],"bbox":[1.7625947,6.402629,1.8425947,6.482629]}
{"name":"Sè","display_name":"Sè, Houéyogbé, Mono, Bénin","address":{"town":"Sè","state":"Mono","ISO3166-2-lvl4":"BJ-MO","country":"Bénin","country_code":"bj"},"osm_type":"node","osm_id":2313262066,"type":"town","location":[1.8229823,6.516933],"bbox":[1.7829823,6.476933,1.8629823,6.556933]}
{"name":"Ségbana","other_names":{"name:fr":"Ségbana","name:ru":"Сегбана"},"display_name":"Ségbana, Segbana, Alibori, Bénin","address":{"town":"Ségbana","county":"Segbana","state":"Alibori","ISO3166-2-lvl4":"BJ-AL","country":"Bénin","country_code":"bj"},"population":90000,"osm_type":"node","osm_id":496107708,"type":"town","location":[3.6952064,10.9286988],"bbox":[3.6552064,10.8886988,3.7352064,10.9686988]}
{"name":"Sègbohouè","other_names":{"name:fr":"Sègbohouè","alt_name":"Ségbohoué","name:fon":"Sɛgbohouɛ"},"display_name":"Sègbohouè, Kpomassè, Atlantique, Bénin","address":{"town":"Sègbohouè","county":"Kpomassè","state":"Atlantique","ISO3166-2-lvl4":"BJ-AQ","country":"Bénin","country_code":"bj"},"osm_type":"node","osm_id":4258868311,"type":"town","location":[1.9629177,6.4062675],"bbox":[1.9229177,6.3662675,2.0029177,6.4462675]}
{"name":"Sèhouè","other_names":{"name:fr":"Sèhouè","name:ru":"Сехуэ","alt_name":"Sèhouè"},"display_name":"Sèhouè, Toffo, Atlantique, Bénin","address":{"town":"Sèhouè","county":"Toffo","state":"Atlantique","ISO3166-2-lvl4":"BJ-AQ","country":"Bénin","country_code":"bj"},"osm_type":"node","osm_id":2473308184,"type":"town","location":[2.2711315,6.9258324],"bbox":[2.2311315,6.8858324,2.3111315,6.9658324]}
{"name":"Sekere","display_name":"Sekere, Sinendé, Borgou, Bénin","address":{"town":"Sekere","county":"Sinendé","state":"Borgou","ISO3166-2-lvl4":"BJ-BO","country":"Bénin","country_code":"bj"},"osm_type":"node","osm_id":3791058517,"type":"town","location":[2.451575,10.4462227],"bbox":[2.411575,10.4062227,2.491575,10.4862227]}
{"name":"Sékou","other_names":{"name:fr":"Sékou","name:ru":"Сегу","alt_name":"Ségou"},"display_name":"Sékou, Allada, Atlantique, Bénin","address":{"town":"Sékou","city":"Allada","state":"Atlantique","ISO3166-2-lvl4":"BJ-AQ","country":"Bénin","country_code":"bj"},"osm_type":"node","osm_id":2473308179,"type":"town","location":[2.2270883,6.6361649],"bbox":[2.1870883,6.5961649,2.2670883,6.6761649]}
{"name":"Sèmè-Kpodji","other_names":{"name:ru":"Семе-Кподжи","alt_name":"Sèmè-Podji"},"display_name":"Sèmè-Kpodji, Ouémé, Bénin","address":{"town":"Sèmè-Kpodji","state":"Ouémé","ISO3166-2-lvl4":"BJ-OU","country":"Bénin","country_code":"bj"},"osm_type":"node","osm_id":2313302872,"type":"town","location":[2.6044573,6.3814684],"bbox":[2.5644573,6.3414684,2.6444573,6.4214684],"border":{"name":"Sèmè-Kpodji","other_names":{"name:fr":"Sèmè-Kpodji","official_name":"Commune de Sèmè-Kpodji","name:ru":"Семе-Кподжи","alt_name":"Sèmè-Podji"},"display_name":"Sèmè-Kpodji, Ouémé, Bénin","address":{"town":"Sèmè-Kpodji","state":"Ouémé","ISO3166-2-lvl4":"BJ-OU","country":"Bénin","country_code":"bj"},"osm_type":"relation","osm_id":2945793,"type":"administrative","location":[2.6044573,6.3814684],"bbox":[2.4775271,6.3580597,2.7068154,6.4681869]}}
{"name":"Sèmèrè I","display_name":"Sèmèrè I, Ouaké, Donga, Bénin","address":{"town":"Sèmèrè I","state":"Donga","ISO3166-2-lvl4":"BJ-DO","country":"Bénin","country_code":"bj"},"osm_type":"node","osm_id":8267031365,"type":"town","location":[1.3778089,9.5589928],"bbox":[1.3378089,9.5189928,1.4178089,9.5989928]}
{"name":"Sèmèrè II","display_name":"Sèmèrè II, Ouaké, Donga, Bénin","address":{"town":"Sèmèrè II","state":"Donga","ISO3166-2-lvl4":"BJ-DO","country":"Bénin","country_code":"bj"},"osm_type":"node","osm_id":3856376185,"type":"town","location":[1.3720776,9.5536136],"bbox":[1.3320776,9.5136136,1.4120776,9.5936136]}
{"name":"Setto","display_name":"Setto, Djidja, Zou, Bénin","address":{"town":"Setto","county":"Djidja","state":"Zou","ISO3166-2-lvl4":"BJ-ZO","country":"Bénin","country_code":"bj"},"osm_type":"node","osm_id":2331967064,"type":"town","location":[2.0742249,7.4975861],"bbox":[2.0342249,7.4575861,2.1142249,7.5375861]}
{"display_name":"Sinendé, Borgou, Bénin","address":{"county":"Sinendé","state":"Borgou","ISO3166-2-lvl4":"BJ-BO","country":"Bénin","country_code":"bj"},"osm_type":"node","osm_id":3788311657,"type":"town","location":[2.3970534,10.3708165],"bbox":[2.3570534,10.3308165,2.4370534,10.4108165]}
{"name":"Sinendé","other_names":{"name:fr":"Sinendé","name:ru":"Синенде"},"display_name":"Sinendé, Borgou, Bénin","address":{"town":"Sinendé","county":"Sinendé","state":"Borgou","ISO3166-2-lvl4":"BJ-BO","country":"Bénin","country_code":"bj"},"population":30000,"osm_type":"node","osm_id":2311642139,"type":"town","location":[2.3822189,10.3444859],"bbox":[2.3422189,10.3044859,2.4222189,10.3844859],"border":{"name":"Sinendé","other_names":{"name:fr":"Sinendé","official_name":"Commune de Sinendé"},"display_name":"Sinendé, Borgou, Bénin","address":{"county":"Sinendé","state":"Borgou","ISO3166-2-lvl4":"BJ-BO","country":"Bénin","country_code":"bj"},"osm_type":"relation","osm_id":2859966,"type":"administrative","location":[2.367979301912146,10.260695],"bbox":[2.0866671,9.9397413,2.5733223,10.5849304]}}
{"name":"Sô-Ava","other_names":{"name:fr":"Sô-Ava","name:ru":"Со-Ава"},"display_name":"Sô-Ava, Atlantique, Bénin","address":{"town":"Sô-Ava","county":"Sô-Ava","state":"Atlantique","ISO3166-2-lvl4":"BJ-AQ","country":"Bénin","country_code":"bj"},"osm_type":"node","osm_id":2313040349,"type":"town","location":[2.4005373,6.4969731],"bbox":[2.3605373,6.4569731,2.4405373,6.5369731],"border":{"name":"Sô-Ava","other_names":{"name:fr":"Sô-Ava","official_name":"Commune de Sô-Ava"},"display_name":"Sô-Ava, Atlantique, Bénin","address":{"county":"Sô-Ava","state":"Atlantique","ISO3166-2-lvl4":"BJ-AQ","country":"Bénin","country_code":"bj"},"osm_type":"relation","osm_id":2946143,"type":"administrative","location":[2.4436602381870856,6.5126364],"bbox":[2.3783395,6.3850353,2.4948624,6.6404721]}}
{"name":"Sokotindji","display_name":"Sokotindji, Segbana, Alibori, Bénin","address":{"town":"Sokotindji","county":"Segbana","state":"Alibori","ISO3166-2-lvl4":"BJ-AL","country":"Bénin","country_code":"bj"},"osm_type":"node","osm_id":3796845391,"type":"town","location":[3.4283193,10.8487211],"bbox":[3.3883193,10.8087211,3.4683193,10.8887211]}
{"name":"Sompérekou","display_name":"Sompérekou, Banikoara, Alibori, Bénin","address":{"town":"Sompérekou","county":"Banikoara","state":"Alibori","ISO3166-2-lvl4":"BJ-AL","country":"Bénin","country_code":"bj"},"osm_type":"node","osm_id":2467576665,"type":"town","location":[2.4915802,11.3226056],"bbox":[2.4515802,11.2826056,2.5315802,11.3626056]}
{"name":"Sontou","display_name":"Sontou, Pèrèrè, Borgou, Bénin","address":{"town":"Sontou","county":"Pèrèrè","state":"Borgou","ISO3166-2-lvl4":"BJ-BO","country":"Bénin","country_code":"bj"},"osm_type":"node","osm_id":6799595177,"type":"town","location":[2.8501958,9.7184318],"bbox":[2.8101958,9.6784318,2.8901958,9.7584318]}
{"name":"Soroko","display_name":"Soroko, Banikoara, Alibori, Bénin","address":{"town":"Soroko","county":"Banikoara","state":"Alibori","ISO3166-2-lvl4":"BJ-AL","country":"Bénin","country_code":"bj"},"osm_type":"node","osm_id":6820203438,"type":"town","location":[2.385267,11.3367641],"bbox":[2.345267,11.2967641,2.425267,11.3767641]}
{"name":"Takon","display_name":"Takon, Sakété, Plateau, Bénin","address":{"town":"Takon","county":"Sakété","state":"Plateau","ISO3166-2-lvl4":"BJ-PL","country":"Bénin","country_code":"bj"},"osm_type":"node","osm_id":7644372420,"type":"town","location":[2.619102,6.6505836],"bbox":[2.579102,6.6105836,2.659102,6.6905836]}
{"name":"Tangbo","display_name":"Tangbo, Zè, Atlantique, Bénin","address":{"town":"Tangbo","county":"Zè","state":"Atlantique","ISO3166-2-lvl4":"BJ-AQ","country":"Bénin","country_code":"bj"},"osm_type":"node","osm_id":2473308188,"type":"town","location":[2.2784861,6.5957218],"bbox":[2.2384861,6.5557218,2.3184861,6.6357218]}
{"name":"Tanguieta","other_names":{"name:fr":"Tanguieta","name:ru":"Тангиета","alt_name":"Tanguieta"},"display_name":"Tanguieta, Tanguièta, Atakora, Bénin","address":{"town":"Tanguieta","county":"Tanguièta","state":"Atakora","ISO3166-2-lvl4":"BJ-AK","country":"Bénin","country_code":"bj"},"population":70000,"osm_type":"node","osm_id":2106812046,"type":"town","location":[1.2706288,10.6300983],"bbox":[1.2306288,10.5900983,1.3106288,10.6700983]}
{"name":"Tantéga","other_names":{"name:fr":"Tantéga","name:ru":"Тантега"},"display_name":"Tantéga, Materi, Atakora, Bénin","address":{"town":"Tantéga","county":"Materi","state":"Atakora","ISO3166-2-lvl4":"BJ-AK","country":"Bénin","country_code":"bj"},"osm_type":"node","osm_id":3799897199,"type":"town","location":[1.0258987,10.8306411],"bbox":[0.9858987,10.7906411,1.0658987,10.8706411]}
{"name":"Tanwé-Hèssou","display_name":"Tanwé-Hèssou, Zogbodomey, Zou, Bénin","address":{"town":"Tanwé-Hèssou","county":"Zogbodomey","state":"Zou","ISO3166-2-lvl4":"BJ-ZO","country":"Bénin","country_code":"bj"},"osm_type":"node","osm_id":7569503876,"type":"town","location":[2.101382,7.0455486],"bbox":[2.061382,7.0055486,2.141382,7.0855486]}
{"name":"Tapoga","display_name":"Tapoga, Cobli, Atakora, Bénin","address":{"town":"Tapoga","county":"Cobli","state":"Atakora","ISO3166-2-lvl4":"BJ-AK","country":"Bénin","country_code":"bj"},"osm_type":"node","osm_id":3875537760,"type":"town","location":[0.990475,10.5694135],"bbox":[0.950475,10.5294135,1.030475,10.6094135]}
{"name":"Tchaada","display_name":"Tchaada, Ifangni, Plateau, Bénin","address":{"town":"Tchaada","state":"Plateau","ISO3166-2-lvl4":"BJ-PL","country":"Bénin","country_code":"bj"},"osm_type":"node","osm_id":7649496133,"type":"town","location":[2.6864254,6.5906151],"bbox":[2.6464254,6.5506151,2.7264254,6.6306151]}
{"name":"Tchalinga","display_name":"Tchalinga, Ouaké, Donga, Bénin","address":{"town":"Tchalinga","state":"Donga","ISO3166-2-lvl4":"BJ-DO","country":"Bénin","country_code":"bj"},"osm_type":"node","osm_id":3833396327,"type":"town","location":[1.3955823,9.807238],"bbox":[1.3555823,9.767238,1.4355823,9.847238]}
{"name":"Tchaourou","other_names":{"name:ar":"شورو","name:ru":"Чауру"},"display_name":"Tchaourou, Borgou, Bénin","address":{"town":"Tchaourou","state":"Borgou","ISO3166-2-lvl4":"BJ-BO","country":"Bénin","country_code":"bj"},"population":220000,"osm_type":"node","osm_id":2466409594,"type":"town","location":[2.596108,8.8881676],"bbox":[2.556108,8.8481676,2.636108,8.9281676],"border":{"name":"Tchaourou","other_names":{"name:ar":"شورو","name:fr":"Tchaourou","official_name":"Commune de Tchaourou","name:ru":"Чауру","official_name:ar":"بلدية شورو"},"display_name":"Tchaourou, Borgou, Bénin","address":{"town":"Tchaourou","state":"Borgou","ISO3166-2-lvl4":"BJ-BO","country":"Bénin","country_code":"bj"},"population":220000,"osm_type":"relation","osm_id":2859967,"type":"administrative","location":[2.596108,8.8881676],"bbox":[1.969722,8.7474283,3.157868,9.6735064]}}
{"name":"Tchatchou","other_names":{"name:fr":"Tchatchou","name:ru":"Чачу"},"display_name":"Tchatchou, Tchaourou, Borgou, Bénin","address":{"town":"Tchatchou","state":"Borgou","ISO3166-2-lvl4":"BJ-BO","country":"Bénin","country_code":"bj"},"osm_type":"node","osm_id":1303908409,"type":"town","location":[2.55831,9.1267264],"bbox":[2.51831,9.0867264,2.59831,9.1667264]}
{"name":"Teme","display_name":"Teme, N'Dali, Borgou, Bénin","address":{"town":"Teme","county":"N'Dali","state":"Borgou","ISO3166-2-lvl4":"BJ-BO","country":"Bénin","country_code":"bj"},"osm_type":"node","osm_id":3807874669,"type":"town","location":[2.4712703,9.8967599],"bbox":[2.4312703,9.8567599,2.5112703,9.9367599]}
{"name":"Thio","display_name":"Thio, Glazoué, Collines, Bénin","address":{"town":"Thio","county":"Glazoué","state":"Collines","ISO3166-2-lvl4":"BJ-CO","country":"Bénin","country_code":"bj"},"osm_type":"node","osm_id":2472888085,"type":"town","location":[2.2976621,7.998301],"bbox":[2.2576621,7.958301,2.3376621,8.038301]}
{"name":"Toffo","other_names":{"name:fr":"Toffo","name:ru":"Тоффо"},"display_name":"Toffo, Atlantique, Bénin","address":{"town":"Toffo","county":"Toffo","state":"Atlantique","ISO3166-2-lvl4":"BJ-AQ","country":"Bénin","country_code":"bj"},"osm_type":"node","osm_id":2313207453,"type":"town","location":[2.1131289,6.8381029],"bbox":[2.0731289,6.7981029,2.1531289,6.8781029],"border":{"name":"Toffo","other_names":{"name:fr":"Toffo","official_name":"Commune de Toffo"},"display_name":"Toffo, Atlantique, Bénin","address":{"county":"Toffo","state":"Atlantique","ISO3166-2-lvl4":"BJ-AQ","country":"Bénin","country_code":"bj"},"osm_type":"relation","osm_id":2946428,"type":"administrative","location":[2.1865379514733916,6.8248853],"bbox":[2.033056,6.7207484,2.3557865,6.9305549]}}
{"name":"Togba","display_name":"Togba, Abomey-Calavi, Atlantique, Bénin","address":{"town":"Togba","county":"Abomey-Calavi","state":"Atlantique","ISO3166-2-lvl4":"BJ-AQ","country":"Bénin","country_code":"bj"},"osm_type":"node","osm_id":4208983188,"type":"town","location":[2.3048643,6.4651364],"bbox":[2.2648643,6.4251364,2.3448643,6.5051364]}
{"name":"Tohouè","other_names":{"name:fr":"Tohouè","name:ru":"Тохуэ"},"display_name":"Tohouè, Sèmè-Kpodji, Djeffa, Ouémé, Bénin","address":{"town":"Tohouè","county":"Djeffa","state":"Ouémé","ISO3166-2-lvl4":"BJ-OU","country":"Bénin","country_code":"bj"},"osm_type":"node","osm_id":2473306979,"type":"town","location":[2.6630653,6.4306558],"bbox":[2.6230653,6.3906558,2.7030653,6.4706558]}
{"name":"Toko-Toko","display_name":"Toko-Toko, Djougou, Donga, Bénin","address":{"town":"Toko-Toko","county":"Djougou","state":"Donga","ISO3166-2-lvl4":"BJ-DO","country":"Bénin","country_code":"bj"},"osm_type":"node","osm_id":3813463089,"type":"town","location":[2.0226606,9.7412548],"bbox":[1.9826606,9.7012548,2.0626606,9.7812548]}
{"name":"Tomboutou","display_name":"Tomboutou, Malanville, Alibori, Bénin","address":{"town":"Tomboutou","city":"Malanville","state":"Alibori","ISO3166-2-lvl4":"BJ-AL","country":"Bénin","country_code":"bj"},"osm_type":"node","osm_id":5910147623,"type":"town","location":[3.2889729,11.8554547],"bbox":[3.2489729,11.8154547,3.3289729,11.8954547]}
{"name":"Tori-Bossito","other_names":{"name:ru":"Тори-Босито"},"display_name":"Tori-Bossito, Atlantique, Bénin","address":{"town":"Tori-Bossito","state":"Atlantique","ISO3166-2-lvl4":"BJ-AQ","country":"Bénin","country_code":"bj"},"osm_type":"node","osm_id":2313207457,"type":"town","location":[2.1441704,6.502478],"bbox":[2.1041704,6.462478,2.1841704,6.542478],"border":{"name":"Tori-Bossito","other_names":{"name:fr":"Tori-Bossito","official_name":"Commune de Tori-Bossito","name:ru":"Тори-Босито"},"display_name":"Tori-Bossito, Atlantique, Bénin","address":{"town":"Tori-Bossito","state":"Atlantique","ISO3166-2-lvl4":"BJ-AQ","country":"Bénin","country_code":"bj"},"osm_type":"relation","osm_id":2946429,"type":"administrative","location":[2.1441704,6.502478],"bbox":[2.0402568,6.4394715,2.2697772,6.6156572]}}
{"name":"Toucountouna","other_names":{"name:fr":"Toucountouna","name:ru":"Тукунтуна","alt_name":"Toukountouna"},"display_name":"Toucountouna, Atakora, Bénin","address":{"town":"Toucountouna","county":"Toucountouna","state":"Atakora","ISO3166-2-lvl4":"BJ-AK","country":"Bénin","country_code":"bj"},"osm_type":"node","osm_id":2312709885,"type":"town","location":[1.3780009,10.4984345],"bbox":[1.3380009,10.4584345,1.4180009,10.5384345],"border":{"name":"Toucountouna","other_names":{"name:fr":"Toucountouna","official_name":"Commune de Toucountouna"},"display_name":"Toucountouna, Atakora, Bénin","address":{"county":"Toucountouna","state":"Atakora","ISO3166-2-lvl4":"BJ-AK","country":"Bénin","country_code":"bj"},"osm_type":"relation","osm_id":2845846,"type":"administrative","location":[1.4922519231480926,10.56790835],"bbox":[1.2186911,10.3810589,1.6655194,10.7509612]}}
{"name":"Toui","display_name":"Toui, Ouèssè, Collines, Bénin","address":{"town":"Toui","city":"Ouèssè","state":"Collines","ISO3166-2-lvl4":"BJ-CO","country":"Bénin","country_code":"bj"},"osm_type":"node","osm_id":7518321314,"type":"town","location":[2.5918508,8.683143],"bbox":[2.5518508,8.643143,2.6318508,8.723143]}
{"name":"Toura","display_name":"Toura, Banikoara, Alibori, Bénin","address":{"town":"Toura","county":"Banikoara","state":"Alibori","ISO3166-2-lvl4":"BJ-AL","country":"Bénin","country_code":"bj"},"osm_type":"node","osm_id":3791060097,"type":"town","location":[2.3781233,11.2405968],"bbox":[2.3381233,11.2005968,2.4181233,11.2805968]}
{"name":"Toviklin","other_names":{"name:fr":"Toviklin","name:ru":"Товиклин"},"display_name":"Toviklin, Kouffo, Bénin","address":{"town":"Toviklin","county":"Toviklin","state":"Kouffo","ISO3166-2-lvl4":"BJ-KO","country":"Bénin","country_code":"bj"},"osm_type":"node","osm_id":2313262068,"type":"town","location":[1.8360905,6.893515],"bbox":[1.7960905,6.853515,1.8760905,6.933515],"border":{"name":"Toviklin","other_names":{"name:fr":"Toviklin","official_name":"Commune de Toviklin"},"display_name":"Toviklin, Kouffo, Bénin","address":{"county":"Toviklin","state":"Kouffo","ISO3166-2-lvl4":"BJ-KO","country":"Bénin","country_code":"bj"},"osm_type":"relation","osm_id":2946536,"type":"administrative","location":[1.8209605779941023,6.891787949999999],"bbox":[1.763677,6.8275757,1.8795879,6.9565252]}}
{"name":"Vèkky","display_name":"Vèkky, Sô-Ava, Atlantique, Bénin","address":{"town":"Vèkky","county":"Sô-Ava","state":"Atlantique","ISO3166-2-lvl4":"BJ-AQ","country":"Bénin","country_code":"bj"},"osm_type":"node","osm_id":4313209400,"type":"town","location":[2.4202494,6.486039],"bbox":[2.3802494,6.446039,2.4602494,6.526039]}
{"name":"Wara","display_name":"Wara, Gogounou, Alibori, Bénin","address":{"town":"Wara","county":"Gogounou","state":"Alibori","ISO3166-2-lvl4":"BJ-AL","country":"Bénin","country_code":"bj"},"osm_type":"node","osm_id":3808483294,"type":"town","location":[2.6717582,10.6761957],"bbox":[2.6317582,10.6361957,2.7117582,10.7161957]}
{"name":"Yoko","display_name":"Yoko, Sakété, Plateau, Bénin","address":{"town":"Yoko","county":"Sakété","state":"Plateau","ISO3166-2-lvl4":"BJ-PL","country":"Bénin","country_code":"bj"},"osm_type":"node","osm_id":7645500595,"type":"town","location":[2.6125145,6.7130276],"bbox":[2.5725145,6.6730276,2.6525145,6.7530276]}
{"name":"Yokpo","display_name":"Yokpo, Zè, Atlantique, Bénin","address":{"town":"Yokpo","county":"Zè","state":"Atlantique","ISO3166-2-lvl4":"BJ-AQ","country":"Bénin","country_code":"bj"},"osm_type":"node","osm_id":7609097785,"type":"town","location":[2.2983849,6.6091915],"bbox":[2.2583849,6.5691915,2.3383849,6.6491915]}
{"name":"Za-Kpota","other_names":{"name:fr":"Za-Kpota","name:ru":"За-Кпота"},"display_name":"Za-Kpota, Zou, Bénin","address":{"town":"Za-Kpota","county":"Za-Kpota","state":"Zou","ISO3166-2-lvl4":"BJ-ZO","country":"Bénin","country_code":"bj"},"osm_type":"node","osm_id":2312973704,"type":"town","location":[2.2170444,7.2309196],"bbox":[2.1770444,7.1909196,2.2570444,7.2709196],"border":{"name":"Za-Kpota","other_names":{"name:fr":"Za-Kpota","official_name":"Commune de Za-Kpota"},"display_name":"Za-Kpota, Zou, Bénin","address":{"county":"Za-Kpota","state":"Zou","ISO3166-2-lvl4":"BJ-ZO","country":"Bénin","country_code":"bj"},"osm_type":"relation","osm_id":2946032,"type":"administrative","location":[2.1908969406542544,7.22026665],"bbox":[2.0849127,7.1093298,2.3208827,7.3310237]}}
{"name":"Za-Tanta","display_name":"Za-Tanta, Za-Kpota, Zou, Bénin","address":{"town":"Za-Tanta","county":"Za-Kpota","state":"Zou","ISO3166-2-lvl4":"BJ-ZO","country":"Bénin","country_code":"bj"},"osm_type":"node","osm_id":7568552051,"type":"town","location":[2.1630514,7.2652883],"bbox":[2.1230514,7.2252883,2.2030514,7.3052883]}
{"name":"Zangnanado","other_names":{"name:fr":"Zangnanado","name:ru":"Заньянадо"},"display_name":"Zangnanado, Zou, Bénin","address":{"town":"Zangnanado","county":"Zangnanado","state":"Zou","ISO3166-2-lvl4":"BJ-ZO","country":"Bénin","country_code":"bj"},"osm_type":"node","osm_id":2312944482,"type":"town","location":[2.3870849,7.2225385],"bbox":[2.3470849,7.1825385,2.4270849,7.2625385],"border":{"name":"Zangnanado","other_names":{"name:fr":"Zangnanado","name:ru":"Заньянадо","official_name":"Commune de Zangnanado"},"display_name":"Zangnanado, Zou, Bénin","address":{"county":"Zangnanado","state":"Zou","ISO3166-2-lvl4":"BJ-ZO","country":"Bénin","country_code":"bj"},"osm_type":"relation","osm_id":2945974,"type":"administrative","location":[2.4030736497498983,7.2507025],"bbox":[2.2979371,6.9880229,2.5380549,7.5153198]}}
{"name":"Zè","other_names":{"name:ru":"Аджан","alt_name":"Zè"},"display_name":"Zè, Atlantique, Bénin","address":{"town":"Zè","county":"Zè","state":"Atlantique","ISO3166-2-lvl4":"BJ-AQ","country":"Bénin","country_code":"bj"},"osm_type":"node","osm_id":2473306972,"type":"town","location":[2.2883299,6.7221499],"bbox":[2.2483299,6.6821499,2.3283299,6.7621499],"border":[{"name":"Zè","other_names":{"name:fr":"Zè","name:ru":"Аджан","alt_name":"Zè"},"display_name":"Zè, Atlantique, Bénin","address":{"town":"Zè","county":"Zè","state":"Atlantique","ISO3166-2-lvl4":"BJ-AQ","country":"Bénin","country_code":"bj"},"osm_type":"way","osm_id":384571067,"type":"town","location":[2.2883299,6.7221499],"bbox":[2.2757039,6.7094067,2.2993984,6.7304315]},{"name":"Zè","other_names":{"name:fr":"Zè","official_name":"Commune de Zè"},"display_name":"Zè, Atlantique, Bénin","address":{"county":"Zè","state":"Atlantique","ISO3166-2-lvl4":"BJ-AQ","country":"Bénin","country_code":"bj"},"osm_type":"relation","osm_id":2946430,"type":"administrative","location":[2.3329072503448813,6.73078365],"bbox":[2.2119787,6.5416675,2.4445842,6.9307267]}]}
{"name":"Zogbodomey","other_names":{"name:fr":"Zogbodomey","name:ru":"Зогбодоме","alt_name":"Zogbodomè"},"display_name":"Zogbodomey, Zou, Bénin","address":{"town":"Zogbodomey","county":"Zogbodomey","state":"Zou","ISO3166-2-lvl4":"BJ-ZO","country":"Bénin","country_code":"bj"},"osm_type":"node","osm_id":2312944483,"type":"town","location":[2.1187793,7.0682962],"bbox":[2.0787793,7.0282962,2.1587793,7.1082962],"border":{"name":"Zogbodomey","other_names":{"name:fr":"Zogbodomey","official_name":"Commune de Zogbodomey"},"display_name":"Zogbodomey, Zou, Bénin","address":{"county":"Zogbodomey","state":"Zou","ISO3166-2-lvl4":"BJ-ZO","country":"Bénin","country_code":"bj"},"osm_type":"relation","osm_id":2945975,"type":"administrative","location":[2.20306582428993,7.01729035],"bbox":[1.974398,6.9094439,2.4145432,7.1261113]}}
{"name":"Zoungamè","display_name":"Zoungamè, Aguégués, Ouémé, Bénin","address":{"town":"Zoungamè","county":"Aguégués","state":"Ouémé","ISO3166-2-lvl4":"BJ-OU","country":"Bénin","country_code":"bj"},"osm_type":"node","osm_id":7636046265,"type":"town","location":[2.5437426,6.4512751],"bbox":[2.5037426,6.4112751,2.5837426,6.4912751]}
{"name":"Zoungbonou","display_name":"Zoungbonou, Houéyogbé, Mono, Bénin","address":{"town":"Zoungbonou","state":"Mono","ISO3166-2-lvl4":"BJ-MO","country":"Bénin","country_code":"bj"},"osm_type":"node","osm_id":2474284281,"type":"town","location":[1.8175499,6.5651813],"bbox":[1.7775499,6.5251813,1.8575499,6.6051813]}
{"name":"Zoungou-Pantrossi","display_name":"Zoungou-Pantrossi, Gogounou, Alibori, Bénin","address":{"town":"Zoungou-Pantrossi","county":"Gogounou","state":"Alibori","ISO3166-2-lvl4":"BJ-AL","country":"Bénin","country_code":"bj"},"osm_type":"node","osm_id":2472888513,"type":"town","location":[2.9788655,10.7327429],"bbox":[2.9388655,10.6927429,3.0188655,10.7727429]}
