{"name":"Barclayville","other_names":{"name:en":"Barclayville","name:ru":"Баркливилл","alt_name_1":"Barlayville"},"display_name":"Barclayville, Grand Kru County, Liberia","address":{"town":"Barclayville","county":"Barclayville","state":"Grand Kru County","ISO3166-2-lvl4":"LR-GK","country":"Liberia","country_code":"lr"},"osm_type":"node","osm_id":3054906638,"type":"town","location":[-8.2332721,4.6803743],"bbox":[-8.2732721,4.6403743,-8.1932721,4.7203743],"border":{"name":"Barclayville","display_name":"Barclayville, Grand Kru County, Liberia","address":{"county":"Barclayville","state":"Grand Kru County","ISO3166-2-lvl4":"LR-GK","country":"Liberia","country_code":"lr"},"osm_type":"relation","osm_id":4001254,"type":"administrative","location":[-8.201171432451691,4.71307565],"bbox":[-8.3941931,4.5782805,-7.9940418,4.849048]}}
{"name":"Belefanai","other_names":{"name:en":"Belefanai","alt_name_1":"Bellefanai","alt_name_2":"Belipani","alt_name_3":"Belevani","alt_name_4":"Belefuanai"},"display_name":"Belefanai, Zota, Bong County, Liberia","address":{"town":"Belefanai","county":"Zota","state":"Bong County","ISO3166-2-lvl4":"LR-BG","country":"Liberia","country_code":"lr"},"osm_type":"node","osm_id":3020358694,"type":"town","location":[-9.4352077,7.2611294],"bbox":[-9.4752077,7.2211294,-9.3952077,7.3011294]}
{"name":"Bo Waterside","display_name":"Bo Waterside, Tewor, Grand Cape Mount County, Liberia","address":{"town":"Bo Waterside","county":"Tewor","state":"Grand Cape Mount County","ISO3166-2-lvl4":"LR-CM","country":"Liberia","country_code":"lr"},"osm_type":"node","osm_id":4529337830,"type":"town","location":[-11.3744745,7.0121225],"bbox":[-11.4144745,6.9721225,-11.3344745,7.0521225]}
{"name":"Bong Mine Town","other_names":{"name:en":"Bong Mine Town","alt_name":"Bong Town","alt_name_1":"Bong","alt_name_2":"Bong Mine Community"},"display_name":"Bong Mine Town, Fuamah, Bong County, Liberia","address":{"town":"Bong Mine Town","county":"Fuamah","state":"Bong County","ISO3166-2-lvl4":"LR-BG","country":"Liberia","country_code":"lr"},"osm_type":"node","osm_id":476660195,"type":"town","location":[-10.3506355,6.8149831],"bbox":[-10.3906355,6.7749831,-10.3106355,6.8549831]}
{"name":"Botota","other_names":{"name:en":"Botota","alt_name_1":"Budu","alt_name_2":"Botota","alt_name_3":"Botata"},"display_name":"Botota, Tukpahblee, Bong County, Liberia","address":{"town":"Botota","county":"Tukpahblee","state":"Bong County","ISO3166-2-lvl4":"LR-BG","country":"Liberia","country_code":"lr"},"osm_type":"node","osm_id":3015159846,"type":"town","location":[-9.37289,6.65235],"bbox":[-9.41289,6.61235,-9.33289,6.69235]}
{"name":"Buchanan","other_names":{"name:en":"Buchanan","name:fr":"Buchanan","name:ru":"Бьюкенен","name:uk":"Б'юкенен","alt_name_1":"Fish Town","alt_name_2":"Lower Buchanan","alt_name_3":"Grand Bassa"},"display_name":"Buchanan, Commonwealth-B, Grand Bassa County, 4000, Liberia","address":{"town":"Buchanan","county":"Commonwealth-B","state":"Grand Bassa County","ISO3166-2-lvl4":"LR-GB","postcode":"4000","country":"Liberia","country_code":"lr"},"osm_type":"node","osm_id":2189927054,"type":"town","location":[-10.0494002,5.88129],"bbox":[-10.0894002,5.84129,-10.0094002,5.92129]}
{"name":"Camp 4","display_name":"Camp 4, Yarmein, Nimba County, Liberia","address":{"town":"Camp 4","county":"Yarmein","state":"Nimba County","ISO3166-2-lvl4":"LR-NI","country":"Liberia","country_code":"lr"},"osm_type":"node","osm_id":3013768864,"type":"town","location":[-8.5634595,7.5448145],"bbox":[-8.6034595,7.5048145,-8.5234595,7.5848145]}
{"name":"Fish Town City","other_names":{"name:en":"Fish Town City","name:ru":"Фиштаун","alt_name_1":"Datoda","alt_name_2":"Tendekehn","alt_name_3":"Fish Town"},"display_name":"Fish Town City, Potupo, River Gee County, Liberia","address":{"town":"Fish Town City","county":"Potupo","state":"River Gee County","ISO3166-2-lvl4":"LR-RG","country":"Liberia","country_code":"lr"},"osm_type":"node","osm_id":3060725618,"type":"town","location":[-7.8759933,5.197873],"bbox":[-7.9159933,5.157873,-7.8359933,5.237873]}
{"name":"Foya City","other_names":{"alt_name":"Foya","alt_name_1":"Foya Kamara Number Two","alt_name_2":"Foya Kamara Number 2","alt_name_3":"Foya Kamala Number 2","alt_name_4":"Foya Kamala","alt_name_5":"Foya Kamara","alt_name_6":"Foyakama","alt_name_7":"Foya Kamara Number Two;Foya Kamara Number 2;Foya Kamala Number 2"},"display_name":"Foya City, Foya, Lofa County, Liberia","address":{"town":"Foya City","state":"Lofa County","ISO3166-2-lvl4":"LR-LO","country":"Liberia","country_code":"lr"},"population":81,"osm_type":"node","osm_id":2751280750,"type":"town","location":[-10.1960454,8.3586488],"bbox":[-10.2360454,8.3186488,-10.1560454,8.3986488],"border":{"name":"Foya","other_names":{"name:en":"Foya","alt_name":"Foya","alt_name_1":"Foya Kamara Number Two","alt_name_2":"Foya Kamara Number 2","alt_name_3":"Foya Kamala Number 2","alt_name_4":"Foya Kamala","alt_name_5":"Foya Kamara","alt_name_6":"Foyakama","alt_name_7":"Foya Kamara Number Two;Foya Kamara Number 2;Foya Kamala Number 2","alt":"Foya City"},"display_name":"Foya, Lofa County, Liberia","address":{"town":"Foya","state":"Lofa County","ISO3166-2-lvl4":"LR-LO","country":"Liberia","country_code":"lr"},"population":81,"osm_type":"relation","osm_id":4001292,"type":"administrative","location":[-10.1960454,8.3586488],"bbox":[-10.35183,8.1456481,-10.0427544,8.5350843]}}
{"name":"Ganta","other_names":{"name:en":"Ganta","name:zh":"甘塔","alt_name":"Ganta","old_name":"Gompa City","alt_name_1":"Gahnpa"},"display_name":"Ganta, Zone 4, Garr-Bain, Nimba County, Liberia","address":{"town":"Ganta","zone":"Zone 4","county":"Garr-Bain","state":"Nimba County","ISO3166-2-lvl4":"LR-NI","country":"Liberia","country_code":"lr"},"osm_type":"node","osm_id":321350077,"type":"town","location":[-8.986099,7.2334773],"bbox":[-9.026099,7.1934773,-8.946099,7.2734773]}
{"name":"Gbah Jakeh","other_names":{"name:en":"Gbah Jakeh","alt_name":"Baha"},"display_name":"Gbah Jakeh, Senjeh, Bomi County, Liberia","address":{"town":"Gbah Jakeh","county":"Senjeh","state":"Bomi County","ISO3166-2-lvl4":"LR-BM","country":"Liberia","country_code":"lr"},"osm_type":"node","osm_id":3004596568,"type":"town","location":[-10.97102,6.71388],"bbox":[-11.01102,6.67388,-10.93102,6.75388]}
{"name":"Gbartala","other_names":{"name:en":"Gbartala","alt_name":"Gbatala"},"display_name":"Gbartala, Yeallequelleh, Bong County, Liberia","address":{"town":"Gbartala","county":"Yeallequelleh","state":"Bong County","ISO3166-2-lvl4":"LR-BG","country":"Liberia","country_code":"lr"},"osm_type":"node","osm_id":476624163,"type":"town","location":[-9.6766257,6.8834507],"bbox":[-9.7166257,6.8434507,-9.6366257,6.9234507]}
{"name":"Gbesseh Fahnbulleh","display_name":"Gbesseh Fahnbulleh, Tewor, Grand Cape Mount County, Liberia","address":{"town":"Gbesseh Fahnbulleh","county":"Tewor","state":"Grand Cape Mount County","ISO3166-2-lvl4":"LR-CM","country":"Liberia","country_code":"lr"},"osm_type":"node","osm_id":4529349196,"type":"town","location":[-11.3309204,6.9359701],"bbox":[-11.3709204,6.8959701,-11.2909204,6.9759701]}
{"name":"Grand Cess","other_names":{"name:en":"Grand Cess","alt_name_1":"Grand Sesters","alt_name_2":"Seklakpo","alt_name_3":"Grand Sestro","alt_name_4":"Grandcess"},"display_name":"Grand Cess, Grand Cess Wedabo, Grand Kru County, Liberia","address":{"town":"Grand Cess","county":"Grand Cess Wedabo","state":"Grand Kru County","ISO3166-2-lvl4":"LR-GK","country":"Liberia","country_code":"lr"},"osm_type":"node","osm_id":3054906658,"type":"town","location":[-8.223056,4.571389],"bbox":[-8.263056,4.531389,-8.183056,4.611389]}
{"name":"Greenville","other_names":{"name:en":"Greenville","name:fr":"Greenville","name:ru":"Гринвилл","name:uk":"Грінвілл","alt_name":"Sinoe","alt_name_1":"Sinoe","alt_name_2":"Sinu Village","alt_name_3":"Sinu","alt_name_4":"Sino"},"display_name":"Greenville, Sinoe County, Liberia","address":{"town":"Greenville","county":"Greenville","state":"Sinoe County","ISO3166-2-lvl4":"LR-SI","country":"Liberia","country_code":"lr"},"osm_type":"node","osm_id":2189929542,"type":"town","location":[-9.03889,5.01111],"bbox":[-9.07889,4.97111,-8.99889,5.05111],"border":{"name":"Greenville","display_name":"Greenville, Sinoe County, Liberia","address":{"county":"Greenville","state":"Sinoe County","ISO3166-2-lvl4":"LR-SI","country":"Liberia","country_code":"lr"},"osm_type":"relation","osm_id":4001312,"type":"administrative","location":[-9.041892125,5.04558495],"bbox":[-9.0981305,4.9799499,-8.9974993,5.1108465]}}
{"name":"Harbel City","other_names":{"name:en":"Harbel City","name:ja":"ハーベル","name:lt":"Harbelas","name:ru":"Харбел","name:ur":"ہاربل","name:zh":"哈貝爾","alt_name":"Harberville"},"display_name":"Harbel City, Firestone, Margibi County, Liberia","address":{"town":"Harbel City","county":"Firestone","state":"Margibi County","ISO3166-2-lvl4":"LR-MG","country":"Liberia","country_code":"lr"},"population":25000,"osm_type":"node","osm_id":2995981044,"type":"town","location":[-10.344718,6.2767372],"bbox":[-10.384718,6.2367372,-10.304718,6.3167372]}
{"name":"Harper","display_name":"Harper, Maryland County, Liberia","address":{"town":"Harper","state":"Maryland County","ISO3166-2-lvl4":"LR-MY","country":"Liberia","country_code":"lr"},"osm_type":"node","osm_id":6343101064,"type":"town","location":[-7.7060988,4.3789381],"bbox":[-7.7460988,4.3389381,-7.6660988,4.4189381],"border":{"name":"Harper","display_name":"Harper, Maryland County, Liberia","address":{"town":"Harper","state":"Maryland County","ISO3166-2-lvl4":"LR-MY","country":"Liberia","country_code":"lr"},"osm_type":"relation","osm_id":4001314,"type":"administrative","location":[-7.7060988,4.3789381],"bbox":[-7.8333822,4.3539078,-7.5297198,4.4995901]}}
{"name":"Kakata","other_names":{"name:ru":"Каката"},"display_name":"Kakata, Margibi County, Liberia","address":{"town":"Kakata","state":"Margibi County","ISO3166-2-lvl4":"LR-MG","country":"Liberia","country_code":"lr"},"osm_type":"node","osm_id":1848533186,"type":"town","location":[-10.3488074,6.532326],"bbox":[-10.3888074,6.492326,-10.3088074,6.572326],"border":{"name":"Kakata","other_names":{"name:en":"Kakata","name:ru":"Каката"},"display_name":"Kakata, Margibi County, Liberia","address":{"town":"Kakata","state":"Margibi County","ISO3166-2-lvl4":"LR-MG","country":"Liberia","country_code":"lr"},"osm_type":"relation","osm_id":4001320,"type":"administrative","location":[-10.3488074,6.532326],"bbox":[-10.4367321,6.4844318,-10.0580163,6.9006952]}}
{"name":"Klay","other_names":{"name:en":"Klay","alt_name_1":"Clay","alt_name_2":"Kle"},"display_name":"Klay, Bomi County, Liberia","address":{"town":"Klay","county":"Klay","state":"Bomi County","ISO3166-2-lvl4":"LR-BM","country":"Liberia","country_code":"lr"},"osm_type":"node","osm_id":476658831,"type":"town","location":[-10.8736128,6.695187],"bbox":[-10.9136128,6.655187,-10.8336128,6.735187],"border":{"name":"Klay","display_name":"Klay, Bomi County, Liberia","address":{"county":"Klay","state":"Bomi County","ISO3166-2-lvl4":"LR-BM","country":"Liberia","country_code":"lr"},"osm_type":"relation","osm_id":4001325,"type":"administrative","location":[-10.813011124823305,6.7055351000000005],"bbox":[-11.049083,6.5400963,-10.6639707,6.8704009]}}
{"name":"Marshall","display_name":"Marshall, Mambah Kaba, Margibi County, Liberia","address":{"town":"Marshall","county":"Mambah Kaba","state":"Margibi County","ISO3166-2-lvl4":"LR-MG","country":"Liberia","country_code":"lr"},"osm_type":"node","osm_id":2995981058,"type":"town","location":[-10.38361,6.14861],"bbox":[-10.42361,6.10861,-10.34361,6.18861]}
{"name":"New Solo","display_name":"New Solo, Cavala, Grand Gedeh County, Liberia","address":{"town":"New Solo","county":"Cavala","state":"Grand Gedeh County","ISO3166-2-lvl4":"LR-GG","country":"Liberia","country_code":"lr"},"osm_type":"node","osm_id":3051811008,"type":"town","location":[-8.2411022,6.1463176],"bbox":[-8.2811022,6.1063176,-8.2011022,6.1863176]}
{"name":"Nyenyen","other_names":{"name:en":"Nyenyen","alt_name_1":"Nyenyen","alt_name_2":"Nyein","alt_name_3":"Gnieyien","alt_name_4":"Nganyei","alt_name_5":"Nijian"},"display_name":"Nyenyen, Fuamah, Bong County, Liberia","address":{"town":"Nyenyen","county":"Fuamah","state":"Bong County","ISO3166-2-lvl4":"LR-BG","country":"Liberia","country_code":"lr"},"osm_type":"node","osm_id":321350037,"type":"town","location":[-10.3621364,6.8006164],"bbox":[-10.4021364,6.7606164,-10.3221364,6.8406164]}
{"name":"Pleebo","other_names":{"name:en":"Pleebo","alt_name_1":"Plebo","alt_name_2":"Plibo","alt_name_3":"Pleebo City"},"display_name":"Pleebo, Pleebo/Sodoken, Maryland County, Liberia","address":{"town":"Pleebo","county":"Pleebo/Sodoken","state":"Maryland County","ISO3166-2-lvl4":"LR-MY","country":"Liberia","country_code":"lr"},"population":23000,"osm_type":"node","osm_id":476544399,"type":"town","location":[-7.6734903,4.5888482],"bbox":[-7.7134903,4.5488482,-7.6334903,4.6288482]}
{"name":"River Cess","other_names":{"name:en":"River Cess","name:ru":"Ривер-Сесс","name:zh":"里弗塞斯","alt_name":"Cestos City"},"display_name":"River Cess, Zarflahn, River Cess County, Liberia","address":{"town":"River Cess","county":"Zarflahn","state":"River Cess County","ISO3166-2-lvl4":"LR-RI","country":"Liberia","country_code":"lr"},"osm_type":"node","osm_id":3198605239,"type":"town","location":[-9.5817265,5.4521894],"bbox":[-9.6217265,5.4121894,-9.5417265,5.4921894]}
{"name":"Robertsport","other_names":{"name:en":"Robertsport","name:ru":"Робертспорт","name:uk":"Робертспорт","alt_name_1":"Robertson","alt_name_2":"Robert Port","alt_name_3":"Port Robert","alt_name_4":"Robertstown"},"display_name":"Robertsport, Commonwealth-C, Grand Cape Mount County, Liberia","address":{"town":"Robertsport","county":"Commonwealth-C","state":"Grand Cape Mount County","ISO3166-2-lvl4":"LR-CM","country":"Liberia","country_code":"lr"},"osm_type":"node","osm_id":2924531712,"type":"town","location":[-11.3669534,6.7525707],"bbox":[-11.4069534,6.7125707,-11.3269534,6.7925707]}
{"name":"S.G. Kollie","other_names":{"name:en":"S.G. Kollie","alt_name_1":"Sergeant Kollie Town"},"display_name":"S.G. Kollie, Suakoko, Bong County, Liberia","address":{"town":"S.G. Kollie","county":"Suakoko","state":"Bong County","ISO3166-2-lvl4":"LR-BG","country":"Liberia","country_code":"lr"},"osm_type":"node","osm_id":3025531443,"type":"town","location":[-9.5651214,7.0099249],"bbox":[-9.6051214,6.9699249,-9.5251214,7.0499249]}
{"name":"Saclepea","other_names":{"name:en":"Saclepea","alt_name_1":"Sakriple","alt_name_2":"Sakripie","alt_name_3":"Saklape","alt_name_4":"Sakalapie","alt_name_5":"Sacleipie","alt_name_6":"Sagleipie"},"display_name":"Saclepea, Wee-Gbehyi-Mahn, Nimba County, Liberia","address":{"town":"Saclepea","county":"Wee-Gbehyi-Mahn","state":"Nimba County","ISO3166-2-lvl4":"LR-NI","country":"Liberia","country_code":"lr"},"population":15000,"osm_type":"node","osm_id":476511767,"type":"town","location":[-8.8408732,6.9638105],"bbox":[-8.8808732,6.9238105,-8.8008732,7.0038105]}
{"name":"Sakonedu","display_name":"Sakonedu, Quardu-Gboni, Lofa County, Liberia","address":{"town":"Sakonedu","county":"Quardu-Gboni","state":"Lofa County","ISO3166-2-lvl4":"LR-LO","country":"Liberia","country_code":"lr"},"osm_type":"way","osm_id":271040531,"type":"town","location":[-9.668681706936635,8.46480145],"bbox":[-9.6721168,8.4612437,-9.6633723,8.4683729]}
{"name":"Salala","display_name":"Salala, Bong County, Liberia","address":{"town":"Salala","county":"Salala","state":"Bong County","ISO3166-2-lvl4":"LR-BG","country":"Liberia","country_code":"lr"},"osm_type":"node","osm_id":3015181416,"type":"town","location":[-10.106283,6.7481657],"bbox":[-10.146283,6.7081657,-10.066283,6.7881657],"border":{"name":"Salala","display_name":"Salala, Bong County, Liberia","address":{"county":"Salala","state":"Bong County","ISO3166-2-lvl4":"LR-BG","country":"Liberia","country_code":"lr"},"osm_type":"relation","osm_id":4001358,"type":"administrative","location":[-9.964886970207257,6.77690685],"bbox":[-10.1763224,6.6056365,-9.7518995,6.9448409]}}
{"name":"Sanniquellie","other_names":{"name:en":"Sanniquellie","name:ru":"Санникелли","name:zh":"桑尼奎利","alt_name":"Sanoquelli;Sanaquelli; Senbui; Sanokwelle; Sanokole; Sanniguellie; Saniquellie; Sanquilly; Sangbui;Sanokwele"},"display_name":"Sanniquellie, Sanniquellie Mahn, Nimba County, Liberia","address":{"town":"Sanniquellie","county":"Sanniquellie Mahn","state":"Nimba County","ISO3166-2-lvl4":"LR-NI","country":"Liberia","country_code":"lr"},"osm_type":"node","osm_id":3023074972,"type":"town","location":[-8.71385,7.36127],"bbox":[-8.75385,7.32127,-8.67385,7.40127]}
{"name":"Sinje","display_name":"Sinje, Garwula, Grand Cape Mount County, Liberia","address":{"town":"Sinje","county":"Garwula","state":"Grand Cape Mount County","ISO3166-2-lvl4":"LR-CM","country":"Liberia","country_code":"lr"},"osm_type":"node","osm_id":3017208990,"type":"town","location":[-11.1357254,6.8166987],"bbox":[-11.1757254,6.7766987,-11.0957254,6.8566987]}
{"name":"Suacoco","other_names":{"name:en":"Suacoco","alt_name_1":"Suokokota","alt_name_2":"Swakuk","alt_name_3":"Suakokota","alt_name_4":"Suakoko"},"display_name":"Suacoco, Suakoko, Bong County, Liberia","address":{"town":"Suacoco","county":"Suakoko","state":"Bong County","ISO3166-2-lvl4":"LR-BG","country":"Liberia","country_code":"lr"},"osm_type":"node","osm_id":3025531444,"type":"town","location":[-9.5815777,6.9894564],"bbox":[-9.6215777,6.9494564,-9.5415777,7.0294564],"border":{"name":"Suakoko","display_name":"Suakoko, Bong County, Liberia","address":{"county":"Suakoko","state":"Bong County","ISO3166-2-lvl4":"LR-BG","country":"Liberia","country_code":"lr"},"osm_type":"relation","osm_id":4001371,"type":"administrative","location":[-9.622330710701732,7.0685043499999995],"bbox":[-9.7703405,6.8892472,-9.4563449,7.2474344]}}
{"name":"Tappita City","other_names":{"name:en":"Tappita City","alt_name_1":"Tappita","alt_name_2":"Tappitown","alt_name_3":"Tapi Town","alt_name_4":"Tappi","alt_name_5":"Tapeta","alt_name_6":"Tapita"},"display_name":"Tappita City, Doe, Nimba County, Liberia","address":{"town":"Tappita City","county":"Doe","state":"Nimba County","ISO3166-2-lvl4":"LR-NI","country":"Liberia","country_code":"lr"},"osm_type":"node","osm_id":321350088,"type":"town","location":[-8.8607395,6.4918433],"bbox":[-8.9007395,6.4518433,-8.8207395,6.5318433]}
{"name":"Toe","other_names":{"name:en":"Toe","alt_name_1":"Tobli","alt_name_2":"Toobli","alt_name_3":"Toatown","alt_name_4":"To","alt_name_5":"Toe Town"},"display_name":"Toe, B'hai, Grand Gedeh County, Liberia","address":{"town":"Toe","county":"B'hai","state":"Grand Gedeh County","ISO3166-2-lvl4":"LR-GG","country":"Liberia","country_code":"lr"},"osm_type":"node","osm_id":1345759536,"type":"town","location":[-8.5570558,6.4070721],"bbox":[-8.5970558,6.3670721,-8.5170558,6.4470721]}
{"name":"Totota","display_name":"Totota, Salala, Bong County, Liberia","address":{"town":"Totota","county":"Salala","state":"Bong County","ISO3166-2-lvl4":"LR-BG","country":"Liberia","country_code":"lr"},"population":250,"osm_type":"node","osm_id":476624464,"type":"town","location":[-9.94135,6.809807],"bbox":[-9.98135,6.769807,-9.90135,6.849807]}
{"name":"Tubmanburg","other_names":{"name:en":"Tubmanburg","name:ru":"Тубманбург","alt_name":"Bomi","old_name":"Vaitown","alt_name_1":"Vai Tieda","alt_name_2":"Bomi Hills","alt_name_3":"Vaitown"},"display_name":"Tubmanburg, Senjeh, Bomi County, Liberia","address":{"town":"Tubmanburg","county":"Senjeh","state":"Bomi County","ISO3166-2-lvl4":"LR-BM","country":"Liberia","country_code":"lr"},"population":13144,"osm_type":"node","osm_id":476645658,"type":"town","location":[-10.824815,6.8686923],"bbox":[-10.864815,6.8286923,-10.784815,6.9086923]}
{"name":"Voinjama","other_names":{"name:en":"Voinjama","name:ru":"Воинджама","name:zh":"沃因贾马","alt_name":"Vonjama","alt_name_1":"Voinyamai"},"display_name":"Voinjama, Lofa County, Liberia","address":{"town":"Voinjama","county":"Voinjama","state":"Lofa County","ISO3166-2-lvl4":"LR-LO","country":"Liberia","country_code":"lr"},"osm_type":"node","osm_id":2189959219,"type":"town","location":[-9.7525832,8.422419],"bbox":[-9.7925832,8.382419,-9.7125832,8.462419],"border":{"name":"Voinjama","display_name":"Voinjama, Lofa County, Liberia","address":{"county":"Voinjama","state":"Lofa County","ISO3166-2-lvl4":"LR-LO","country":"Liberia","country_code":"lr"},"osm_type":"relation","osm_id":4001382,"type":"administrative","location":[-9.808992283979064,8.245126899999999],"bbox":[-10.0315567,7.9317749,-9.5892156,8.5519251]}}
{"name":"Volomeni","other_names":{"name:en":"Volomeni","alt_name":"Folomeni"},"display_name":"Volomeni, Sanoyeah, Bong County, Liberia","address":{"town":"Volomeni","county":"Sanoyeah","state":"Bong County","ISO3166-2-lvl4":"LR-BG","country":"Liberia","country_code":"lr"},"osm_type":"node","osm_id":3015270315,"type":"town","location":[-9.9426499,7.0817845],"bbox":[-9.9826499,7.0417845,-9.9026499,7.1217845]}
{"name":"Wamba Town","other_names":{"name:en":"Wamba Town","alt_name:1":"Moingbata"},"display_name":"Wamba Town, Greater Monrovia, Montserrado County, Liberia","address":{"town":"Wamba Town","county":"Greater Monrovia","state":"Montserrado County","ISO3166-2-lvl4":"LR-MO","country":"Liberia","country_code":"lr"},"osm_type":"node","osm_id":2995981081,"type":"town","location":[-10.64556,6.22417],"bbox":[-10.68556,6.18417,-10.60556,6.26417]}
{"name":"William Town","display_name":"William Town, Kakata, Margibi County, Liberia","address":{"town":"William Town","state":"Margibi County","ISO3166-2-lvl4":"LR-MG","country":"Liberia","country_code":"lr"},"osm_type":"node","osm_id":3093980550,"type":"town","location":[-10.19996,6.69837],"bbox":[-10.23996,6.65837,-10.15996,6.73837]}
{"name":"Yekepa","other_names":{"name:en":"Yekepa","alt_name_1":"Lamco","alt_name_2":"Lamco Community"},"display_name":"Yekepa, Yarmein, Nimba County, Liberia","address":{"town":"Yekepa","county":"Yarmein","state":"Nimba County","ISO3166-2-lvl4":"LR-NI","country":"Liberia","country_code":"lr"},"osm_type":"node","osm_id":321543658,"type":"town","location":[-8.5419387,7.5753094],"bbox":[-8.5819387,7.5353094,-8.5019387,7.6153094]}
{"name":"Zayglay","display_name":"Zayglay, Zoe-Gbao, Nimba County, Liberia","address":{"town":"Zayglay","county":"Zoe-Gbao","state":"Nimba County","ISO3166-2-lvl4":"LR-NI","country":"Liberia","country_code":"lr"},"osm_type":"node","osm_id":3017587212,"type":"town","location":[-8.7010361,7.0511794],"bbox":[-8.7410361,7.0111794,-8.6610361,7.0911794]}
{"name":"Zleh Town","other_names":{"name:en":"Zleh Town","alt_name":"Zleh","alt_name_1":"Zle","alt_name_2":"Zle Town"},"display_name":"Zleh Town, Gbao, Grand Gedeh County, Liberia","address":{"town":"Zleh Town","county":"Gbao","state":"Grand Gedeh County","ISO3166-2-lvl4":"LR-GG","country":"Liberia","country_code":"lr"},"osm_type":"node","osm_id":1345759540,"type":"town","location":[-8.4333606,6.2266684],"bbox":[-8.4733606,6.1866684,-8.3933606,6.2666684]}
{"name":"Zowieta","other_names":{"name:en":"Zowieta","alt_name_1":"Zowienta"},"display_name":"Zowieta, Kpaai, Bong County, Liberia","address":{"town":"Zowieta","county":"Kpaai","state":"Bong County","ISO3166-2-lvl4":"LR-BG","country":"Liberia","country_code":"lr"},"osm_type":"node","osm_id":3027066217,"type":"town","location":[-9.1892105,6.8147828],"bbox":[-9.2292105,6.7747828,-9.1492105,6.8547828]}
{"name":"Zwedru","other_names":{"name:en":"Zwedru","name:ru":"Зверду","alt_name_1":"Zwadhru","alt_name_2":"Tchien","name:zh-Hans":"绥德鲁","name:zh-Hant":"綏德魯"},"display_name":"Zwedru, Zone 2, Tchien, Grand Gedeh County, Liberia","address":{"town":"Zwedru","zone":"Zone 2","county":"Tchien","state":"Grand Gedeh County","ISO3166-2-lvl4":"LR-GG","country":"Liberia","country_code":"lr"},"population":23903,"osm_type":"node","osm_id":321350099,"type":"town","location":[-8.1342735,6.068724],"bbox":[-8.1742735,6.028724,-8.0942735,6.108724],"border":{"name":"Tchien","display_name":"Tchien, Grand Gedeh County, Liberia","address":{"county":"Tchien","state":"Grand Gedeh County","ISO3166-2-lvl4":"LR-GG","country":"Liberia","country_code":"lr"},"osm_type":"relation","osm_id":4001373,"type":"administrative","location":[-8.103352468196753,6.0122573],"bbox":[-8.3456676,5.7360872,-7.8223097,6.2862018]}}
