{"name":"Alice Town","display_name":"Alice Town, Bimini, The Bahamas","address":{"town":"Alice Town","archipelago":"Bimini","ISO3166-2-lvl8":"BS-BI","country":"The Bahamas","country_code":"bs"},"population":1131,"osm_type":"node","osm_id":3542060095,"type":"town","location":[-79.2965453,25.7271964],"bbox":[-79.3365453,25.6871964,-79.2565453,25.7671964]}
{"name":"Bailey Town","display_name":"Bailey Town, Bimini, The Bahamas","address":{"town":"Bailey Town","archipelago":"Bimini","ISO3166-2-lvl8":"BS-BI","country":"The Bahamas","country_code":"bs"},"osm_type":"node","osm_id":3542058300,"type":"town","location":[-79.2925647,25.7341752],"bbox":[-79.3325647,25.6941752,-79.2525647,25.7741752]}
{"name":"Bimini Bay","display_name":"Bimini Bay, Bimini, The Bahamas","address":{"town":"Bimini Bay","archipelago":"Bimini","ISO3166-2-lvl8":"BS-BI","country":"The Bahamas","country_code":"bs"},"osm_type":"node","osm_id":3542057599,"type":"town","location":[-79.2826457,25.748137],"bbox":[-79.3226457,25.708137,-79.2426457,25.788137]}
{"name":"Cherokee","display_name":"Cherokee, South Abaco, The Bahamas","address":{"town":"Cherokee","city":"South Abaco","ISO3166-2-lvl8":"BS-SO","country":"The Bahamas","country_code":"bs"},"osm_type":"node","osm_id":1329320770,"type":"town","location":[-77.053684,26.282123],"bbox":[-77.093684,26.242123,-77.013684,26.322123]}
{"name":"Clarence Town","display_name":"Clarence Town, Long Island, The Bahamas","address":{"town":"Clarence Town","city":"Long Island","ISO3166-2-lvl8":"BS-LI","country":"The Bahamas","country_code":"bs"},"population":350,"osm_type":"node","osm_id":821924412,"type":"town","location":[-74.960639,23.0917159],"bbox":[-75.000639,23.0517159,-74.920639,23.1317159]}
{"name":"Current Village","display_name":"Current Village, The Bahamas","address":{"town":"Current Village","country":"The Bahamas","country_code":"bs"},"osm_type":"way","osm_id":678937229,"type":"administrative","location":[-76.78587716047035,25.41031055],"bbox":[-76.7902812,25.4035897,-76.7753917,25.4172611],"inferred_type":"town"}
{"name":"Eight Mile Rock","display_name":"Eight Mile Rock, West Grand Bahama, The Bahamas","address":{"town":"Eight Mile Rock","city":"West Grand Bahama","ISO3166-2-lvl8":"BS-WG","country":"The Bahamas","country_code":"bs"},"osm_type":"node","osm_id":9272496326,"type":"town","location":[-78.8063425,26.5409492],"bbox":[-78.8463425,26.5009492,-78.7663425,26.5809492]}
{"name":"Freetown","display_name":"Freetown, East Grand Bahama, The Bahamas","address":{"town":"Freetown","city":"East Grand Bahama","ISO3166-2-lvl8":"BS-EG","country":"The Bahamas","country_code":"bs"},"osm_type":"node","osm_id":2114994431,"type":"town","location":[-78.3573435,26.611684],"bbox":[-78.3973435,26.571684,-78.3173435,26.651684]}
{"name":"Governor's Harbour","other_names":{"name:en":"Governor's Harbour","name:hu":"Governor's Harbour"},"display_name":"Governor's Harbour, Central Eleuthera, The Bahamas","address":{"town":"Governor's Harbour","city":"Central Eleuthera","ISO3166-2-lvl8":"BS-CE","country":"The Bahamas","country_code":"bs"},"osm_type":"node","osm_id":1104474164,"type":"town","location":[-76.245336,25.1934774],"bbox":[-76.285336,25.1534774,-76.205336,25.2334774]}
{"name":"High Rock","display_name":"High Rock, East Grand Bahama, The Bahamas","address":{"town":"High Rock","city":"East Grand Bahama","ISO3166-2-lvl8":"BS-EG","country":"The Bahamas","country_code":"bs"},"osm_type":"node","osm_id":2114994435,"type":"town","location":[-78.2832236,26.6264927],"bbox":[-78.3232236,26.5864927,-78.2432236,26.6664927]}
{"name":"Hope Town","display_name":"Hope Town, The Bahamas","address":{"town":"Hope Town","ISO3166-2-lvl8":"BS-HT","country":"The Bahamas","country_code":"bs"},"osm_type":"node","osm_id":2086535750,"type":"town","location":[-76.9594379,26.5407116],"bbox":[-76.9994379,26.5007116,-76.9194379,26.5807116],"border":{"name":"Hope Town","other_names":{"name:en":"Hope Town","ISO3166-2":"BS-HT"},"display_name":"Hope Town, The Bahamas","address":{"town":"Hope Town","ISO3166-2-lvl8":"BS-HT","country":"The Bahamas","country_code":"bs"},"osm_type":"relation","osm_id":3776656,"type":"administrative","location":[-76.9594379,26.5407116],"bbox":[-77.21329,26.3942804,-76.7328066,26.9346207]}}
{"name":"Marsh Harbour","other_names":{"name:en":"Marsh Harbour","name:hu":"Marsh Harbour"},"display_name":"Marsh Harbour, Central Abaco, The Bahamas","address":{"town":"Marsh Harbour","city":"Central Abaco","ISO3166-2-lvl8":"BS-CO","country":"The Bahamas","country_code":"bs"},"osm_type":"node","osm_id":735463188,"type":"town","location":[-77.0610382,26.5382728],"bbox":[-77.1010382,26.4982728,-77.0210382,26.5782728]}
{"name":"Matthew Town","display_name":"Matthew Town, Inagua, The Bahamas","address":{"town":"Matthew Town","city":"Inagua","ISO3166-2-lvl8":"BS-IN","country":"The Bahamas","country_code":"bs"},"population":1000,"osm_type":"node","osm_id":815724850,"type":"town","location":[-73.6726951,20.9504006],"bbox":[-73.7126951,20.9104006,-73.6326951,20.9904006],"border":{"name":"Matthew Town","display_name":"Matthew Town, Inagua, The Bahamas","address":{"town":"Matthew Town","city":"Inagua","ISO3166-2-lvl8":"BS-IN","country":"The Bahamas","country_code":"bs"},"population":1000,"osm_type":"way","osm_id":49524001,"type":"town","location":[-73.6726951,20.9504006],"bbox":[-73.680929,20.9348072,-73.6667385,20.9699103]}}
{"name":"Nicholl's Town","display_name":"Nicholl's Town, North Andros, The Bahamas","address":{"town":"Nicholl's Town","city":"North Andros","ISO3166-2-lvl8":"BS-NS","country":"The Bahamas","country_code":"bs"},"osm_type":"node","osm_id":3524470893,"type":"town","location":[-78.0056989,25.142596],"bbox":[-78.0456989,25.102596,-77.9656989,25.182596]}
{"name":"Porgy Bay","display_name":"Porgy Bay, Bimini, The Bahamas","address":{"town":"Porgy Bay","archipelago":"Bimini","ISO3166-2-lvl8":"BS-BI","country":"The Bahamas","country_code":"bs"},"osm_type":"node","osm_id":3542060605,"type":"town","location":[-79.2889588,25.7403176],"bbox":[-79.3289588,25.7003176,-79.2489588,25.7803176]}
{"name":"Scrub Hill Settlement","display_name":"Scrub Hill Settlement, Long Island, The Bahamas","address":{"town":"Scrub Hill Settlement","city":"Long Island","ISO3166-2-lvl8":"BS-LI","country":"The Bahamas","country_code":"bs"},"osm_type":"node","osm_id":821908669,"type":"town","location":[-74.9663716,23.0987069],"bbox":[-75.0063716,23.0587069,-74.9263716,23.1387069]}
{"name":"Snug Corner Settlement","display_name":"Snug Corner Settlement, Acklins, The Bahamas","address":{"town":"Snug Corner Settlement","city":"Acklins","ISO3166-2-lvl8":"BS-AK","country":"The Bahamas","country_code":"bs"},"osm_type":"node","osm_id":820940842,"type":"town","location":[-73.8797054,22.552438],"bbox":[-73.9197054,22.512438,-73.8397054,22.592438]}
{"name":"Tarpum Bay","other_names":{"name:en":"Tarpum Bay","name:hu":"Tarpum Bay"},"display_name":"Tarpum Bay, South Eleuthera, The Bahamas","address":{"town":"Tarpum Bay","city":"South Eleuthera","ISO3166-2-lvl8":"BS-SE","country":"The Bahamas","country_code":"bs"},"osm_type":"node","osm_id":1104494515,"type":"town","location":[-76.1825135,24.9716817],"bbox":[-76.2225135,24.9316817,-76.1425135,25.0116817]}
{"name":"Treasure Cay","display_name":"Treasure Cay, North Abaco, The Bahamas","address":{"town":"Treasure Cay","city":"North Abaco","ISO3166-2-lvl8":"BS-NO","country":"The Bahamas","country_code":"bs"},"osm_type":"node","osm_id":735472484,"type":"town","location":[-77.2895287,26.6774884],"bbox":[-77.3295287,26.6374884,-77.2495287,26.7174884]}
{"name":"West End","display_name":"West End, West Grand Bahama, The Bahamas","address":{"town":"West End","city":"West Grand Bahama","ISO3166-2-lvl8":"BS-WG","country":"The Bahamas","country_code":"bs"},"osm_type":"node","osm_id":9272496395,"type":"town","location":[-78.9647591,26.6850232],"bbox":[-79.0047591,26.6450232,-78.9247591,26.7250232]}
