{"name":"Alice Town","display_name":"Alice Town, Central Eleuthera, The Bahamas","address":{"village":"Alice Town","city":"Central Eleuthera","ISO3166-2-lvl8":"BS-CE","country":"The Bahamas","country_code":"bs"},"osm_type":"node","osm_id":9569408282,"type":"village","location":[-76.4848097,25.3509316],"bbox":[-76.5048097,25.3309316,-76.4648097,25.3709316]}
{"name":"Andros Town","display_name":"Andros Town, North Andros, The Bahamas","address":{"village":"Andros Town","city":"North Andros","ISO3166-2-lvl8":"BS-NS","country":"The Bahamas","country_code":"bs"},"osm_type":"node","osm_id":1467586459,"type":"village","location":[-77.7888399,24.7279213],"bbox":[-77.8088399,24.7079213,-77.7688399,24.7479213]}
{"name":"Bannerman Town","display_name":"Bannerman Town, South Eleuthera, The Bahamas","address":{"village":"Bannerman Town","city":"South Eleuthera","ISO3166-2-lvl8":"BS-SE","country":"The Bahamas","country_code":"bs"},"osm_type":"node","osm_id":4085831762,"type":"village","location":[-76.1717291,24.6528161],"bbox":[-76.1917291,24.6328161,-76.1517291,24.6728161]}
{"name":"Black Point","display_name":"Black Point, The Bahamas","address":{"village":"Black Point","ISO3166-2-lvl8":"BS-BP","country":"The Bahamas","country_code":"bs"},"osm_type":"node","osm_id":8336088284,"type":"village","location":[-76.4022591,24.0962598],"bbox":[-76.4222591,24.0762598,-76.3822591,24.1162598],"border":{"name":"Black Point","other_names":{"name:en":"Black Point","ISO3166-2":"BS-BP"},"display_name":"Black Point, The Bahamas","address":{"village":"Black Point","ISO3166-2-lvl8":"BS-BP","country":"The Bahamas","country_code":"bs"},"osm_type":"relation","osm_id":3776646,"type":"administrative","location":[-76.4022591,24.0962598],"bbox":[-76.4346424,24.0581228,-76.3690214,24.1080634]}}
{"name":"Bluff","display_name":"Bluff, The Bahamas","address":{"village":"Bluff","country":"The Bahamas","country_code":"bs"},"osm_type":"way","osm_id":678957165,"type":"administrative","location":[-76.7429847257663,25.48980685],"bbox":[-76.7499123,25.4846243,-76.7377669,25.494928],"inferred_type":"village"}
{"name":"Buccaneer","display_name":"Buccaneer, Bimini, The Bahamas","address":{"village":"Buccaneer","archipelago":"Bimini","ISO3166-2-lvl8":"BS-BI","country":"The Bahamas","country_code":"bs"},"osm_type":"node","osm_id":8336081403,"type":"village","location":[-79.2979085,25.7160528],"bbox":[-79.3179085,25.6960528,-79.2779085,25.7360528]}
{"name":"Cockburn Town","display_name":"Cockburn Town, San Salvador, The Bahamas","address":{"village":"Cockburn Town","city":"San Salvador","ISO3166-2-lvl8":"BS-SS","country":"The Bahamas","country_code":"bs"},"population":3720,"osm_type":"node","osm_id":2703967872,"type":"village","location":[-74.5282089,24.0515978],"bbox":[-74.5482089,24.0315978,-74.5082089,24.0715978]}
{"name":"Congo Town","display_name":"Congo Town, South Andros, The Bahamas","address":{"village":"Congo Town","city":"South Andros","ISO3166-2-lvl8":"BS-SA","country":"The Bahamas","country_code":"bs"},"osm_type":"node","osm_id":4317717551,"type":"village","location":[-77.5832337,24.163518],"bbox":[-77.6032337,24.143518,-77.5632337,24.183518]}
{"name":"Coopers Town","display_name":"Coopers Town, North Abaco, The Bahamas","address":{"village":"Coopers Town","city":"North Abaco","ISO3166-2-lvl8":"BS-NO","country":"The Bahamas","country_code":"bs"},"population":676,"osm_type":"node","osm_id":9569487904,"type":"village","location":[-77.5135737,26.8725797],"bbox":[-77.5335737,26.8525797,-77.4935737,26.8925797]}
{"name":"Crown Haven","display_name":"Crown Haven, North Abaco, The Bahamas","address":{"village":"Crown Haven","city":"North Abaco","ISO3166-2-lvl8":"BS-NO","country":"The Bahamas","country_code":"bs"},"population":210,"osm_type":"node","osm_id":6776509142,"type":"village","location":[-77.8170859,26.9121993],"bbox":[-77.8370859,26.8921993,-77.7970859,26.9321993]}
{"name":"Delancey Town","display_name":"Delancey Town, South Eleuthera, The Bahamas","address":{"village":"Delancey Town","city":"South Eleuthera","ISO3166-2-lvl8":"BS-SE","country":"The Bahamas","country_code":"bs"},"osm_type":"node","osm_id":4132032708,"type":"village","location":[-76.2767582,24.7763914],"bbox":[-76.2967582,24.7563914,-76.2567582,24.7963914]}
{"name":"Double Bay","display_name":"Double Bay, Central Eleuthera, The Bahamas","address":{"village":"Double Bay","city":"Central Eleuthera","ISO3166-2-lvl8":"BS-CE","country":"The Bahamas","country_code":"bs"},"osm_type":"node","osm_id":9569345067,"type":"village","location":[-76.1316424,25.1374384],"bbox":[-76.1516424,25.1174384,-76.1116424,25.1574384]}
{"name":"Dunmore Town","display_name":"Dunmore Town, Harbour Island, The Bahamas","address":{"village":"Dunmore Town","city":"Harbour Island","ISO3166-2-lvl8":"BS-HI","country":"The Bahamas","country_code":"bs"},"osm_type":"node","osm_id":4132038316,"type":"village","location":[-76.6357341,25.4990204],"bbox":[-76.6557341,25.4790204,-76.6157341,25.5190204],"border":{"name":"Dunmore Town","display_name":"Dunmore Town, Harbour Island, The Bahamas","address":{"subdivision":"Dunmore Town","city":"Harbour Island","ISO3166-2-lvl8":"BS-HI","country":"The Bahamas","country_code":"bs"},"osm_type":"way","osm_id":113718889,"type":"administrative","location":[-76.63459111993735,25.4979134],"bbox":[-76.6396121,25.4887147,-76.6311186,25.5070234]}}
{"name":"Foxtown","display_name":"Foxtown, North Abaco, The Bahamas","address":{"village":"Foxtown","city":"North Abaco","ISO3166-2-lvl8":"BS-NO","country":"The Bahamas","country_code":"bs"},"population":242,"osm_type":"node","osm_id":3445285603,"type":"village","location":[-77.7906229,26.9197486],"bbox":[-77.8106229,26.8997486,-77.7706229,26.9397486]}
{"name":"Green Castle","display_name":"Green Castle, South Eleuthera, The Bahamas","address":{"village":"Green Castle","city":"South Eleuthera","ISO3166-2-lvl8":"BS-SE","country":"The Bahamas","country_code":"bs"},"osm_type":"node","osm_id":4131959008,"type":"village","location":[-76.2154673,24.7766804],"bbox":[-76.2354673,24.7566804,-76.1954673,24.7966804]}
{"name":"Gregory Town","display_name":"Gregory Town, Central Eleuthera, The Bahamas","address":{"village":"Gregory Town","city":"Central Eleuthera","ISO3166-2-lvl8":"BS-CE","country":"The Bahamas","country_code":"bs"},"osm_type":"node","osm_id":4083461508,"type":"village","location":[-76.5561942,25.3919609],"bbox":[-76.5761942,25.3719609,-76.5361942,25.4119609]}
{"name":"Hatchet Bay","display_name":"Hatchet Bay, Central Eleuthera, The Bahamas","address":{"village":"Hatchet Bay","city":"Central Eleuthera","ISO3166-2-lvl8":"BS-CE","country":"The Bahamas","country_code":"bs"},"osm_type":"node","osm_id":4083461507,"type":"village","location":[-76.4831922,25.3503498],"bbox":[-76.5031922,25.3303498,-76.4631922,25.3703498]}
{"name":"James Cistern","display_name":"James Cistern, Central Eleuthera, The Bahamas","address":{"village":"James Cistern","city":"Central Eleuthera","ISO3166-2-lvl8":"BS-CE","country":"The Bahamas","country_code":"bs"},"osm_type":"node","osm_id":4083225802,"type":"village","location":[-76.3654914,25.3264162],"bbox":[-76.3854914,25.3064162,-76.3454914,25.3464162]}
{"name":"Kemps Bay","display_name":"Kemps Bay, South Andros, The Bahamas","address":{"village":"Kemps Bay","city":"South Andros","ISO3166-2-lvl8":"BS-SA","country":"The Bahamas","country_code":"bs"},"population":273,"osm_type":"node","osm_id":9569281664,"type":"village","location":[-77.5485933,24.0946811],"bbox":[-77.5685933,24.0746811,-77.5285933,24.1146811]}
{"name":"Lowe Sound","display_name":"Lowe Sound, North Andros, The Bahamas","address":{"village":"Lowe Sound","city":"North Andros","ISO3166-2-lvl8":"BS-NS","country":"The Bahamas","country_code":"bs"},"population":712,"osm_type":"node","osm_id":12410329085,"type":"village","location":[-78.0522287,25.1451972],"bbox":[-78.0722287,25.1251972,-78.0322287,25.1651972]}
{"name":"Lower Bogue","display_name":"Lower Bogue, The Bahamas","address":{"village":"Lower Bogue","country":"The Bahamas","country_code":"bs"},"osm_type":"way","osm_id":678940184,"type":"administrative","location":[-76.70564020429816,25.4568518],"bbox":[-76.7106822,25.4471598,-76.7003603,25.4646306],"inferred_type":"village"}
{"name":"Lucaya","display_name":"Lucaya, City of Freeport, The Bahamas","address":{"village":"Lucaya","city":"City of Freeport","ISO3166-2-lvl8":"BS-FP","country":"The Bahamas","country_code":"bs"},"osm_type":"node","osm_id":4119216605,"type":"village","location":[-78.6597359,26.5237636],"bbox":[-78.6797359,26.5037636,-78.6397359,26.5437636]}
{"name":"Moxey Town","other_names":{"name:en":"Moxey Town","alt_name":"Little Harbour"},"display_name":"Moxey Town, Mangrove Cay, The Bahamas","address":{"village":"Moxey Town","city":"Mangrove Cay","ISO3166-2-lvl8":"BS-MC","country":"The Bahamas","country_code":"bs"},"osm_type":"node","osm_id":12410295694,"type":"village","location":[-77.6777382,24.2977343],"bbox":[-77.6977382,24.2777343,-77.6577382,24.3177343]}
{"name":"New Plymouth","display_name":"New Plymouth, Green Turtle Cay, The Bahamas","address":{"village":"New Plymouth","city":"Green Turtle Cay","country":"The Bahamas","country_code":"bs"},"osm_type":"node","osm_id":1957334632,"type":"village","location":[-77.3291674,26.7583146],"bbox":[-77.3491674,26.7383146,-77.3091674,26.7783146]}
{"name":"North End","display_name":"North End, Hope Town, The Bahamas","address":{"village":"North End","town":"Hope Town","ISO3166-2-lvl8":"BS-HT","country":"The Bahamas","country_code":"bs"},"osm_type":"node","osm_id":2089828293,"type":"village","location":[-76.9600131,26.55396],"bbox":[-76.9800131,26.53396,-76.9400131,26.57396]}
{"name":"North Palmetto Point","display_name":"North Palmetto Point, Central Eleuthera, The Bahamas","address":{"village":"North Palmetto Point","city":"Central Eleuthera","ISO3166-2-lvl8":"BS-CE","country":"The Bahamas","country_code":"bs"},"osm_type":"node","osm_id":1104474403,"type":"village","location":[-76.1760414,25.1667345],"bbox":[-76.1960414,25.1467345,-76.1560414,25.1867345]}
{"name":"Pitts Town","display_name":"Pitts Town, Crooked Island and Long Cay, The Bahamas","address":{"village":"Pitts Town","city":"Crooked Island and Long Cay","ISO3166-2-lvl8":"BS-CK","country":"The Bahamas","country_code":"bs"},"osm_type":"node","osm_id":820942561,"type":"village","location":[-74.3427926,22.8312553],"bbox":[-74.3627926,22.8112553,-74.3227926,22.8512553]}
{"name":"Port Nelson","display_name":"Port Nelson, Rum Cay, The Bahamas","address":{"village":"Port Nelson","city":"Rum Cay","ISO3166-2-lvl8":"BS-RC","country":"The Bahamas","country_code":"bs"},"osm_type":"node","osm_id":821907853,"type":"village","location":[-74.8413646,23.6501327],"bbox":[-74.8613646,23.6301327,-74.8213646,23.6701327]}
{"name":"Rainbow Bay","display_name":"Rainbow Bay, Central Eleuthera, The Bahamas","address":{"village":"Rainbow Bay","city":"Central Eleuthera","ISO3166-2-lvl8":"BS-CE","country":"The Bahamas","country_code":"bs"},"osm_type":"node","osm_id":4130864500,"type":"village","location":[-76.4299592,25.3358662],"bbox":[-76.4499592,25.3158662,-76.4099592,25.3558662]}
{"name":"Rock Sound","display_name":"Rock Sound, South Eleuthera, The Bahamas","address":{"village":"Rock Sound","city":"South Eleuthera","ISO3166-2-lvl8":"BS-SE","country":"The Bahamas","country_code":"bs"},"osm_type":"node","osm_id":1104494534,"type":"village","location":[-76.1584835,24.8644542],"bbox":[-76.1784835,24.8444542,-76.1384835,24.8844542]}
{"name":"Rolletown","display_name":"Rolletown, Exuma, The Bahamas","address":{"village":"Rolletown","city":"Exuma","ISO3166-2-lvl8":"BS-EX","country":"The Bahamas","country_code":"bs"},"osm_type":"node","osm_id":8642181751,"type":"village","location":[-75.7044268,23.4633862],"bbox":[-75.7244268,23.4433862,-75.6844268,23.4833862]}
{"name":"Salt Pond","display_name":"Salt Pond, Long Island, The Bahamas","address":{"village":"Salt Pond","city":"Long Island","ISO3166-2-lvl8":"BS-LI","country":"The Bahamas","country_code":"bs"},"population":98,"osm_type":"node","osm_id":9569367036,"type":"village","location":[-75.1242639,23.3450237],"bbox":[-75.1442639,23.3250237,-75.1042639,23.3650237]}
{"name":"San Andros","display_name":"San Andros, North Andros, The Bahamas","address":{"village":"San Andros","city":"North Andros","ISO3166-2-lvl8":"BS-NS","country":"The Bahamas","country_code":"bs"},"osm_type":"node","osm_id":9569309796,"type":"village","location":[-78.0415967,25.0545016],"bbox":[-78.0615967,25.0345016,-78.0215967,25.0745016]}
{"name":"Savannah Sound","display_name":"Savannah Sound, Central Eleuthera, The Bahamas","address":{"village":"Savannah Sound","city":"Central Eleuthera","ISO3166-2-lvl8":"BS-CE","country":"The Bahamas","country_code":"bs"},"osm_type":"node","osm_id":1104494396,"type":"village","location":[-76.1305518,25.0864501],"bbox":[-76.1505518,25.0664501,-76.1105518,25.1064501]}
{"name":"Seymours Settlement","display_name":"Seymours Settlement, Long Island, The Bahamas","address":{"village":"Seymours Settlement","city":"Long Island","ISO3166-2-lvl8":"BS-LI","country":"The Bahamas","country_code":"bs"},"osm_type":"node","osm_id":821908799,"type":"village","location":[-75.324212,23.6647517],"bbox":[-75.344212,23.6447517,-75.304212,23.6847517]}
{"name":"Stella Maris","display_name":"Stella Maris, Long Island, The Bahamas","address":{"village":"Stella Maris","city":"Long Island","ISO3166-2-lvl8":"BS-LI","country":"The Bahamas","country_code":"bs"},"osm_type":"node","osm_id":821908439,"type":"village","location":[-75.2622218,23.5747346],"bbox":[-75.2822218,23.5547346,-75.2422218,23.5947346]}
{"name":"Tarpum Head","display_name":"Tarpum Head, South Eleuthera, The Bahamas","address":{"village":"Tarpum Head","city":"South Eleuthera","ISO3166-2-lvl8":"BS-SE","country":"The Bahamas","country_code":"bs"},"osm_type":"node","osm_id":6848777492,"type":"village","location":[-76.1824162,24.9078435],"bbox":[-76.2024162,24.8878435,-76.1624162,24.9278435]}
{"name":"Upper Bogue","display_name":"Upper Bogue, The Bahamas","address":{"village":"Upper Bogue","country":"The Bahamas","country_code":"bs"},"osm_type":"way","osm_id":678940185,"type":"administrative","location":[-76.66776578288452,25.44849955],"bbox":[-76.6841714,25.4407738,-76.6492393,25.4560741],"inferred_type":"village"}
{"name":"Wemyss Bight","display_name":"Wemyss Bight, South Eleuthera, The Bahamas","address":{"village":"Wemyss Bight","city":"South Eleuthera","ISO3166-2-lvl8":"BS-SE","country":"The Bahamas","country_code":"bs"},"osm_type":"node","osm_id":1104494489,"type":"village","location":[-76.2177485,24.7356082],"bbox":[-76.2377485,24.7156082,-76.1977485,24.7556082]}
