{"name":"Alto Dondo","display_name":"Alto Dondo, Cuanza Norte, Angola","address":{"town":"Alto Dondo","state":"Cuanza Norte","ISO3166-2-lvl4":"AO-CNO","country":"Angola","country_code":"ao"},"osm_type":"node","osm_id":2341799160,"type":"town","location":[14.4723581,-9.6791542],"bbox":[14.4323581,-9.7191542,14.5123581,-9.6391542]}
{"name":"Alto Hama","display_name":"Alto Hama, Huambo, Angola","address":{"town":"Alto Hama","state":"Huambo","ISO3166-2-lvl4":"AO-HUA","country":"Angola","country_code":"ao"},"osm_type":"node","osm_id":881498986,"type":"town","location":[15.5501418,-12.2223547],"bbox":[15.5101418,-12.2623547,15.5901418,-12.1823547]}
{"name":"Ambriz","other_names":{"name:el":"Αμπρίζ","name:pt":"Ambriz","alt_name":"Ambris"},"display_name":"Ambriz, Bengo, Angola","address":{"town":"Ambriz","state":"Bengo","ISO3166-2-lvl4":"AO-BGO","country":"Angola","country_code":"ao"},"osm_type":"node","osm_id":2124653703,"type":"town","location":[13.106493,-7.844312],"bbox":[13.066493,-7.884312,13.146493,-7.804312]}
{"name":"Andulo","other_names":{"name:pt":"Andulo","alt_name":"Caunde;Vila Macedo de Cavaleiros"},"display_name":"Andulo, Bié, Angola","address":{"town":"Andulo","state":"Bié","ISO3166-2-lvl4":"AO-BIE","country":"Angola","country_code":"ao"},"osm_type":"node","osm_id":668140647,"type":"town","location":[16.6979384,-11.4872704],"bbox":[16.6579384,-11.5272704,16.7379384,-11.4472704]}
{"name":"Bailundo","other_names":{"name:pt":"Bailundo","alt_name":"Bailundo Fort;Teixeira da Silva;Vila Teixeira da Silva"},"display_name":"Bailundo, Huambo, Angola","address":{"town":"Bailundo","state":"Huambo","ISO3166-2-lvl4":"AO-HUA","country":"Angola","country_code":"ao"},"osm_type":"node","osm_id":2130509845,"type":"town","location":[15.8609227,-12.1921556],"bbox":[15.8209227,-12.2321556,15.9009227,-12.1521556]}
{"name":"Balombo","other_names":{"name:pt":"Balombo","alt_name":"Norton de Matos;Vila Norton de Matos"},"display_name":"Balombo, Benguela, Angola","address":{"town":"Balombo","state":"Benguela","ISO3166-2-lvl4":"AO-BGU","country":"Angola","country_code":"ao"},"osm_type":"node","osm_id":2142739938,"type":"town","location":[14.7722982,-12.354158],"bbox":[14.7322982,-12.394158,14.8122982,-12.314158],"border":{"name":"Balombo","other_names":{"name:pt":"Balombo","alt_name":"Norton de Matos;Vila Norton de Matos"},"display_name":"Balombo, Benguela, Angola","address":{"town":"Balombo","state":"Benguela","ISO3166-2-lvl4":"AO-BGU","country":"Angola","country_code":"ao"},"osm_type":"way","osm_id":206369625,"type":"town","location":[14.7722982,-12.354158],"bbox":[14.7594994,-12.3629177,14.7942885,-12.344679]}}
{"name":"Bembe","display_name":"Bembe, Uíge, Angola","address":{"town":"Bembe","state":"Uíge","ISO3166-2-lvl4":"AO-UIG","country":"Angola","country_code":"ao"},"osm_type":"node","osm_id":12022782365,"type":"town","location":[14.3062699,-7.0292358],"bbox":[14.2662699,-7.0692358,14.3462699,-6.9892358]}
{"display_name":"Benguela, Angola","address":{"state":"Benguela","ISO3166-2-lvl4":"AO-BGU","country":"Angola","country_code":"ao"},"osm_type":"node","osm_id":5464962040,"type":"town","location":[13.7057666,-12.2541595],"bbox":[13.6657666,-12.2941595,13.7457666,-12.2141595]}
{"name":"Bibala","other_names":{"name:pt":"Bibala","old_name":"Vila Arriaga;Villa Arriaga;Vista Alegre","short_name":"AONBE150301"},"display_name":"Bibala, Namibe, Angola","address":{"town":"Bibala","state":"Namibe","ISO3166-2-lvl4":"AO-NAM","country":"Angola","country_code":"ao"},"population":57000,"osm_type":"node","osm_id":1088429635,"type":"town","location":[13.3541294,-14.7603106],"bbox":[13.3141294,-14.8003106,13.3941294,-14.7203106]}
{"display_name":"Bié, Angola","address":{"state":"Bié","ISO3166-2-lvl4":"AO-BIE","country":"Angola","country_code":"ao"},"osm_type":"node","osm_id":11983688225,"type":"town","location":[17.3656136,-13.5074893],"bbox":[17.3256136,-13.5474893,17.4056136,-13.4674893]}
{"name":"Bocoio","display_name":"Bocoio, Benguela, Angola","address":{"town":"Bocoio","state":"Benguela","ISO3166-2-lvl4":"AO-BGU","country":"Angola","country_code":"ao"},"osm_type":"node","osm_id":2148656785,"type":"town","location":[14.1370622,-12.4690414],"bbox":[14.0970622,-12.5090414,14.1770622,-12.4290414]}
{"name":"Buela","display_name":"Buela, Zaire, Angola","address":{"town":"Buela","state":"Zaire","ISO3166-2-lvl4":"AO-ZAI","country":"Angola","country_code":"ao"},"osm_type":"node","osm_id":1737950971,"type":"town","location":[14.5503923,-5.9180592],"bbox":[14.5103923,-5.9580592,14.5903923,-5.8780592]}
{"name":"Bundas","display_name":"Bundas, Moxico, Angola","address":{"town":"Bundas","state":"Moxico","ISO3166-2-lvl4":"AO-MOX","country":"Angola","country_code":"ao"},"osm_type":"node","osm_id":6046294266,"type":"town","location":[21.4354383,-14.1118701],"bbox":[21.3954383,-14.1518701,21.4754383,-14.0718701]}
{"name":"Bungo","other_names":{"name:el":"Μπούνγκο","name:pt":"Bungo"},"display_name":"Bungo, Uíge, Angola","address":{"town":"Bungo","state":"Uíge","ISO3166-2-lvl4":"AO-UIG","country":"Angola","country_code":"ao"},"osm_type":"node","osm_id":3320051361,"type":"town","location":[15.386667,-7.44],"bbox":[15.346667,-7.48,15.426667,-7.4]}
{"name":"Caála","other_names":{"name:pt":"Caála","alt_name":"Cahala;Kaala;Roberto Williams;Robert Williams;Vila Robert Williams"},"display_name":"Caála, Huambo, Angola","address":{"town":"Caála","state":"Huambo","ISO3166-2-lvl4":"AO-HUA","country":"Angola","country_code":"ao"},"osm_type":"node","osm_id":1092272523,"type":"town","location":[15.5581893,-12.8484131],"bbox":[15.5181893,-12.8884131,15.5981893,-12.8084131]}
{"name":"Cachoeira","other_names":{"name:de":"Cachoeira","name:en":"Cachoeira","name:es":"Cachoeira","name:fr":"Cachoeira","name:it":"Cachoeira","name:nl":"Cachoeira","name:pl":"Cachoeira","name:pt":"Cachoeira","name:ru":"Качойра"},"display_name":"Cachoeira, Cuanza Sul, Angola","address":{"town":"Cachoeira","state":"Cuanza Sul","ISO3166-2-lvl4":"AO-CUS","country":"Angola","country_code":"ao"},"osm_type":"node","osm_id":5366314817,"type":"town","location":[14.0966392,-10.9834583],"bbox":[14.0566392,-11.0234583,14.1366392,-10.9434583]}
{"name":"Caconda","other_names":{"alt_name":"Kakonda"},"display_name":"Caconda, Huíla, Angola","address":{"town":"Caconda","state":"Huíla","ISO3166-2-lvl4":"AO-HUI","country":"Angola","country_code":"ao"},"population":186098,"osm_type":"node","osm_id":2116937544,"type":"town","location":[15.0619677,-13.7388452],"bbox":[15.0219677,-13.7788452,15.1019677,-13.6988452],"border":{"name":"Caconda","other_names":{"name:pt":"Caconda","official_name":"Município da Caconda","alt_name":"Kakonda"},"display_name":"Caconda, Huíla, Angola","address":{"town":"Caconda","state":"Huíla","ISO3166-2-lvl4":"AO-HUI","country":"Angola","country_code":"ao"},"population":186098,"osm_type":"relation","osm_id":11162249,"type":"administrative","location":[15.0619677,-13.7388452],"bbox":[14.7240231,-14.1250846,15.538165,-13.3836107]}}
{"name":"Cacongo","other_names":{"name:pt":"Cacongo","alt_name":"Cacongo;Lândana;Malemba;Molembo","old_name":"Guilherme Capelo;Lândana"},"display_name":"Cacongo, Cabinda, Angola","address":{"town":"Cacongo","state":"Cabinda","ISO3166-2-lvl4":"AO-CAB","country":"Angola","country_code":"ao"},"osm_type":"node","osm_id":287872025,"type":"town","location":[12.1413085,-5.2214872],"bbox":[12.1013085,-5.2614872,12.1813085,-5.1814872]}
{"name":"Cacuaco","other_names":{"name:el":"Κακουάκο","name:pt":"Cacuaco"},"display_name":"Cacuaco, Município do Cacuaco, Luanda, Angola","address":{"town":"Cacuaco","county":"Município do Cacuaco","state":"Luanda","ISO3166-2-lvl4":"AO-LUA","country":"Angola","country_code":"ao"},"osm_type":"node","osm_id":769948081,"type":"town","location":[13.3701655,-8.7771098],"bbox":[13.3301655,-8.8171098,13.4101655,-8.7371098],"border":{"name":"Município do Cacuaco","other_names":{"name:de":"Gemeinde Cacuaco","name:en":"Cacuaco Municipality","name:es":"Municipio del Cacuaco","name:fr":"Cacuaco","name:it":"Municipio di Cacuaco","name:nl":"Gemeente Cacuaco","name:pl":"Gmina Cacuaco","name:pt":"Município do Cacuaco","name:ru":"Муниципалитет Какуако"},"display_name":"Município do Cacuaco, Luanda, Angola","address":{"county":"Município do Cacuaco","state":"Luanda","ISO3166-2-lvl4":"AO-LUA","country":"Angola","country_code":"ao"},"osm_type":"relation","osm_id":11704232,"type":"administrative","location":[13.433754417033436,-8.828238299999999],"bbox":[13.3029708,-8.9136923,13.6165917,-8.7427805]}}
{"name":"Cacula","display_name":"Cacula, Lubango, Huíla, Angola","address":{"town":"Cacula","city":"Lubango","state":"Huíla","ISO3166-2-lvl4":"AO-HUI","country":"Angola","country_code":"ao"},"population":174693,"osm_type":"node","osm_id":881439559,"type":"town","location":[14.1190538,-14.4927771],"bbox":[14.0790538,-14.5327771,14.1590538,-14.4527771]}
{"name":"Caculama","display_name":"Caculama, Malanje, Angola","address":{"town":"Caculama","state":"Malanje","ISO3166-2-lvl4":"AO-MAL","country":"Angola","country_code":"ao"},"osm_type":"node","osm_id":2760116391,"type":"town","location":[16.8525229,-9.4847681],"bbox":[16.8125229,-9.5247681,16.8925229,-9.4447681]}
{"name":"Cacuso","display_name":"Cacuso, Cacuso - Cacuso, Malanje, Angola","address":{"town":"Cacuso","county":"Cacuso - Cacuso","state":"Malanje","ISO3166-2-lvl4":"AO-MAL","country":"Angola","country_code":"ao"},"osm_type":"node","osm_id":2204297745,"type":"town","location":[15.7406734,-9.4220284],"bbox":[15.7006734,-9.4620284,15.7806734,-9.3820284]}
{"name":"Cadá","other_names":{"name:pt":"Boa Entrada"},"display_name":"Cadá, Cuanza Sul, Angola","address":{"town":"Cadá","state":"Cuanza Sul","ISO3166-2-lvl4":"AO-CUS","country":"Angola","country_code":"ao"},"osm_type":"node","osm_id":5366955220,"type":"town","location":[14.3287334,-10.8641796],"bbox":[14.2887334,-10.9041796,14.3687334,-10.8241796]}
{"name":"Cáfu","display_name":"Cáfu, Malanje, Angola","address":{"town":"Cáfu","state":"Malanje","ISO3166-2-lvl4":"AO-MAL","country":"Angola","country_code":"ao"},"osm_type":"node","osm_id":12149790730,"type":"town","location":[17.5344425,-8.6156015],"bbox":[17.4944425,-8.6556015,17.5744425,-8.5756015]}
{"name":"Cafunfo","display_name":"Cafunfo, Lunda Norte, Angola","address":{"town":"Cafunfo","state":"Lunda Norte","ISO3166-2-lvl4":"AO-LNO","country":"Angola","country_code":"ao"},"osm_type":"node","osm_id":668026961,"type":"town","location":[18.0014181,-8.7676566],"bbox":[17.9614181,-8.8076566,18.0414181,-8.7276566]}
{"name":"Cahama","other_names":{"name:pt":"Cahama","alt_name":"Kahama"},"display_name":"Cahama, Cunene, Angola","address":{"town":"Cahama","state":"Cunene","ISO3166-2-lvl4":"AO-CNN","country":"Angola","country_code":"ao"},"osm_type":"node","osm_id":331391618,"type":"town","location":[14.3025097,-16.2827917],"bbox":[14.2625097,-16.3227917,14.3425097,-16.2427917]}
{"name":"Calai","display_name":"Calai, Cuando Cubango, Angola","address":{"town":"Calai","state":"Cuando Cubango","ISO3166-2-lvl4":"AO-CCU","country":"Angola","country_code":"ao"},"osm_type":"node","osm_id":2097749610,"type":"town","location":[19.7702528,-17.8878973],"bbox":[19.7302528,-17.9278973,19.8102528,-17.8478973]}
{"name":"Calandala","display_name":"Calandala, Xá-Muteba, Lunda Norte, Angola","address":{"town":"Calandala","state":"Lunda Norte","ISO3166-2-lvl4":"AO-LNO","country":"Angola","country_code":"ao"},"osm_type":"node","osm_id":5534057282,"type":"town","location":[17.9966335,-9.1652325],"bbox":[17.9566335,-9.2052325,18.0366335,-9.1252325]}
{"name":"Calandula","other_names":{"alt_name":"Kalandula","old_name":"Duque de Bragança"},"display_name":"Calandula, Malanje, Angola","address":{"town":"Calandula","state":"Malanje","ISO3166-2-lvl4":"AO-MAL","country":"Angola","country_code":"ao"},"osm_type":"node","osm_id":7947648254,"type":"town","location":[15.9570919,-9.0894697],"bbox":[15.9170919,-9.1294697,15.9970919,-9.0494697],"border":{"name":"Calandula","other_names":{"name:pt":"Calandula","alt_name":"Kalandula","old_name":"Duque de Bragança"},"display_name":"Calandula, Malanje, Angola","address":{"town":"Calandula","state":"Malanje","ISO3166-2-lvl4":"AO-MAL","country":"Angola","country_code":"ao"},"osm_type":"relation","osm_id":2822141,"type":"administrative","location":[15.9570919,-9.0894697],"bbox":[15.8172857,-9.136145,16.176576,-8.667815]}}
{"name":"Calonda","display_name":"Calonda, Lunda Norte, Angola","address":{"town":"Calonda","state":"Lunda Norte","ISO3166-2-lvl4":"AO-LNO","country":"Angola","country_code":"ao"},"osm_type":"node","osm_id":1717934134,"type":"town","location":[20.550796,-8.4684486],"bbox":[20.510796,-8.5084486,20.590796,-8.4284486]}
{"name":"Caluango","display_name":"Caluango, Lunda Norte, Angola","address":{"town":"Caluango","state":"Lunda Norte","ISO3166-2-lvl4":"AO-LNO","country":"Angola","country_code":"ao"},"osm_type":"node","osm_id":1729391041,"type":"town","location":[19.6999398,-8.2678751],"bbox":[19.6599398,-8.3078751,19.7399398,-8.2278751]}
{"name":"Calucinga","other_names":{"name:pt":"Calucinga","alt_name":"Kalucinga"},"display_name":"Calucinga, Bié, Angola","address":{"town":"Calucinga","state":"Bié","ISO3166-2-lvl4":"AO-BIE","country":"Angola","country_code":"ao"},"osm_type":"node","osm_id":9661377413,"type":"town","location":[16.1951351,-11.3248557],"bbox":[16.1551351,-11.3648557,16.2351351,-11.2848557]}
{"name":"Calulo","display_name":"Calulo, Cuanza Sul, Angola","address":{"town":"Calulo","state":"Cuanza Sul","ISO3166-2-lvl4":"AO-CUS","country":"Angola","country_code":"ao"},"osm_type":"node","osm_id":3081534016,"type":"town","location":[14.8935447,-9.9999443],"bbox":[14.8535447,-10.0399443,14.9335447,-9.9599443],"border":{"name":"Calulo","display_name":"Calulo, Cuanza Sul, Angola","address":{"town":"Calulo","state":"Cuanza Sul","ISO3166-2-lvl4":"AO-CUS","country":"Angola","country_code":"ao"},"osm_type":"way","osm_id":496950647,"type":"town","location":[14.8935447,-9.9999443],"bbox":[14.8842342,-10.0153849,14.9109241,-9.9887224]}}
{"name":"Caluquembe","other_names":{"alt_name":"Caluquemo;Kalukembe;Caluquembo","short_name":"AOHLA160901"},"display_name":"Caluquembe, Huíla, Angola","address":{"town":"Caluquembe","state":"Huíla","ISO3166-2-lvl4":"AO-HUI","country":"Angola","country_code":"ao"},"population":229509,"osm_type":"node","osm_id":2127341181,"type":"town","location":[14.6887021,-13.7871187],"bbox":[14.6487021,-13.8271187,14.7287021,-13.7471187],"border":{"name":"Caluquembe","other_names":{"name:pt":"Caluquembe","official_name":"Município de Caluquembe","alt_name":"Caluquemo;Kalukembe;Caluquembo","short_name":"AOHLA160901"},"display_name":"Caluquembe, Huíla, Angola","address":{"town":"Caluquembe","state":"Huíla","ISO3166-2-lvl4":"AO-HUI","country":"Angola","country_code":"ao"},"population":229509,"osm_type":"relation","osm_id":11162246,"type":"administrative","location":[14.6887021,-13.7871187],"bbox":[14.2398318,-14.5482764,14.8656654,-13.5541335]}}
{"name":"Camabatela","other_names":{"name:pt":"Camabatela","alt_name":"Kamabatela","old_name":"Mufongo"},"display_name":"Camabatela, Cuanza Norte, Angola","address":{"town":"Camabatela","state":"Cuanza Norte","ISO3166-2-lvl4":"AO-CNO","country":"Angola","country_code":"ao"},"osm_type":"node","osm_id":2051146926,"type":"town","location":[15.3742111,-8.188669],"bbox":[15.3342111,-8.228669,15.4142111,-8.148669]}
{"name":"Camacupa","other_names":{"name:de":"Camacupa","name:en":"Camacupa","name:es":"Camacupa","name:fr":"Camacupa","name:it":"Camacupa","name:nl":"Camacupa","name:pl":"Camacupa","name:pt":"Camacupa","name:ru":"Камакупа","alt_name":"Vila General Machado;General Machado Villa;General Mathado;General Machado;Machado","old_name":"General Machado","old_name:de":"General Machado","old_name:en":"General Machado","old_name:es":"General Machado","old_name:fr":"Général Machado","old_name:it":"Generale Mashado","old_name:nl":"Generaal Mashado","old_name:pl":"Generał Mashado","old_name:ru":"Генерал Машадо"},"display_name":"Camacupa, Bié, Angola","address":{"town":"Camacupa","state":"Bié","ISO3166-2-lvl4":"AO-BIE","country":"Angola","country_code":"ao"},"population":19150,"osm_type":"node","osm_id":1251148044,"type":"town","location":[17.4763605,-12.0203585],"bbox":[17.4363605,-12.0603585,17.5163605,-11.9803585]}
{"name":"Camanongue","other_names":{"name:el":"Καμανόνγκουε","name:pt":"Camanongue","alt_name":"Camenongue;Bussaco;Buçaco;Bucaco;Kamenongue;Busaso"},"display_name":"Camanongue, Moxico, Angola","address":{"town":"Camanongue","state":"Moxico","ISO3166-2-lvl4":"AO-MOX","country":"Angola","country_code":"ao"},"osm_type":"node","osm_id":2186536945,"type":"town","location":[20.1674991,-11.4343086],"bbox":[20.1274991,-11.4743086,20.2074991,-11.3943086]}
{"name":"Camaxilo","display_name":"Camaxilo, Lunda Norte, Angola","address":{"town":"Camaxilo","state":"Lunda Norte","ISO3166-2-lvl4":"AO-LNO","country":"Angola","country_code":"ao"},"osm_type":"node","osm_id":7978776460,"type":"town","location":[18.9157837,-8.3385658],"bbox":[18.8757837,-8.3785658,18.9557837,-8.2985658]}
{"name":"Cambandua","display_name":"Cambandua, Bié, Angola","address":{"town":"Cambandua","state":"Bié","ISO3166-2-lvl4":"AO-BIE","country":"Angola","country_code":"ao"},"osm_type":"node","osm_id":9661152045,"type":"town","location":[17.3227142,-12.5103246],"bbox":[17.2827142,-12.5503246,17.3627142,-12.4703246]}
{"name":"Cambundi Catembo","other_names":{"name:pt":"Cambundi Catembo","alt_name":"Vila-Nova-de-Gaia;Gaia;Kambundi Katembo","old_name":"Nova Gaia"},"display_name":"Cambundi Catembo, Malanje, Angola","address":{"town":"Cambundi Catembo","state":"Malanje","ISO3166-2-lvl4":"AO-MAL","country":"Angola","country_code":"ao"},"osm_type":"node","osm_id":2132264197,"type":"town","location":[17.5568116,-10.0824806],"bbox":[17.5168116,-10.1224806,17.5968116,-10.0424806]}
{"name":"Cangamba","display_name":"Cangamba, Moxico, Angola","address":{"town":"Cangamba","state":"Moxico","ISO3166-2-lvl4":"AO-MOX","country":"Angola","country_code":"ao"},"osm_type":"node","osm_id":2052638496,"type":"town","location":[19.8583485,-13.6978624],"bbox":[19.8183485,-13.7378624,19.8983485,-13.6578624]}
{"name":"Cangandala","other_names":{"name:el":"Κανγκαντάλα","name:pt":"Cangandala","alt_name":"Kangandala"},"display_name":"Cangandala, Malanje, Angola","address":{"town":"Cangandala","state":"Malanje","ISO3166-2-lvl4":"AO-MAL","country":"Angola","country_code":"ao"},"osm_type":"node","osm_id":929115276,"type":"town","location":[16.4288135,-9.7896356],"bbox":[16.3888135,-9.8296356,16.4688135,-9.7496356]}
{"name":"Cangola","display_name":"Cangola, Uíge, Angola","address":{"town":"Cangola","state":"Uíge","ISO3166-2-lvl4":"AO-UIG","country":"Angola","country_code":"ao"},"osm_type":"node","osm_id":1738821695,"type":"town","location":[15.8523999,-7.9759706],"bbox":[15.8123999,-8.0159706,15.8923999,-7.9359706]}
{"name":"Cangundo","other_names":{"name:pt":"Cangundo","alt_name":"Cancundo"},"display_name":"Cangundo, Uíge, Angola","address":{"town":"Cangundo","state":"Uíge","ISO3166-2-lvl4":"AO-UIG","country":"Angola","country_code":"ao"},"osm_type":"node","osm_id":12744289333,"type":"town","location":[15.2262821,-7.7744807],"bbox":[15.1862821,-7.8144807,15.2662821,-7.7344807]}
{"name":"Canzar","other_names":{"name:el":"Κανζάρ","name:pt":"Canzar","alt_name":"Kanzar;Canza"},"display_name":"Canzar, Lunda Norte, Angola","address":{"town":"Canzar","state":"Lunda Norte","ISO3166-2-lvl4":"AO-LNO","country":"Angola","country_code":"ao"},"osm_type":"node","osm_id":1709791687,"type":"town","location":[21.562739,-7.6234532],"bbox":[21.522739,-7.6634532,21.602739,-7.5834532]}
{"name":"Cassongue","other_names":{"name:pt":"Cassongue","alt_name":"Kassonque;Kasonge"},"display_name":"Cassongue, Cuanza Sul, Angola","address":{"village":"Cassongue","state":"Cuanza Sul","ISO3166-2-lvl4":"AO-CUS","country":"Angola","country_code":"ao"},"population":117000,"osm_type":"way","osm_id":203952357,"type":"town","location":[15.0489335,-11.8547523],"bbox":[15.0365334,-11.8628192,15.0598497,-11.8434143]}
{"name":"Catabola","other_names":{"name:de":"Catabola","name:en":"Catabola","name:es":"Catabola","name:fr":"Catabola","name:it":"Catabola","name:nl":"Catabola","name:pl":"Catabola","name:pt":"Catabola","name:ru":"Катабола","old_name":"Nova Sintra","old_name:de":"Neuer Sintra","old_name:en":"New Sintra","old_name:es":"Nuevo Sintra","old_name:fr":"Nouveau Sintra","old_name:it":"Nuova Sintra","old_name:nl":"Nieuw Sintra","old_name:pl":"Nowy Sintra","old_name:pt":"Nova Sintra","old_name:ru":"Новая Синтра"},"display_name":"Catabola, Bié, Angola","address":{"town":"Catabola","state":"Bié","ISO3166-2-lvl4":"AO-BIE","country":"Angola","country_code":"ao"},"population":18858,"osm_type":"node","osm_id":1873689582,"type":"town","location":[17.2856051,-12.142243],"bbox":[17.2456051,-12.182243,17.3256051,-12.102243]}
{"name":"Catchiungo","other_names":{"name:pt":"Catchiungo","alt_name":"Katchiungo","old_name":"Bela Vista"},"display_name":"Catchiungo, Huambo, Angola","address":{"town":"Catchiungo","state":"Huambo","ISO3166-2-lvl4":"AO-HUA","country":"Angola","country_code":"ao"},"osm_type":"node","osm_id":2189606248,"type":"town","location":[16.227044,-12.5669175],"bbox":[16.187044,-12.6069175,16.267044,-12.5269175]}
{"name":"Catete","display_name":"Catete, Município de Ícolo e Bengo, Luanda, Angola","address":{"town":"Catete","county":"Município de Ícolo e Bengo","state":"Luanda","ISO3166-2-lvl4":"AO-LUA","country":"Angola","country_code":"ao"},"osm_type":"node","osm_id":1417840848,"type":"town","location":[13.6895459,-9.1099855],"bbox":[13.6495459,-9.1499855,13.7295459,-9.0699855]}
{"name":"Catumbela","display_name":"Catumbela, Benguela, Angola","address":{"town":"Catumbela","state":"Benguela","ISO3166-2-lvl4":"AO-BGU","country":"Angola","country_code":"ao"},"population":170000,"osm_type":"node","osm_id":10977443177,"type":"town","location":[13.543048,-12.4334253],"bbox":[13.503048,-12.4734253,13.583048,-12.3934253]}
{"name":"Cautoto","display_name":"Cautoto, Lunda Norte, Angola","address":{"town":"Cautoto","state":"Lunda Norte","ISO3166-2-lvl4":"AO-LNO","country":"Angola","country_code":"ao"},"osm_type":"node","osm_id":11950934617,"type":"town","location":[21.4320409,-7.9008011],"bbox":[21.3920409,-7.9408011,21.4720409,-7.8608011]}
{"name":"Caxito","other_names":{"name:el":"Κασίτο","name:pt":"Caxito"},"display_name":"Caxito, Bengo, Angola","address":{"town":"Caxito","state":"Bengo","ISO3166-2-lvl4":"AO-BGO","country":"Angola","country_code":"ao"},"osm_type":"node","osm_id":5534085769,"type":"town","location":[13.6600788,-8.5827504],"bbox":[13.6200788,-8.6227504,13.7000788,-8.5427504]}
{"name":"Cazombo","other_names":{"name:el":"Καζόμπο","name:pt":"Cazombo"},"display_name":"Cazombo, Moxico, Angola","address":{"town":"Cazombo","state":"Moxico","ISO3166-2-lvl4":"AO-MOX","country":"Angola","country_code":"ao"},"osm_type":"node","osm_id":561106241,"type":"town","location":[22.9061022,-11.8981934],"bbox":[22.8661022,-11.9381934,22.9461022,-11.8581934]}
{"name":"Chibia","other_names":{"name:de":"Chibia","name:el":"Τσίμπια","name:en":"Chibia","name:es":"Chibia","name:fr":"Chibia","name:it":"Chibia","name:nl":"Chibia","name:pl":"Chibia","name:pt":"Chibia","name:ru":"Чибия","old_name":"João de Almeida","short_name":"AOHLA160701","old_name:de":"João de Almeida","old_name:en":"João de Almeida","old_name:es":"João de Almeida","old_name:fr":"João de Almeida","old_name:it":"João de Almeida","old_name:nl":"João de Almeida","old_name:pl":"João de Almeida","old_name:pt":"João de Almeida","old_name:ru":"Жуан де Алмейда"},"display_name":"Chibia, Huíla, Angola","address":{"town":"Chibia","state":"Huíla","ISO3166-2-lvl4":"AO-HUI","country":"Angola","country_code":"ao"},"population":243136,"osm_type":"node","osm_id":331390998,"type":"town","location":[13.689893,-15.1853322],"bbox":[13.649893,-15.2253322,13.729893,-15.1453322],"border":{"name":"Chibia","other_names":{"name:pt":"Chibia","official_name":"Município da Chibia","name:de":"Chibia","name:el":"Τσίμπια","name:en":"Chibia","name:es":"Chibia","name:fr":"Chibia","name:it":"Chibia","name:nl":"Chibia","name:pl":"Chibia","name:ru":"Чибия","old_name":"João de Almeida","short_name":"AOHLA160701","old_name:de":"João de Almeida","old_name:en":"João de Almeida","old_name:es":"João de Almeida","old_name:fr":"João de Almeida","old_name:it":"João de Almeida","old_name:nl":"João de Almeida","old_name:pl":"João de Almeida","old_name:pt":"João de Almeida","old_name:ru":"Жуан де Алмейда"},"display_name":"Chibia, Huíla, Angola","address":{"town":"Chibia","state":"Huíla","ISO3166-2-lvl4":"AO-HUI","country":"Angola","country_code":"ao"},"population":243136,"osm_type":"relation","osm_id":11162242,"type":"administrative","location":[13.689893,-15.1853322],"bbox":[13.3992688,-15.7266212,14.2856654,-14.6779204]}}
{"name":"Chinguar","display_name":"Chinguar, Bié, Angola","address":{"town":"Chinguar","state":"Bié","ISO3166-2-lvl4":"AO-BIE","country":"Angola","country_code":"ao"},"osm_type":"node","osm_id":1251159048,"type":"town","location":[16.3383776,-12.5588531],"bbox":[16.2983776,-12.5988531,16.3783776,-12.5188531]}
{"name":"Chipindo","other_names":{"alt_name":"Quipindo"},"display_name":"Chipindo, Huíla, Angola","address":{"town":"Chipindo","state":"Huíla","ISO3166-2-lvl4":"AO-HUI","country":"Angola","country_code":"ao"},"population":82542,"osm_type":"node","osm_id":2119951000,"type":"town","location":[15.7878658,-13.8178352],"bbox":[15.7478658,-13.8578352,15.8278658,-13.7778352],"border":{"name":"Chipindo","other_names":{"name:pt":"Chipindo","official_name":"Município do Chipindo","alt_name":"Quipindo"},"display_name":"Chipindo, Huíla, Angola","address":{"town":"Chipindo","state":"Huíla","ISO3166-2-lvl4":"AO-HUI","country":"Angola","country_code":"ao"},"population":82542,"osm_type":"relation","osm_id":11162250,"type":"administrative","location":[15.7878658,-13.8178352],"bbox":[15.3363122,-14.4243835,16.1509771,-13.3902779]}}
{"name":"Chongoroi","other_names":{"name:pt":"Chongoroi","alt_name":"Chongorói"},"display_name":"Chongoroi, Benguela, Angola","address":{"town":"Chongoroi","state":"Benguela","ISO3166-2-lvl4":"AO-BGU","country":"Angola","country_code":"ao"},"osm_type":"node","osm_id":1950305670,"type":"town","location":[13.9418182,-13.57791],"bbox":[13.9018182,-13.61791,13.9818182,-13.53791]}
{"name":"Cidade do Kilamba","other_names":{"name:el":"Σιντάντε ντο Κιλάμπα","name:pt":"Cidade do Kilamba","name:zh-Hans":"凯兰巴","name:zh-Hant":"凱蘭巴","alt_name:zh-Hans":"克利安巴","alt_name:zh-Hant":"克利安巴"},"display_name":"Cidade do Kilamba, Nova Cidade de Kilamba, Município do Belas, Luanda, Angola","address":{"town":"Cidade do Kilamba","county":"Município do Belas","state":"Luanda","ISO3166-2-lvl4":"AO-LUA","country":"Angola","country_code":"ao"},"osm_type":"node","osm_id":1635348608,"type":"town","location":[13.2651632,-8.9981501],"bbox":[13.2251632,-9.0381501,13.3051632,-8.9581501]}
{"name":"Cuangar","display_name":"Cuangar, Cuando Cubango, Angola","address":{"town":"Cuangar","state":"Cuando Cubango","ISO3166-2-lvl4":"AO-CCU","country":"Angola","country_code":"ao"},"osm_type":"node","osm_id":2355277688,"type":"town","location":[18.6223286,-17.6097686],"bbox":[18.5823286,-17.6497686,18.6623286,-17.5697686]}
{"name":"Cuango","other_names":{"name:pt":"Cuango","alt_name":"Cuango-Luzamba"},"display_name":"Cuango, Lunda Norte, Angola","address":{"town":"Cuango","state":"Lunda Norte","ISO3166-2-lvl4":"AO-LNO","country":"Angola","country_code":"ao"},"osm_type":"node","osm_id":701539851,"type":"town","location":[18.0431019,-9.1472811],"bbox":[18.0031019,-9.1872811,18.0831019,-9.1072811]}
{"name":"Cubal","other_names":{"name:pt":"Cubal","alt_name":"Vila do Cubal;Kubal;Hanha;Cubal da Ganda"},"display_name":"Cubal, Benguela, Angola","address":{"town":"Cubal","state":"Benguela","ISO3166-2-lvl4":"AO-BGU","country":"Angola","country_code":"ao"},"osm_type":"node","osm_id":2126489157,"type":"town","location":[14.2479795,-13.0398231],"bbox":[14.2079795,-13.0798231,14.2879795,-12.9998231]}
{"name":"Cuchi","other_names":{"name:pt":"Cuchi","alt_name":"Kuchi;Cuche;Cacuchi"},"display_name":"Cuchi, Cuando Cubango, Angola","address":{"town":"Cuchi","state":"Cuando Cubango","ISO3166-2-lvl4":"AO-CCU","country":"Angola","country_code":"ao"},"osm_type":"node","osm_id":9654465652,"type":"town","location":[16.89399,-14.6519667],"bbox":[16.85399,-14.6919667,16.93399,-14.6119667]}
{"name":"Cucumbi","display_name":"Cucumbi, Lunda Sul, Angola","address":{"town":"Cucumbi","state":"Lunda Sul","ISO3166-2-lvl4":"AO-LSU","country":"Angola","country_code":"ao"},"osm_type":"node","osm_id":1744843868,"type":"town","location":[19.0491152,-10.2809173],"bbox":[19.0091152,-10.3209173,19.0891152,-10.2409173]}
{"name":"Cuemba","other_names":{"name:pt":"Cuemba","alt_name":"Koemba;Coemba;Neves Ferreira"},"display_name":"Cuemba, Bié, Angola","address":{"town":"Cuemba","state":"Bié","ISO3166-2-lvl4":"AO-BIE","country":"Angola","country_code":"ao"},"osm_type":"node","osm_id":2129811924,"type":"town","location":[18.083333,-12.15],"bbox":[18.043333,-12.19,18.123333,-12.11]}
{"name":"Cuilo","display_name":"Cuilo, Lunda Norte, Angola","address":{"town":"Cuilo","state":"Lunda Norte","ISO3166-2-lvl4":"AO-LNO","country":"Angola","country_code":"ao"},"osm_type":"node","osm_id":1729387041,"type":"town","location":[19.5246121,-8.2369149],"bbox":[19.4846121,-8.2769149,19.5646121,-8.1969149]}
{"name":"Cuima","other_names":{"name:pt":"Cuima","alt_name":"Kuima;Kwima;Cuíma"},"display_name":"Cuima, Huambo, Angola","address":{"town":"Cuima","state":"Huambo","ISO3166-2-lvl4":"AO-HUA","country":"Angola","country_code":"ao"},"osm_type":"node","osm_id":2119951001,"type":"town","location":[15.6407312,-13.2430247],"bbox":[15.6007312,-13.2830247,15.6807312,-13.2030247]}
{"name":"Cuimba","display_name":"Cuimba, Zaire, Angola","address":{"town":"Cuimba","state":"Zaire","ISO3166-2-lvl4":"AO-ZAI","country":"Angola","country_code":"ao"},"osm_type":"node","osm_id":1737950972,"type":"town","location":[14.6217928,-6.1219639],"bbox":[14.5817928,-6.1619639,14.6617928,-6.0819639]}
{"name":"Cuito Cuanavale","other_names":{"name:el":"Κουίτο Κουαναβάλε","name:pt":"Cuito Cuanavale","alt_name":"Cuite Cuanavale"},"display_name":"Cuito Cuanavale, Cuando Cubango, Angola","address":{"town":"Cuito Cuanavale","state":"Cuando Cubango","ISO3166-2-lvl4":"AO-CCU","country":"Angola","country_code":"ao"},"osm_type":"node","osm_id":669003924,"type":"town","location":[19.1727434,-15.1630289],"bbox":[19.1327434,-15.2030289,19.2127434,-15.1230289]}
{"name":"Culo","display_name":"Culo, Uíge, Angola","address":{"town":"Culo","state":"Uíge","ISO3166-2-lvl4":"AO-UIG","country":"Angola","country_code":"ao"},"osm_type":"node","osm_id":12744289334,"type":"town","location":[15.2191666,-7.6952042],"bbox":[15.1791666,-7.7352042,15.2591666,-7.6552042]}
{"name":"Cunda-dia-Baze","other_names":{"name:pt":"Cunda-dia-Baze","alt_name":"Cunda diá Baze;Kunda-Dya-Baze","old_name":"Montalegre"},"display_name":"Cunda-dia-Baze, Malanje, Angola","address":{"town":"Cunda-dia-Baze","state":"Malanje","ISO3166-2-lvl4":"AO-MAL","country":"Angola","country_code":"ao"},"osm_type":"node","osm_id":6591202799,"type":"town","location":[17.0560522,-8.9075227],"bbox":[17.0160522,-8.9475227,17.0960522,-8.8675227]}
{"name":"Cunhinga","other_names":{"name:el":"Κουνχίνγκα","name:pt":"Cunhinga","alt_name":"Vouga Gare;Vouga;Vuga;Dondeiro","old_name":"Nova Sintra"},"display_name":"Cunhinga, Bié, Angola","address":{"town":"Cunhinga","state":"Bié","ISO3166-2-lvl4":"AO-BIE","country":"Angola","country_code":"ao"},"osm_type":"node","osm_id":1251156940,"type":"town","location":[16.7817695,-12.2338631],"bbox":[16.7417695,-12.2738631,16.8217695,-12.1938631]}
{"name":"Cusse","other_names":{"name:pt":"Cusse","short_name":"AOHLA160104"},"display_name":"Cusse, Caconda, Huíla, Angola","address":{"town":"Cusse","state":"Huíla","ISO3166-2-lvl4":"AO-HUI","country":"Angola","country_code":"ao"},"population":46725,"osm_type":"node","osm_id":10776098552,"type":"town","location":[15.1903075,-13.5177863],"bbox":[15.1503075,-13.5577863,15.2303075,-13.4777863]}
{"name":"Cutato","other_names":{"name:pt":"Cutato","alt_name":"Kutato"},"display_name":"Cutato, Bié, Angola","address":{"town":"Cutato","state":"Bié","ISO3166-2-lvl4":"AO-BIE","country":"Angola","country_code":"ao"},"osm_type":"node","osm_id":8073054398,"type":"town","location":[16.4325815,-12.3869912],"bbox":[16.3925815,-12.4269912,16.4725815,-12.3469912]}
{"name":"Cuvango","other_names":{"alt_name":"Cubango, Kubango, Kuvango","old_name":"Artur de Paiva, Capelongo, Vila Artur de Paiva, Vila da Ponte, Villa de Ponto"},"display_name":"Cuvango, Huíla, Angola","address":{"town":"Cuvango","state":"Huíla","ISO3166-2-lvl4":"AO-HUI","country":"Angola","country_code":"ao"},"population":100187,"osm_type":"node","osm_id":3193493387,"type":"town","location":[16.2910795,-14.4659375],"bbox":[16.2510795,-14.5059375,16.3310795,-14.4259375],"border":{"name":"Cuvango","other_names":{"name:pt":"Cuvango","alt_name":"Kuvango","official_name":"Município do Cuvango","_place_alt_name":"Cubango, Kubango, Kuvango","old_name":"Artur de Paiva, Capelongo, Vila Artur de Paiva, Vila da Ponte, Villa de Ponto"},"display_name":"Cuvango, Huíla, Angola","address":{"town":"Cuvango","state":"Huíla","ISO3166-2-lvl4":"AO-HUI","country":"Angola","country_code":"ao"},"population":100187,"osm_type":"relation","osm_id":11162251,"type":"administrative","location":[16.2910795,-14.4659375],"bbox":[15.795844,-15.2047802,16.755521,-13.332222]}}
{"name":"Damba","display_name":"Damba, Uíge, Angola","address":{"town":"Damba","state":"Uíge","ISO3166-2-lvl4":"AO-UIG","country":"Angola","country_code":"ao"},"osm_type":"node","osm_id":1738385270,"type":"town","location":[15.1361794,-6.6829437],"bbox":[15.0961794,-6.7229437,15.1761794,-6.6429437]}
{"name":"Dirico","display_name":"Dirico, Cuando Cubango, Angola","address":{"town":"Dirico","state":"Cuando Cubango","ISO3166-2-lvl4":"AO-CCU","country":"Angola","country_code":"ao"},"osm_type":"node","osm_id":2099521724,"type":"town","location":[20.7769309,-17.9847024],"bbox":[20.7369309,-18.0247024,20.8169309,-17.9447024]}
{"name":"Dombe Grande","display_name":"Dombe Grande, Benguela, Angola","address":{"town":"Dombe Grande","state":"Benguela","ISO3166-2-lvl4":"AO-BGU","country":"Angola","country_code":"ao"},"osm_type":"node","osm_id":2814839728,"type":"town","location":[13.0937485,-12.9426137],"bbox":[13.0537485,-12.9826137,13.1337485,-12.9026137]}
{"name":"Dondo","other_names":{"name:pt":"Dondo","name:ru":"Дондо"},"display_name":"Dondo, Cuanza Norte, Angola","address":{"town":"Dondo","state":"Cuanza Norte","ISO3166-2-lvl4":"AO-CNO","country":"Angola","country_code":"ao"},"osm_type":"node","osm_id":669061690,"type":"town","location":[14.4201324,-9.6855676],"bbox":[14.3801324,-9.7255676,14.4601324,-9.6455676]}
{"name":"Dundo","other_names":{"name:el":"Ντούντο","name:en":"Dundo","name:pt":"Dundo","name:ru":"Дундо","name:uk":"Дундо","alt_name":"Dundu","old_name":"Portugália"},"display_name":"Dundo, Lunda Norte, Angola","address":{"town":"Dundo","state":"Lunda Norte","ISO3166-2-lvl4":"AO-LNO","country":"Angola","country_code":"ao"},"osm_type":"node","osm_id":668066114,"type":"town","location":[20.833799,-7.381086],"bbox":[20.793799,-7.421086,20.873799,-7.341086]}
{"name":"Ecunha","other_names":{"name:pt":"Ecunha","alt_name":"Ekunha","old_name":"Vila Flor"},"display_name":"Ecunha, Huambo, Angola","address":{"town":"Ecunha","state":"Huambo","ISO3166-2-lvl4":"AO-HUA","country":"Angola","country_code":"ao"},"population":82000,"osm_type":"node","osm_id":1093782098,"type":"town","location":[15.5055345,-12.6827618],"bbox":[15.4655345,-12.7227618,15.5455345,-12.6427618]}
{"name":"Gabela","other_names":{"name:pt":"Gabela","alt_name":"Cabela;Amboim"},"display_name":"Gabela, Cuanza Sul, Angola","address":{"town":"Gabela","state":"Cuanza Sul","ISO3166-2-lvl4":"AO-CUS","country":"Angola","country_code":"ao"},"osm_type":"node","osm_id":2188583532,"type":"town","location":[14.379927,-10.85147],"bbox":[14.339927,-10.89147,14.419927,-10.81147]}
{"name":"Gambos-Chiange","other_names":{"name:de":"Gambos-Chiange","name:en":"Gambos-Chiange","name:fr":"Gambos-Chiange","name:it":"Gambos-Chiange","name:nl":"Gambos-Chiange","name:pl":"Gambos-Chiange","name:pt":"Gambos-Chiange","name:ru":"Чианг"},"display_name":"Gambos-Chiange, Chiange, Huíla, Angola","address":{"town":"Gambos-Chiange","state":"Huíla","ISO3166-2-lvl4":"AO-HUI","country":"Angola","country_code":"ao"},"population":101308,"osm_type":"node","osm_id":3242245438,"type":"town","location":[13.8901485,-15.7330735],"bbox":[13.8501485,-15.7730735,13.9301485,-15.6930735],"border":{"name":"Chiange","other_names":{"name:pt":"Chiange","alt_name":"Gambos","official_name":"Município de Chiange","name:de":"Gambos-Chiange","name:en":"Gambos-Chiange","name:fr":"Gambos-Chiange","name:it":"Gambos-Chiange","name:nl":"Gambos-Chiange","name:pl":"Gambos-Chiange","name:ru":"Чианг","alt":"Gambos-Chiange","alt:pt":"Gambos-Chiange"},"display_name":"Chiange, Huíla, Angola","address":{"town":"Chiange","state":"Huíla","ISO3166-2-lvl4":"AO-HUI","country":"Angola","country_code":"ao"},"population":101308,"osm_type":"relation","osm_id":11162243,"type":"administrative","location":[13.8901485,-15.7330735],"bbox":[13.4892843,-16.3470459,14.8681144,-15.2861797]}}
{"name":"Ganda","other_names":{"name:pt":"Ganda","alt_name":"Kakenda;Genda;Vila Mariano Machado;Mariano Machado","old_name":"Vila Mariano Machado;Mariano Machado"},"display_name":"Ganda, Benguela, Angola","address":{"town":"Ganda","state":"Benguela","ISO3166-2-lvl4":"AO-BGU","country":"Angola","country_code":"ao"},"osm_type":"node","osm_id":2126891325,"type":"town","location":[14.6358601,-13.0172603],"bbox":[14.5958601,-13.0572603,14.6758601,-12.9772603]}
{"name":"Golungo Alto","display_name":"Golungo Alto, Cuanza Norte, Angola","address":{"town":"Golungo Alto","state":"Cuanza Norte","ISO3166-2-lvl4":"AO-CNO","country":"Angola","country_code":"ao"},"osm_type":"node","osm_id":2178050430,"type":"town","location":[14.7734467,-9.1386587],"bbox":[14.7334467,-9.1786587,14.8134467,-9.0986587]}
{"name":"Hoque","other_names":{"name:pt":"Hoque","alt_name":"Hoke"},"display_name":"Hoque, Lubango, Huíla, Angola","address":{"town":"Hoque","city":"Lubango","state":"Huíla","ISO3166-2-lvl4":"AO-HUI","country":"Angola","country_code":"ao"},"population":64474,"osm_type":"node","osm_id":1947750126,"type":"town","location":[13.8994198,-14.6617003],"bbox":[13.8594198,-14.7017003,13.9394198,-14.6217003]}
{"display_name":"Huambo, Angola","address":{"state":"Huambo","ISO3166-2-lvl4":"AO-HUA","country":"Angola","country_code":"ao"},"osm_type":"node","osm_id":11804450502,"type":"town","location":[15.2073195,-12.1448509],"bbox":[15.1673195,-12.1848509,15.2473195,-12.1048509]}
{"name":"Huíla","other_names":{"name:pt":"Huíla","alt_name":"Degola"},"display_name":"Huíla, Lubango, Huíla, Angola","address":{"town":"Huíla","city":"Lubango","state":"Huíla","ISO3166-2-lvl4":"AO-HUI","country":"Angola","country_code":"ao"},"population":55000,"osm_type":"node","osm_id":7541784964,"type":"town","location":[13.5444085,-15.0519536],"bbox":[13.5044085,-15.0919536,13.5844085,-15.0119536]}
{"name":"Humpata","other_names":{"alt_name":"São Januário;São Januário da Humpata"},"display_name":"Humpata, Huíla, Angola","address":{"town":"Humpata","state":"Huíla","ISO3166-2-lvl4":"AO-HUI","country":"Angola","country_code":"ao"},"population":113700,"osm_type":"node","osm_id":1088741202,"type":"town","location":[13.3766075,-15.0103622],"bbox":[13.3366075,-15.0503622,13.4166075,-14.9703622],"border":{"name":"Humpata","other_names":{"name:pt":"Humpata","official_name":"Município da Humpata","alt_name":"São Januário;São Januário da Humpata"},"display_name":"Humpata, Huíla, Angola","address":{"town":"Humpata","state":"Huíla","ISO3166-2-lvl4":"AO-HUI","country":"Angola","country_code":"ao"},"population":113700,"osm_type":"relation","osm_id":11162240,"type":"administrative","location":[13.3766075,-15.0103622],"bbox":[13.2092846,-15.3396764,13.5275706,-14.84829]}}
{"name":"Iongo","display_name":"Iongo, Xá-Muteba, Lunda Norte, Angola","address":{"town":"Iongo","state":"Lunda Norte","ISO3166-2-lvl4":"AO-LNO","country":"Angola","country_code":"ao"},"osm_type":"node","osm_id":8044962932,"type":"town","location":[17.747739,-9.2064913],"bbox":[17.707739,-9.2464913,17.787739,-9.1664913]}
{"name":"Jamba","display_name":"Jamba, Cuando Cubango, Angola","address":{"town":"Jamba","state":"Cuando Cubango","ISO3166-2-lvl4":"AO-CCU","country":"Angola","country_code":"ao"},"osm_type":"node","osm_id":2558289855,"type":"town","location":[22.726622,-17.507609],"bbox":[22.686622,-17.547609,22.766622,-17.467609]}
{"name":"Jamba","other_names":{"alt_name":"Cuanja;Techiriata;Jamba Mineira","short_name":"AOHLA161103"},"display_name":"Jamba, Huíla, Angola","address":{"town":"Jamba","state":"Huíla","ISO3166-2-lvl4":"AO-HUI","country":"Angola","country_code":"ao"},"population":134035,"osm_type":"node","osm_id":2100103465,"type":"town","location":[16.0305922,-14.6902435],"bbox":[15.9905922,-14.7302435,16.0705922,-14.6502435],"border":{"name":"Jamba","other_names":{"name:pt":"Jamba","alt_name":"Jamba Mineira","official_name":"Município da Jamba","_place_alt_name":"Cuanja;Techiriata;Jamba Mineira","short_name":"AOHLA161103"},"display_name":"Jamba, Huíla, Angola","address":{"town":"Jamba","state":"Huíla","ISO3166-2-lvl4":"AO-HUI","country":"Angola","country_code":"ao"},"population":134035,"osm_type":"relation","osm_id":11162252,"type":"administrative","location":[16.0305922,-14.6902435],"bbox":[15.2526349,-15.4776108,16.3753044,-14.061872]}}
{"name":"Léua","display_name":"Léua, Moxico, Angola","address":{"town":"Léua","state":"Moxico","ISO3166-2-lvl4":"AO-MOX","country":"Angola","country_code":"ao"},"osm_type":"node","osm_id":9633927998,"type":"town","location":[20.4442454,-11.6542475],"bbox":[20.4042454,-11.6942475,20.4842454,-11.6142475]}
{"name":"Lombe","display_name":"Lombe, Malanje, Angola","address":{"town":"Lombe","county":"Lombe","state":"Malanje","ISO3166-2-lvl4":"AO-MAL","country":"Angola","country_code":"ao"},"osm_type":"node","osm_id":2181225440,"type":"town","location":[16.152561,-9.487175],"bbox":[16.112561,-9.527175,16.192561,-9.447175],"border":{"name":"Lombe","display_name":"Lombe, Malanje, Angola","address":{"county":"Lombe","state":"Malanje","ISO3166-2-lvl4":"AO-MAL","country":"Angola","country_code":"ao"},"osm_type":"relation","osm_id":2822140,"type":"administrative","location":[16.01284802649774,-9.521854000000001],"bbox":[15.7977034,-9.7490461,16.242116,-9.289553]}}
{"name":"Longonjo","other_names":{"name:pt":"Longonjo","alt_name":"Congonjo;Longonji"},"display_name":"Longonjo, Huambo, Angola","address":{"town":"Longonjo","state":"Huambo","ISO3166-2-lvl4":"AO-HUA","country":"Angola","country_code":"ao"},"osm_type":"node","osm_id":527844202,"type":"town","location":[15.2470902,-12.9090358],"bbox":[15.2070902,-12.9490358,15.2870902,-12.8690358]}
{"name":"Lóvua","other_names":{"name:pt":"Lóvua","alt_name":"Lóvua Norte"},"display_name":"Lóvua, Lunda Norte, Angola","address":{"town":"Lóvua","state":"Lunda Norte","ISO3166-2-lvl4":"AO-LNO","country":"Angola","country_code":"ao"},"osm_type":"node","osm_id":3213312588,"type":"town","location":[20.1748086,-7.3447156],"bbox":[20.1348086,-7.3847156,20.2148086,-7.3047156]}
{"name":"Luacano","display_name":"Luacano, Moxico, Angola","address":{"town":"Luacano","state":"Moxico","ISO3166-2-lvl4":"AO-MOX","country":"Angola","country_code":"ao"},"osm_type":"node","osm_id":1718720844,"type":"town","location":[21.6546828,-11.2103693],"bbox":[21.6146828,-11.2503693,21.6946828,-11.1703693]}
{"name":"Luando","display_name":"Luando, Bié, Angola","address":{"town":"Luando","state":"Bié","ISO3166-2-lvl4":"AO-BIE","country":"Angola","country_code":"ao"},"osm_type":"node","osm_id":1745855438,"type":"town","location":[18.4670804,-11.6205132],"bbox":[18.4270804,-11.6605132,18.5070804,-11.5805132]}
{"name":"Luao","other_names":{"name:de":"Luau","name:en":"Luau","name:es":"Luau","name:fr":"Luau","name:it":"Luau","name:nl":"Luau","name:pl":"Luau","name:pt":"Luau","name:ru":"Луау","alt_name":"Luao;Teixeira de Sousa;Vila Teixera de Souza;Texeira-de Susa;Teixera de Sousa;Vila Texeira de Sousa;Vila Teixeira de Souza;Vila Teixeira de Sousa","old_name":"Teixeira de Sousa","old_name:de":"Teixeira de Sousa","old_name:en":"Teixeira de Sousa","old_name:es":"Teixeira de Sousa","old_name:fr":"Teixeira de Sousa","old_name:it":"Teixeira de Sousa","old_name:nl":"Teixeira de Sousa","old_name:pl":"Teixeira de Sousa","old_name:pt":"Teixeira de Sousa","old_name:ru":"Тейшейра де Соуса"},"display_name":"Luao, Moxico, Angola","address":{"town":"Luao","state":"Moxico","ISO3166-2-lvl4":"AO-MOX","country":"Angola","country_code":"ao"},"population":90000,"osm_type":"node","osm_id":668074709,"type":"town","location":[22.2275381,-10.7025518],"bbox":[22.1875381,-10.7425518,22.2675381,-10.6625518]}
{"name":"Lucala","display_name":"Lucala, Cuanza Norte, Angola","address":{"town":"Lucala","state":"Cuanza Norte","ISO3166-2-lvl4":"AO-CNO","country":"Angola","country_code":"ao"},"osm_type":"node","osm_id":2181225444,"type":"town","location":[15.2402503,-9.2661326],"bbox":[15.2002503,-9.3061326,15.2802503,-9.2261326]}
{"name":"Lucira","other_names":{"name:pt":"Lucira","short_name":"AONBE150102"},"display_name":"Lucira, Namibe, Angola","address":{"town":"Lucira","state":"Namibe","ISO3166-2-lvl4":"AO-NAM","country":"Angola","country_code":"ao"},"osm_type":"node","osm_id":7911300857,"type":"town","location":[12.5248067,-13.8654983],"bbox":[12.4848067,-13.9054983,12.5648067,-13.8254983]}
{"name":"Lumua","display_name":"Lumua, Lunda Norte, Angola","address":{"town":"Lumua","state":"Lunda Norte","ISO3166-2-lvl4":"AO-LNO","country":"Angola","country_code":"ao"},"osm_type":"node","osm_id":12648469077,"type":"town","location":[20.5203795,-7.4317941],"bbox":[20.4803795,-7.4717941,20.5603795,-7.3917941]}
{"display_name":"Lunda Norte, Angola","address":{"state":"Lunda Norte","ISO3166-2-lvl4":"AO-LNO","country":"Angola","country_code":"ao"},"osm_type":"node","osm_id":3221948520,"type":"town","location":[19.6393767,-9.8741223],"bbox":[19.5993767,-9.9141223,19.6793767,-9.8341223]}
{"display_name":"Lunda Norte, Angola","address":{"state":"Lunda Norte","ISO3166-2-lvl4":"AO-LNO","country":"Angola","country_code":"ao"},"osm_type":"node","osm_id":5534091202,"type":"town","location":[18.08486,-8.7521178],"bbox":[18.04486,-8.7921178,18.12486,-8.7121178]}
{"display_name":"Lunda Norte, Angola","address":{"state":"Lunda Norte","ISO3166-2-lvl4":"AO-LNO","country":"Angola","country_code":"ao"},"osm_type":"node","osm_id":5533855606,"type":"town","location":[18.3221797,-9.3399666],"bbox":[18.2821797,-9.3799666,18.3621797,-9.2999666]}
{"display_name":"Lunda Sul, Angola","address":{"state":"Lunda Sul","ISO3166-2-lvl4":"AO-LSU","country":"Angola","country_code":"ao"},"osm_type":"node","osm_id":5518920877,"type":"town","location":[20.448833,-9.535281],"bbox":[20.408833,-9.575281,20.488833,-9.495281]}
{"name":"Luxilo","display_name":"Luxilo, Lunda Norte, Angola","address":{"town":"Luxilo","state":"Lunda Norte","ISO3166-2-lvl4":"AO-LNO","country":"Angola","country_code":"ao"},"osm_type":"node","osm_id":12648337375,"type":"town","location":[21.3484604,-7.5903247],"bbox":[21.3084604,-7.6303247,21.3884604,-7.5503247]}
{"name":"Maquela do Zombo","display_name":"Maquela do Zombo, Uíge, Angola","address":{"town":"Maquela do Zombo","state":"Uíge","ISO3166-2-lvl4":"AO-UIG","country":"Angola","country_code":"ao"},"osm_type":"node","osm_id":668899392,"type":"town","location":[15.1075043,-6.0608124],"bbox":[15.0675043,-6.1008124,15.1475043,-6.0208124]}
{"name":"Matala","display_name":"Matala, Huíla, Angola","address":{"town":"Matala","state":"Huíla","ISO3166-2-lvl4":"AO-HUI","country":"Angola","country_code":"ao"},"population":335118,"osm_type":"node","osm_id":7212015471,"type":"town","location":[15.0289306,-14.7383594],"bbox":[14.9889306,-14.7783594,15.0689306,-14.6983594],"border":{"name":"Matala","other_names":{"name:pt":"Matala","official_name":"Município da Matala"},"display_name":"Matala, Huíla, Angola","address":{"town":"Matala","state":"Huíla","ISO3166-2-lvl4":"AO-HUI","country":"Angola","country_code":"ao"},"population":335118,"osm_type":"relation","osm_id":11162244,"type":"administrative","location":[15.0289306,-14.7383594],"bbox":[14.76622,-16.0655556,15.5651092,-14.441884]}}
{"name":"Mavinga","display_name":"Mavinga, Cuando Cubango, Angola","address":{"town":"Mavinga","state":"Cuando Cubango","ISO3166-2-lvl4":"AO-CCU","country":"Angola","country_code":"ao"},"osm_type":"node","osm_id":3649526278,"type":"town","location":[20.3656709,-15.7943989],"bbox":[20.3256709,-15.8343989,20.4056709,-15.7543989]}
{"name":"Mbanza Lucala","other_names":{"name:pt":"Mbanza Lucala","alt_name":"Quimacodi"},"display_name":"Mbanza Lucala, Uíge, Angola","address":{"town":"Mbanza Lucala","state":"Uíge","ISO3166-2-lvl4":"AO-UIG","country":"Angola","country_code":"ao"},"osm_type":"node","osm_id":12714748760,"type":"town","location":[15.8841342,-6.0383025],"bbox":[15.8441342,-6.0783025,15.9241342,-5.9983025]}
{"name":"Mecumba","display_name":"Mecumba, Quitapa, Malanje, Angola","address":{"town":"Mecumba","county":"Quitapa","state":"Malanje","ISO3166-2-lvl4":"AO-MAL","country":"Angola","country_code":"ao"},"osm_type":"node","osm_id":8047014950,"type":"town","location":[18.363302,-10.0339634],"bbox":[18.323302,-10.0739634,18.403302,-9.9939634]}
{"name":"Mucussuege","other_names":{"name:pt":"Mucussuege","alt_name":"Mucussueje"},"display_name":"Mucussuege, Moxico, Angola","address":{"town":"Mucussuege","state":"Moxico","ISO3166-2-lvl4":"AO-MOX","country":"Angola","country_code":"ao"},"osm_type":"node","osm_id":7978775106,"type":"town","location":[21.9280676,-11.0290539],"bbox":[21.8880676,-11.0690539,21.9680676,-10.9890539]}
{"name":"Mumbué","display_name":"Mumbué, Bié, Angola","address":{"town":"Mumbué","state":"Bié","ISO3166-2-lvl4":"AO-BIE","country":"Angola","country_code":"ao"},"osm_type":"node","osm_id":5515135279,"type":"town","location":[17.2958218,-13.8957361],"bbox":[17.2558218,-13.9357361,17.3358218,-13.8557361]}
{"name":"Mungo","display_name":"Mungo, Huambo, Angola","address":{"town":"Mungo","state":"Huambo","ISO3166-2-lvl4":"AO-HUA","country":"Angola","country_code":"ao"},"osm_type":"node","osm_id":9661476881,"type":"town","location":[16.2209165,-11.8373101],"bbox":[16.1809165,-11.8773101,16.2609165,-11.7973101]}
{"name":"Munhango","other_names":{"name:pt":"Munhango","alt_name":"Munyango"},"display_name":"Munhango, Bié, Angola","address":{"town":"Munhango","state":"Bié","ISO3166-2-lvl4":"AO-BIE","country":"Angola","country_code":"ao"},"osm_type":"node","osm_id":668118730,"type":"town","location":[18.5554962,-12.1584604],"bbox":[18.5154962,-12.1984604,18.5954962,-12.1184604]}
{"name":"Mussende","other_names":{"name:pt":"Mussende","alt_name":"Luime"},"display_name":"Mussende, Cuanza Sul, Angola","address":{"town":"Mussende","state":"Cuanza Sul","ISO3166-2-lvl4":"AO-CUS","country":"Angola","country_code":"ao"},"osm_type":"node","osm_id":2179064792,"type":"town","location":[16.0137094,-10.5112481],"bbox":[15.9737094,-10.5512481,16.0537094,-10.4712481]}
{"name":"Muxaluando","display_name":"Muxaluando, Bengo, Angola","address":{"town":"Muxaluando","state":"Bengo","ISO3166-2-lvl4":"AO-BGO","country":"Angola","country_code":"ao"},"osm_type":"node","osm_id":5366016395,"type":"town","location":[14.2867058,-8.1236097],"bbox":[14.2467058,-8.1636097,14.3267058,-8.0836097]}
{"name":"Nana Candundo","other_names":{"name:pt":"Nana Candundo","alt_name":"Nhacandundo-Cavungo"},"display_name":"Nana Candundo, Moxico, Angola","address":{"town":"Nana Candundo","state":"Moxico","ISO3166-2-lvl4":"AO-MOX","country":"Angola","country_code":"ao"},"osm_type":"node","osm_id":2051843167,"type":"town","location":[23.0211941,-11.5186585],"bbox":[22.9811941,-11.5586585,23.0611941,-11.4786585]}
{"name":"Negage","other_names":{"name:el":"Νεγκάγκε","name:pt":"Negage"},"display_name":"Negage, Uíge, Angola","address":{"town":"Negage","state":"Uíge","ISO3166-2-lvl4":"AO-UIG","country":"Angola","country_code":"ao"},"osm_type":"node","osm_id":668900981,"type":"town","location":[15.2685532,-7.7661309],"bbox":[15.2285532,-7.8061309,15.3085532,-7.7261309]}
{"name":"Nóqui","display_name":"Nóqui, Zaire, Angola","address":{"town":"Nóqui","state":"Zaire","ISO3166-2-lvl4":"AO-ZAI","country":"Angola","country_code":"ao"},"osm_type":"node","osm_id":2170811773,"type":"town","location":[13.4323871,-5.8743966],"bbox":[13.3923871,-5.9143966,13.4723871,-5.8343966]}
{"name":"Nova Esperança","display_name":"Nova Esperança, Uíge, Angola","address":{"town":"Nova Esperança","state":"Uíge","ISO3166-2-lvl4":"AO-UIG","country":"Angola","country_code":"ao"},"osm_type":"node","osm_id":8068248876,"type":"town","location":[15.8882582,-6.7344135],"bbox":[15.8482582,-6.7744135,15.9282582,-6.6944135]}
{"name":"Nzagi","other_names":{"name:el":"Νζάγκι","name:pt":"Nzagi","alt_name":"N’Zargui; Andrada","old_name":"Paiva de Andrade; Andrade; Vila Paiva de Andrade; Vila Paiva d’Andrade; Vila Paiva de Andrada"},"display_name":"Nzagi, Lunda Norte, Angola","address":{"town":"Nzagi","state":"Lunda Norte","ISO3166-2-lvl4":"AO-LNO","country":"Angola","country_code":"ao"},"osm_type":"node","osm_id":1709770267,"type":"town","location":[21.3670669,-7.6962734],"bbox":[21.3270669,-7.7362734,21.4070669,-7.6562734]}
{"name":"Nzeto","other_names":{"name:pt":"Nzeto","alt_name":"N'Zeto","old_name":"Ambrizete"},"display_name":"Nzeto, Zaire, Angola","address":{"town":"Nzeto","state":"Zaire","ISO3166-2-lvl4":"AO-ZAI","country":"Angola","country_code":"ao"},"osm_type":"node","osm_id":331385742,"type":"town","location":[12.8685053,-7.2315951],"bbox":[12.8285053,-7.2715951,12.9085053,-7.1915951]}
{"name":"Panguila","other_names":{"name:el":"Πανγκούιλα","name:pt":"Panguila"},"display_name":"Panguila, Luanda, Angola","address":{"town":"Panguila","state":"Luanda","ISO3166-2-lvl4":"AO-LUA","country":"Angola","country_code":"ao"},"osm_type":"node","osm_id":1148112958,"type":"town","location":[13.4474857,-8.6984151],"bbox":[13.4074857,-8.7384151,13.4874857,-8.6584151]}
{"name":"Porto Amboim","other_names":{"name:el":"Πόρτο Αμπόιμ","name:pt":"Porto Amboim","old_name":"Quissonde; Kissonde;Benguela-a-Velha;Benguela Velha"},"display_name":"Porto Amboim, Cuanza Sul, Angola","address":{"town":"Porto Amboim","state":"Cuanza Sul","ISO3166-2-lvl4":"AO-CUS","country":"Angola","country_code":"ao"},"osm_type":"node","osm_id":352680227,"type":"town","location":[13.7578988,-10.7279102],"bbox":[13.7178988,-10.7679102,13.7978988,-10.6879102]}
{"name":"Praia Santo Antônio","display_name":"Praia Santo Antônio, Benguela, Angola","address":{"town":"Praia Santo Antônio","state":"Benguela","ISO3166-2-lvl4":"AO-BGU","country":"Angola","country_code":"ao"},"osm_type":"way","osm_id":1053689541,"type":"beach","location":[13.323370200675676,-12.6105909],"bbox":[13.3211037,-12.6113824,13.3270477,-12.6097283]}
{"name":"Puri","other_names":{"name:el":"Πούρι","name:pt":"Puri"},"display_name":"Puri, Uíge, Angola","address":{"town":"Puri","state":"Uíge","ISO3166-2-lvl4":"AO-UIG","country":"Angola","country_code":"ao"},"osm_type":"node","osm_id":1739019303,"type":"town","location":[15.6527082,-7.6927721],"bbox":[15.6127082,-7.7327721,15.6927082,-7.6527721]}
{"name":"Quibala","other_names":{"name:pt":"Quibala","alt_name":"Kibala"},"display_name":"Quibala, Cuanza Sul, Angola","address":{"town":"Quibala","state":"Cuanza Sul","ISO3166-2-lvl4":"AO-CUS","country":"Angola","country_code":"ao"},"osm_type":"node","osm_id":2130851714,"type":"town","location":[14.9805493,-10.7325439],"bbox":[14.9405493,-10.7725439,15.0205493,-10.6925439]}
{"name":"Quibaxe","display_name":"Quibaxe, Bengo, Angola","address":{"town":"Quibaxe","state":"Bengo","ISO3166-2-lvl4":"AO-BGO","country":"Angola","country_code":"ao"},"osm_type":"node","osm_id":5366016343,"type":"town","location":[14.5909642,-8.4972072],"bbox":[14.5509642,-8.5372072,14.6309642,-8.4572072]}
{"name":"Quibocolo","other_names":{"name:pt":"Quibocolo","alt_name":"Kibocolu"},"display_name":"Quibocolo, Uíge, Angola","address":{"town":"Quibocolo","state":"Uíge","ISO3166-2-lvl4":"AO-UIG","country":"Angola","country_code":"ao"},"osm_type":"node","osm_id":1737990975,"type":"town","location":[15.0685397,-6.2762812],"bbox":[15.0285397,-6.3162812,15.1085397,-6.2362812]}
{"name":"Quilenda","other_names":{"name:pt":"Quilenda","alt_name":"Quienda"},"display_name":"Quilenda, Cuanza Sul, Angola","address":{"town":"Quilenda","state":"Cuanza Sul","ISO3166-2-lvl4":"AO-CUS","country":"Angola","country_code":"ao"},"osm_type":"node","osm_id":2188957585,"type":"town","location":[14.335822,-10.641448],"bbox":[14.295822,-10.681448,14.375822,-10.601448]}
{"name":"Quilengues","display_name":"Quilengues, Huíla, Angola","address":{"town":"Quilengues","state":"Huíla","ISO3166-2-lvl4":"AO-HUI","country":"Angola","country_code":"ao"},"population":96078,"osm_type":"node","osm_id":1949376211,"type":"town","location":[14.0733602,-14.076276],"bbox":[14.0333602,-14.116276,14.1133602,-14.036276],"border":{"name":"Quilengues","other_names":{"name:pt":"Quilengues","official_name":"Município de Quilengues"},"display_name":"Quilengues, Huíla, Angola","address":{"town":"Quilengues","state":"Huíla","ISO3166-2-lvl4":"AO-HUI","country":"Angola","country_code":"ao"},"population":96078,"osm_type":"relation","osm_id":11162241,"type":"administrative","location":[14.0733602,-14.076276],"bbox":[13.5651177,-14.5171637,14.3667764,-13.8039226]}}
{"name":"Quimbele","other_names":{"name:pt":"Quimbele","alt_name":"Kimbele"},"display_name":"Quimbele, Uíge, Angola","address":{"town":"Quimbele","state":"Uíge","ISO3166-2-lvl4":"AO-UIG","country":"Angola","country_code":"ao"},"osm_type":"node","osm_id":701552410,"type":"town","location":[16.2147179,-6.52441],"bbox":[16.1747179,-6.56441,16.2547179,-6.48441]}
{"name":"Quinzala","other_names":{"name:pt":"Quinzala","old_name":"Trinta-e-um de Janeiro; 31 de Janeiro"},"display_name":"Quinzala, Uíge, Angola","address":{"town":"Quinzala","state":"Uíge","ISO3166-2-lvl4":"AO-UIG","country":"Angola","country_code":"ao"},"osm_type":"node","osm_id":1738440071,"type":"town","location":[15.3178888,-6.8982122],"bbox":[15.2778888,-6.9382122,15.3578888,-6.8582122]}
{"name":"Quipungo","other_names":{"name:de":"Quipungo","name:en":"Quipungo","name:es":"Quipungo","name:fr":"Quipungo","name:it":"Quipungo","name:nl":"Quipungo","name:pl":"Quipungo","name:pt":"Quipungo","name:ru":"Кипунго","old_name":"Vila Paiva Couceiro","short_name":"AOHLA160600","old_name:de":"Paiva Couceiro Stadt","old_name:en":"Paiva Couceiro Town;Gambos","old_name:es":"Ciudad de Paiva Couceiro","old_name:fr":"Ville Paiva Couceiro","old_name:it":"Città di Paiva Couceiro","old_name:nl":"Paiva Couceiro Stad","old_name:pl":"Miasto Paiva Couceiro","old_name:pt":"Vila Paiva Couceiro;Gambos","old_name:ru":"Пайва Кусейро Город"},"display_name":"Quipungo, Huíla, Angola","address":{"town":"Quipungo","state":"Huíla","ISO3166-2-lvl4":"AO-HUI","country":"Angola","country_code":"ao"},"population":221502,"osm_type":"node","osm_id":1947726366,"type":"town","location":[14.54879,-14.8256306],"bbox":[14.50879,-14.8656306,14.58879,-14.7856306],"border":{"name":"Quipungo","other_names":{"name:pt":"Quipungo","official_name":"Município do Quipungo","name:de":"Quipungo","name:en":"Quipungo","name:es":"Quipungo","name:fr":"Quipungo","name:it":"Quipungo","name:nl":"Quipungo","name:pl":"Quipungo","name:ru":"Кипунго","old_name":"Vila Paiva Couceiro","short_name":"AOHLA160600","old_name:de":"Paiva Couceiro Stadt","old_name:en":"Paiva Couceiro Town;Gambos","old_name:es":"Ciudad de Paiva Couceiro","old_name:fr":"Ville Paiva Couceiro","old_name:it":"Città di Paiva Couceiro","old_name:nl":"Paiva Couceiro Stad","old_name:pl":"Miasto Paiva Couceiro","old_name:pt":"Vila Paiva Couceiro;Gambos","old_name:ru":"Пайва Кусейро Город"},"display_name":"Quipungo, Huíla, Angola","address":{"town":"Quipungo","state":"Huíla","ISO3166-2-lvl4":"AO-HUI","country":"Angola","country_code":"ao"},"population":221502,"osm_type":"relation","osm_id":11162245,"type":"administrative","location":[14.54879,-14.8256306],"bbox":[14.1337203,-15.6878307,14.933998,-14.3943819]}}
{"name":"Quissaca","display_name":"Quissaca, Uíge, Angola","address":{"town":"Quissaca","state":"Uíge","ISO3166-2-lvl4":"AO-UIG","country":"Angola","country_code":"ao"},"osm_type":"node","osm_id":9695471812,"type":"town","location":[16.3433217,-6.9254895],"bbox":[16.3033217,-6.9654895,16.3833217,-6.8854895]}
{"name":"Quitapa","display_name":"Quitapa, Malanje, Angola","address":{"town":"Quitapa","county":"Quitapa","state":"Malanje","ISO3166-2-lvl4":"AO-MAL","country":"Angola","country_code":"ao"},"osm_type":"node","osm_id":3256703871,"type":"town","location":[18.1990183,-10.3010456],"bbox":[18.1590183,-10.3410456,18.2390183,-10.2610456],"border":{"name":"Quitapa","display_name":"Quitapa, Malanje, Angola","address":{"county":"Quitapa","state":"Malanje","ISO3166-2-lvl4":"AO-MAL","country":"Angola","country_code":"ao"},"osm_type":"relation","osm_id":11807304,"type":"administrative","location":[18.21502210559315,-10.19529635],"bbox":[17.7885619,-10.7227998,18.7106609,-9.6679449]}}
{"name":"Quitexe","other_names":{"name:pt":"Quitexe","alt_name":"Dange Quitexe"},"display_name":"Quitexe, Uíge, Angola","address":{"town":"Quitexe","state":"Uíge","ISO3166-2-lvl4":"AO-UIG","country":"Angola","country_code":"ao"},"osm_type":"node","osm_id":4727830567,"type":"town","location":[15.0415751,-7.9416281],"bbox":[15.0015751,-7.9816281,15.0815751,-7.9016281]}
{"name":"Quituia","other_names":{"name:pt":"Quituia","alt_name":"Banza Quituia"},"display_name":"Quituia, Uíge, Angola","address":{"town":"Quituia","state":"Uíge","ISO3166-2-lvl4":"AO-UIG","country":"Angola","country_code":"ao"},"osm_type":"node","osm_id":12741150357,"type":"town","location":[15.2365887,-7.8343027],"bbox":[15.1965887,-7.8743027,15.2765887,-7.7943027]}
{"name":"Salucunda","display_name":"Salucunda, Lunda Norte, Angola","address":{"town":"Salucunda","state":"Lunda Norte","ISO3166-2-lvl4":"AO-LNO","country":"Angola","country_code":"ao"},"osm_type":"node","osm_id":3214878557,"type":"town","location":[19.8822949,-7.7519777],"bbox":[19.8422949,-7.7919777,19.9222949,-7.7119777]}
{"name":"Sanza Pombo","other_names":{"name:el":"Σάνζα Πόμπο","name:pt":"Sanza Pombo"},"display_name":"Sanza Pombo, Uíge, Angola","address":{"town":"Sanza Pombo","state":"Uíge","ISO3166-2-lvl4":"AO-UIG","country":"Angola","country_code":"ao"},"osm_type":"node","osm_id":1738821696,"type":"town","location":[15.9977989,-7.3096446],"bbox":[15.9577989,-7.3496446,16.0377989,-7.2696446]}
{"name":"Sassalemba","display_name":"Sassalemba, Bengo, Angola","address":{"town":"Sassalemba","state":"Bengo","ISO3166-2-lvl4":"AO-BGO","country":"Angola","country_code":"ao"},"osm_type":"node","osm_id":1148111529,"type":"town","location":[13.5006239,-8.6591751],"bbox":[13.4606239,-8.6991751,13.5406239,-8.6191751]}
{"name":"Sautar","display_name":"Sautar, Malanje, Angola","address":{"town":"Sautar","state":"Malanje","ISO3166-2-lvl4":"AO-MAL","country":"Angola","country_code":"ao"},"osm_type":"node","osm_id":8037906655,"type":"town","location":[18.4419514,-11.1836018],"bbox":[18.4019514,-11.2236018,18.4819514,-11.1436018]}
{"name":"Seles","other_names":{"name:pt":"Seles","alt_name":"Ucu–Seles","old_name":"Vila Nova do Seles"},"display_name":"Seles, Cuanza Sul, Angola","address":{"town":"Seles","state":"Cuanza Sul","ISO3166-2-lvl4":"AO-CUS","country":"Angola","country_code":"ao"},"osm_type":"node","osm_id":5366315471,"type":"town","location":[14.3006319,-11.4065682],"bbox":[14.2606319,-11.4465682,14.3406319,-11.3665682]}
{"name":"Songo","display_name":"Songo, Uíge, Angola","address":{"town":"Songo","state":"Uíge","ISO3166-2-lvl4":"AO-UIG","country":"Angola","country_code":"ao"},"osm_type":"node","osm_id":8067902150,"type":"town","location":[14.8473619,-7.3530133],"bbox":[14.8073619,-7.3930133,14.8873619,-7.3130133]}
{"name":"Soyo","other_names":{"name:el":"Σόγιο","name:pt":"Soyo","old_name:pt":"Santo António do Zaire"},"display_name":"Soyo, Zaire, Angola","address":{"town":"Soyo","state":"Zaire","ISO3166-2-lvl4":"AO-ZAI","country":"Angola","country_code":"ao"},"osm_type":"node","osm_id":2051103707,"type":"town","location":[12.3690144,-6.1387951],"bbox":[12.3290144,-6.1787951,12.4090144,-6.0987951]}
{"name":"Tempué","display_name":"Tempué, Moxico, Angola","address":{"town":"Tempué","state":"Moxico","ISO3166-2-lvl4":"AO-MOX","country":"Angola","country_code":"ao"},"osm_type":"node","osm_id":9643538274,"type":"town","location":[18.8814826,-13.4377409],"bbox":[18.8414826,-13.4777409,18.9214826,-13.3977409]}
{"name":"Tomboco","display_name":"Tomboco, Zaire, Angola","address":{"town":"Tomboco","state":"Zaire","ISO3166-2-lvl4":"AO-ZAI","country":"Angola","country_code":"ao"},"osm_type":"node","osm_id":2170616966,"type":"town","location":[13.3294418,-6.8033305],"bbox":[13.2894418,-6.8433305,13.3694418,-6.7633305]}
{"name":"Tômbua","other_names":{"name:pt":"Tômbua","alt_name":"Tombua, Tombwa, Tômbua, Tômbwa","old_name":"Porto Alexandre","short_name":"AONBE150203"},"display_name":"Tômbua, Namibe, Angola","address":{"town":"Tômbua","state":"Namibe","ISO3166-2-lvl4":"AO-NAM","country":"Angola","country_code":"ao"},"population":187573,"osm_type":"node","osm_id":352755148,"type":"town","location":[11.8540055,-15.8020583],"bbox":[11.8140055,-15.8420583,11.8940055,-15.7620583]}
{"name":"Uemita","other_names":{"name:pt":"Uemita","alt_name":"Quatro de Fevereiro;Vemita"},"display_name":"Uemita, Uíge, Angola","address":{"town":"Uemita","state":"Uíge","ISO3166-2-lvl4":"AO-UIG","country":"Angola","country_code":"ao"},"osm_type":"node","osm_id":2139799790,"type":"town","location":[15.850888,-8.001232],"bbox":[15.810888,-8.041232,15.890888,-7.961232]}
{"display_name":"Uíge, Angola","address":{"state":"Uíge","ISO3166-2-lvl4":"AO-UIG","country":"Angola","country_code":"ao"},"osm_type":"node","osm_id":5534628609,"type":"town","location":[16.1293697,-6.9753205],"bbox":[16.0893697,-7.0153205,16.1693697,-6.9353205]}
{"display_name":"Uíge, Angola","address":{"state":"Uíge","ISO3166-2-lvl4":"AO-UIG","country":"Angola","country_code":"ao"},"osm_type":"node","osm_id":5548818166,"type":"town","location":[15.7298321,-5.9538923],"bbox":[15.6898321,-5.9938923,15.7698321,-5.9138923]}
{"display_name":"Uíge, Angola","address":{"state":"Uíge","ISO3166-2-lvl4":"AO-UIG","country":"Angola","country_code":"ao"},"osm_type":"node","osm_id":5534628530,"type":"town","location":[16.1249923,-6.969377],"bbox":[16.0849923,-7.009377,16.1649923,-6.929377]}
{"display_name":"Uíge, Angola","address":{"state":"Uíge","ISO3166-2-lvl4":"AO-UIG","country":"Angola","country_code":"ao"},"osm_type":"node","osm_id":12006999988,"type":"town","location":[16.2634407,-6.586008],"bbox":[16.2234407,-6.626008,16.3034407,-6.546008]}
{"name":"Ukuma","other_names":{"name:pt":"Ukuma","alt_name":"Cuma"},"display_name":"Ukuma, Huambo, Angola","address":{"town":"Ukuma","state":"Huambo","ISO3166-2-lvl4":"AO-HUA","country":"Angola","country_code":"ao"},"osm_type":"node","osm_id":2135001800,"type":"town","location":[15.06554,-12.8631375],"bbox":[15.02554,-12.9031375,15.10554,-12.8231375]}
{"name":"Virei","other_names":{"name:pt":"Virei","short_name":"AONBE150401"},"display_name":"Virei, Namibe, Angola","address":{"town":"Virei","state":"Namibe","ISO3166-2-lvl4":"AO-NAM","country":"Angola","country_code":"ao"},"population":30000,"osm_type":"node","osm_id":2518935743,"type":"town","location":[12.9488622,-15.7248216],"bbox":[12.9088622,-15.7648216,12.9888622,-15.6848216]}
{"name":"Waku Kungo","other_names":{"name:pt":"Waku-Kungo","alt_name":"Santa Comba Dão;Waco-Kungo;Cela;Vila de Santa Comba Dão;Santa Comba;Uacu Cungo","old_name":"Santa Comba"},"display_name":"Waku Kungo, Cuanza Sul, Angola","address":{"town":"Waku Kungo","state":"Cuanza Sul","ISO3166-2-lvl4":"AO-CUS","country":"Angola","country_code":"ao"},"osm_type":"node","osm_id":2129931663,"type":"town","location":[15.120778,-11.36343],"bbox":[15.080778,-11.40343,15.160778,-11.32343]}
{"name":"Xá-Muteba","other_names":{"alt_name":"Cha Muteba;Xa-Mateba; Xa Muteba","old_name":"5 de Outubro; Cinco de Outubro"},"display_name":"Xá-Muteba, Lunda Norte, Angola","address":{"town":"Xá-Muteba","state":"Lunda Norte","ISO3166-2-lvl4":"AO-LNO","country":"Angola","country_code":"ao"},"osm_type":"node","osm_id":1729009809,"type":"town","location":[17.811253,-9.5169617],"bbox":[17.771253,-9.5569617,17.851253,-9.4769617],"border":{"name":"Xá-Muteba","other_names":{"name:pt":"Xá-Muteba","alt_name":"Cha Muteba;Xa-Mateba; Xa Muteba","old_name":"5 de Outubro; Cinco de Outubro"},"display_name":"Xá-Muteba, Lunda Norte, Angola","address":{"town":"Xá-Muteba","state":"Lunda Norte","ISO3166-2-lvl4":"AO-LNO","country":"Angola","country_code":"ao"},"osm_type":"relation","osm_id":11796197,"type":"administrative","location":[17.811253,-9.5169617],"bbox":[17.2872938,-9.9617949,18.4320143,-8.3513847]}}
{"display_name":"Xá-Muteba, Lunda Norte, Angola","address":{"town":"Xá-Muteba","state":"Lunda Norte","ISO3166-2-lvl4":"AO-LNO","country":"Angola","country_code":"ao"},"osm_type":"node","osm_id":5534057298,"type":"town","location":[17.9801197,-9.2105712],"bbox":[17.9401197,-9.2505712,18.0201197,-9.1705712]}
{"name":"Xangongo","other_names":{"name:de":"Xangongo","name:el":"Σανγκόνγκο","name:en":"Xangongo","name:es":"Xangongo","name:fr":"Xangongo","name:it":"Xangongo","name:nl":"Xangongo","name:pl":"Xangongo","name:pt":"Xangongo","name:ru":"Ксангонго","old_name":"Vila Roçadas","old_name:de":"Roçados","old_name:en":"Roçados","old_name:es":"Roçados","old_name:fr":"Roçados","old_name:it":"Roçados","old_name:nl":"Roçados","old_name:pl":"Roçados","old_name:pt":"Roçados","old_name:ru":"Царапина"},"display_name":"Xangongo, Cunene, Angola","address":{"town":"Xangongo","state":"Cunene","ISO3166-2-lvl4":"AO-CNN","country":"Angola","country_code":"ao"},"population":5000,"osm_type":"node","osm_id":331392461,"type":"town","location":[14.9758269,-16.7437343],"bbox":[14.9358269,-16.7837343,15.0158269,-16.7037343],"border":{"name":"Xangongo","other_names":{"name:pt":"Xangongo","name:de":"Xangongo","name:el":"Σανγκόνγκο","name:en":"Xangongo","name:es":"Xangongo","name:fr":"Xangongo","name:it":"Xangongo","name:nl":"Xangongo","name:pl":"Xangongo","name:ru":"Ксангонго","old_name":"Vila Roçadas","old_name:de":"Roçados","old_name:en":"Roçados","old_name:es":"Roçados","old_name:fr":"Roçados","old_name:it":"Roçados","old_name:nl":"Roçados","old_name:pl":"Roçados","old_name:pt":"Roçados","old_name:ru":"Царапина"},"display_name":"Xangongo, Cunene, Angola","address":{"town":"Xangongo","state":"Cunene","ISO3166-2-lvl4":"AO-CNN","country":"Angola","country_code":"ao"},"population":5000,"osm_type":"way","osm_id":1188727306,"type":"administrative","location":[14.9758269,-16.7437343],"bbox":[14.9563776,-16.7748223,14.9945435,-16.7304419]}}
{"name":"Xassengue","other_names":{"name:pt":"Xassengue","alt_name":"Xasenge"},"display_name":"Xassengue, Lunda Sul, Angola","address":{"town":"Xassengue","state":"Lunda Sul","ISO3166-2-lvl4":"AO-LSU","country":"Angola","country_code":"ao"},"osm_type":"node","osm_id":1744843869,"type":"town","location":[18.5312198,-10.4580869],"bbox":[18.4912198,-10.4980869,18.5712198,-10.4180869]}
{"name":"Xinge","display_name":"Xinge, Lunda Norte, Angola","address":{"town":"Xinge","state":"Lunda Norte","ISO3166-2-lvl4":"AO-LNO","country":"Angola","country_code":"ao"},"osm_type":"node","osm_id":3222559589,"type":"town","location":[19.1363498,-9.7764649],"bbox":[19.0963498,-9.8164649,19.1763498,-9.7364649]}
{"name":"Zambia","other_names":{"name:de":"Sambia","name:en":"Zambia","name:es":"Zambia","name:fr":"Zambia","name:it":"Zambia","name:nl":"Zambia","name:pl":"Zambia","name:pt":"Zambia","name:ru":"Замбия"},"display_name":"Zambia, Cuanza Sul, Angola","address":{"town":"Zambia","state":"Cuanza Sul","ISO3166-2-lvl4":"AO-CUS","country":"Angola","country_code":"ao"},"osm_type":"node","osm_id":6998103260,"type":"town","location":[14.1443449,-10.9432722],"bbox":[14.1043449,-10.9832722,14.1843449,-10.9032722]}
