{"name":"Aixirivall","other_names":{"name:ca":"Aixirivall","name:ru":"Айширивалль"},"display_name":"Aixirivall, Sant Julià de Lòria, AD600, Andorra","address":{"village":"Aixirivall","municipality":"Sant Julià de Lòria","ISO3166-2-lvl7":"AD-06","postcode":"AD600","country":"Andorra","country_code":"ad"},"osm_type":"node","osm_id":64954593,"type":"village","location":[1.5016173,42.4620002],"bbox":[1.4816173,42.4420002,1.5216173,42.4820002]}
{"name":"Aixovall","other_names":{"name:ca":"Aixovall","name:ru":"Ашаваль"},"display_name":"Aixovall, Sant Julià de Lòria, AD600, Andorra","address":{"village":"Aixovall","municipality":"Sant Julià de Lòria","ISO3166-2-lvl7":"AD-06","postcode":"AD600","country":"Andorra","country_code":"ad"},"osm_type":"node","osm_id":64954525,"type":"village","location":[1.4887515,42.4769809],"bbox":[1.4687515,42.4569809,1.5087515,42.4969809]}
{"name":"Ansalonga","other_names":{"name:ca":"Ansalonga","name:ru":"Ансалонга"},"display_name":"Ansalonga, Ordino, AD300, Andorra","address":{"village":"Ansalonga","municipality":"Ordino","ISO3166-2-lvl7":"AD-05","postcode":"AD300","country":"Andorra","country_code":"ad"},"osm_type":"node","osm_id":64954472,"type":"village","location":[1.5221532,42.5690218],"bbox":[1.5021532,42.5490218,1.5421532,42.5890218]}
{"name":"Arans","other_names":{"name:ca":"Arans","name:ru":"Аранс"},"display_name":"Arans, Ordino, AD300, Andorra","address":{"village":"Arans","municipality":"Ordino","ISO3166-2-lvl7":"AD-05","postcode":"AD300","country":"Andorra","country_code":"ad"},"osm_type":"node","osm_id":64954560,"type":"village","location":[1.5180695,42.5825312],"bbox":[1.4980695,42.5625312,1.5380695,42.6025312]}
{"name":"Arinsal","other_names":{"name:ca":"Vallnord - Pal Arinsal","name:ru":"Аринсал"},"display_name":"Arinsal, La Massana, AD400, Andorra","address":{"village":"Arinsal","town":"La Massana","ISO3166-2-lvl7":"AD-04","postcode":"AD400","country":"Andorra","country_code":"ad"},"osm_type":"node","osm_id":64954483,"type":"village","location":[1.4844029,42.5720821],"bbox":[1.4644029,42.5520821,1.5044029,42.5920821]}
{"name":"Aubinyà","other_names":{"name:ca":"Aubinyà","name:ru":"Аубинья"},"display_name":"Aubinyà, Sant Julià de Lòria, AD600, Andorra","address":{"village":"Aubinyà","municipality":"Sant Julià de Lòria","ISO3166-2-lvl7":"AD-06","postcode":"AD600","country":"Andorra","country_code":"ad"},"osm_type":"node","osm_id":64954377,"type":"village","location":[1.4921448,42.45368],"bbox":[1.4721448,42.43368,1.5121448,42.47368]}
{"name":"Bixessarri","other_names":{"name:ca":"Bixessarri","name:ru":"Бишесарри"},"display_name":"Bixessarri, Sant Julià de Lòria, AD600, Andorra","address":{"village":"Bixessarri","municipality":"Sant Julià de Lòria","ISO3166-2-lvl7":"AD-06","postcode":"AD600","country":"Andorra","country_code":"ad"},"osm_type":"node","osm_id":64954400,"type":"village","location":[1.4566808,42.4836288],"bbox":[1.4366808,42.4636288,1.4766808,42.5036288]}
{"name":"Certers","other_names":{"name:ca":"Certers","name:ru":"Сертерс"},"display_name":"Certers, Sant Julià de Lòria, AD600, Andorra","address":{"village":"Certers","municipality":"Sant Julià de Lòria","ISO3166-2-lvl7":"AD-06","postcode":"AD600","country":"Andorra","country_code":"ad"},"osm_type":"node","osm_id":64954598,"type":"village","location":[1.5061537,42.4760797],"bbox":[1.4861537,42.4560797,1.5261537,42.4960797]}
{"name":"el Serrat","other_names":{"name:ca":"El Serrat","name:en":"El Serrat","name:ru":"Эль-Серрат"},"display_name":"el Serrat, Ordino, AD300, Andorra","address":{"village":"el Serrat","municipality":"Ordino","ISO3166-2-lvl7":"AD-05","postcode":"AD300","country":"Andorra","country_code":"ad"},"osm_type":"node","osm_id":64954451,"type":"village","location":[1.5388976,42.6195784],"bbox":[1.5188976,42.5995784,1.5588976,42.6395784]}
{"name":"el Tarter","other_names":{"name:ca":"el Tarter","name:ru":"Эль-Тартер"},"display_name":"el Tarter, Canillo, AD100, Andorra","address":{"village":"el Tarter","municipality":"Canillo","ISO3166-2-lvl7":"AD-02","postcode":"AD100","country":"Andorra","country_code":"ad"},"osm_type":"node","osm_id":64954404,"type":"village","location":[1.6496963,42.5803334],"bbox":[1.6296963,42.5603334,1.6696963,42.6003334]}
{"name":"Engolasters","other_names":{"name:ca":"Engolasters","name:ru":"Энголастерс"},"display_name":"Engolasters, Escaldes-Engordany, AD700, Andorra","address":{"village":"Engolasters","municipality":"Escaldes-Engordany","ISO3166-2-lvl7":"AD-08","postcode":"AD700","country":"Andorra","country_code":"ad"},"osm_type":"node","osm_id":2125730238,"type":"village","location":[1.5592332,42.5105107],"bbox":[1.5392332,42.4905107,1.5792332,42.5305107]}
{"name":"Engordany","other_names":{"name:ca":"Engordany","name:ru":"Энгордань"},"display_name":"Engordany, Escaldes-Engordany, AD700, Andorra","address":{"village":"Engordany","municipality":"Escaldes-Engordany","ISO3166-2-lvl7":"AD-08","postcode":"AD700","country":"Andorra","country_code":"ad"},"osm_type":"node","osm_id":64954477,"type":"village","location":[1.5418913,42.5120512],"bbox":[1.5218913,42.4920512,1.5618913,42.5320512]}
{"name":"Erts","other_names":{"name:ca":"Erts","name:ru":"Эртс"},"display_name":"Erts, La Massana, AD400, Andorra","address":{"village":"Erts","town":"La Massana","ISO3166-2-lvl7":"AD-04","postcode":"AD400","country":"Andorra","country_code":"ad"},"osm_type":"node","osm_id":64954467,"type":"village","location":[1.4965904,42.5614863],"bbox":[1.4765904,42.5414863,1.5165904,42.5814863]}
{"name":"Fontaneda","other_names":{"name:ca":"Fontaneda","name:ru":"Фонтанеда"},"display_name":"Fontaneda, Sant Julià de Lòria, AD600, Andorra","address":{"village":"Fontaneda","municipality":"Sant Julià de Lòria","ISO3166-2-lvl7":"AD-06","postcode":"AD600","country":"Andorra","country_code":"ad"},"osm_type":"node","osm_id":64954508,"type":"village","location":[1.4640242,42.4543091],"bbox":[1.4440242,42.4343091,1.4840242,42.4743091]}
{"name":"Grau Roig","other_names":{"name:ca":"Grau Roig","name:de":"Grau Roig","name:fr":"Grau Roig","name:ru":"Грау Роч"},"display_name":"Grau Roig, Encamp, AD200, Andorra","address":{"village":"Grau Roig","town":"Encamp","ISO3166-2-lvl7":"AD-03","postcode":"AD200","country":"Andorra","country_code":"ad"},"osm_type":"node","osm_id":258361905,"type":"village","location":[1.7017913,42.5368991],"bbox":[1.6817913,42.5168991,1.7217913,42.5568991]}
{"name":"Juberri","other_names":{"name:ca":"Juberri","name:ru":"Джубери"},"display_name":"Juberri, Sant Julià de Lòria, AD600, Andorra","address":{"village":"Juberri","municipality":"Sant Julià de Lòria","ISO3166-2-lvl7":"AD-06","postcode":"AD600","country":"Andorra","country_code":"ad"},"osm_type":"node","osm_id":64954382,"type":"village","location":[1.4917822,42.4391742],"bbox":[1.4717822,42.4191742,1.5117822,42.4591742]}
{"name":"la Cortinada","other_names":{"name:ca":"la Cortinada","name:ru":"Ла-Кортинада"},"display_name":"la Cortinada, Ordino, AD300, Andorra","address":{"village":"la Cortinada","municipality":"Ordino","ISO3166-2-lvl7":"AD-05","postcode":"AD300","country":"Andorra","country_code":"ad"},"osm_type":"node","osm_id":64954546,"type":"village","location":[1.5193446,42.5755678],"bbox":[1.4993446,42.5555678,1.5393446,42.5955678]}
{"name":"la Margineda","other_names":{"name:ca":"la Margineda","name:ru":"Ла Мархинеда"},"display_name":"la Margineda, Andorra la Vella, AD500, Andorra","address":{"village":"la Margineda","municipality":"Andorra la Vella","ISO3166-2-lvl7":"AD-07","postcode":"AD500","country":"Andorra","country_code":"ad"},"osm_type":"node","osm_id":2125770584,"type":"village","location":[1.4913963,42.4870099],"bbox":[1.4713963,42.4670099,1.5113963,42.5070099]}
{"name":"les Bordes d'Envalira","display_name":"les Bordes d'Envalira, Canillo, AD100, Andorra","address":{"village":"les Bordes d'Envalira","municipality":"Canillo","ISO3166-2-lvl7":"AD-02","postcode":"AD100","country":"Andorra","country_code":"ad"},"osm_type":"node","osm_id":3940604188,"type":"village","location":[1.6848967,42.5599673],"bbox":[1.6648967,42.5399673,1.7048967,42.5799673]}
{"name":"Llorts","other_names":{"name:ca":"Llorts","name:ru":"Льортс"},"display_name":"Llorts, Ordino, AD300, Andorra","address":{"village":"Llorts","municipality":"Ordino","ISO3166-2-lvl7":"AD-05","postcode":"AD300","country":"Andorra","country_code":"ad"},"osm_type":"node","osm_id":64954531,"type":"village","location":[1.5261846,42.5962642],"bbox":[1.5061846,42.5762642,1.5461846,42.6162642]}
{"name":"Llumeneres","other_names":{"name:ca":"Llumeneres","name:ru":"Льюменерес"},"display_name":"Llumeneres, Sant Julià de Lòria, AD600, Andorra","address":{"village":"Llumeneres","municipality":"Sant Julià de Lòria","ISO3166-2-lvl7":"AD-06","postcode":"AD600","country":"Andorra","country_code":"ad"},"osm_type":"node","osm_id":64954554,"type":"village","location":[1.5116811,42.4721545],"bbox":[1.4916811,42.4521545,1.5316811,42.4921545]}
{"name":"Meritxell","other_names":{"name:ca":"Meritxell","name:ru":"Меричель"},"display_name":"Meritxell, Canillo, AD100, Andorra","address":{"village":"Meritxell","municipality":"Canillo","ISO3166-2-lvl7":"AD-02","postcode":"AD100","country":"Andorra","country_code":"ad"},"osm_type":"node","osm_id":64954601,"type":"village","location":[1.5906405,42.5536332],"bbox":[1.5706405,42.5336332,1.6106405,42.5736332]}
{"name":"Nagol","other_names":{"name:ca":"Nagol","name:ru":"Наголь"},"display_name":"Nagol, Sant Julià de Lòria, AD600, Andorra","address":{"village":"Nagol","municipality":"Sant Julià de Lòria","ISO3166-2-lvl7":"AD-06","postcode":"AD600","country":"Andorra","country_code":"ad"},"osm_type":"node","osm_id":64954385,"type":"village","location":[1.499592,42.4705142],"bbox":[1.479592,42.4505142,1.519592,42.4905142]}
{"name":"Pal","other_names":{"name:ca":"Pal","name:ru":"Паль"},"display_name":"Pal, La Massana, AD400, Andorra","address":{"village":"Pal","town":"La Massana","ISO3166-2-lvl7":"AD-04","postcode":"AD400","country":"Andorra","country_code":"ad"},"osm_type":"node","osm_id":64954515,"type":"village","location":[1.4759787,42.5457992],"bbox":[1.4559787,42.5257992,1.4959787,42.5657992]}
{"name":"Pas de la Casa","other_names":{"name:ca":"Pas de la Casa","name:fr":"Pas de la case","name:ru":"Пас-де-ла-Каса"},"display_name":"Pas de la Casa, Encamp, AD200, Andorra","address":{"village":"Pas de la Casa","town":"Encamp","ISO3166-2-lvl7":"AD-03","postcode":"AD200","country":"Andorra","country_code":"ad"},"population":2996,"osm_type":"node","osm_id":64954437,"type":"village","location":[1.733494,42.5447098],"bbox":[1.713494,42.5247098,1.753494,42.5647098]}
{"name":"Prats","other_names":{"name:ca":"Prats","name:ru":"Пратс"},"display_name":"Prats, Canillo, AD100, Andorra","address":{"village":"Prats","municipality":"Canillo","ISO3166-2-lvl7":"AD-02","postcode":"AD100","country":"Andorra","country_code":"ad"},"osm_type":"node","osm_id":64954409,"type":"village","location":[1.5936564,42.5605597],"bbox":[1.5736564,42.5405597,1.6136564,42.5805597]}
{"name":"Ransol","other_names":{"name:ca":"Ransol","name:ru":"Рансоль"},"display_name":"Ransol, Canillo, AD100, Andorra","address":{"village":"Ransol","municipality":"Canillo","ISO3166-2-lvl7":"AD-02","postcode":"AD100","country":"Andorra","country_code":"ad"},"osm_type":"node","osm_id":64954457,"type":"village","location":[1.6374847,42.5816768],"bbox":[1.6174847,42.5616768,1.6574847,42.6016768]}
{"name":"Sant Pere","other_names":{"name:ca":"Sant Pere"},"display_name":"Sant Pere, Canillo, AD100, Andorra","address":{"village":"Sant Pere","municipality":"Canillo","ISO3166-2-lvl7":"AD-02","postcode":"AD100","country":"Andorra","country_code":"ad"},"osm_type":"node","osm_id":64954429,"type":"village","location":[1.6531626,42.5785035],"bbox":[1.6331626,42.5585035,1.6731626,42.5985035]}
{"name":"Santa Coloma","other_names":{"name:ca":"Santa Coloma","name:ru":"Санта-Колома"},"display_name":"Santa Coloma, Andorra la Vella, AD500, Andorra","address":{"village":"Santa Coloma","municipality":"Andorra la Vella","ISO3166-2-lvl7":"AD-07","postcode":"AD500","country":"Andorra","country_code":"ad"},"osm_type":"node","osm_id":64954512,"type":"village","location":[1.4997052,42.4949956],"bbox":[1.4797052,42.4749956,1.5197052,42.5149956]}
{"name":"Segudet","other_names":{"name:ca":"Segudet","name:ru":"Сегудет"},"display_name":"Segudet, Ordino, AD300, Andorra","address":{"village":"Segudet","municipality":"Ordino","ISO3166-2-lvl7":"AD-05","postcode":"AD300","country":"Andorra","country_code":"ad"},"osm_type":"node","osm_id":64954570,"type":"village","location":[1.5380568,42.5570637],"bbox":[1.5180568,42.5370637,1.5580568,42.5770637]}
{"name":"Soldeu","other_names":{"name:ca":"Soldeu","name:el":"Σολντέου","name:ru":"Сольдеу"},"display_name":"Soldeu, Canillo, AD100, Andorra","address":{"village":"Soldeu","municipality":"Canillo","ISO3166-2-lvl7":"AD-02","postcode":"AD100","country":"Andorra","country_code":"ad"},"osm_type":"node","osm_id":64954538,"type":"village","location":[1.6682694,42.5768944],"bbox":[1.6482694,42.5568944,1.6882694,42.5968944]}
{"name":"Sornás","other_names":{"name:ca":"Sornàs","name:ru":"Сорнас"},"display_name":"Sornás, Ordino, AD300, Andorra","address":{"village":"Sornás","municipality":"Ordino","ISO3166-2-lvl7":"AD-05","postcode":"AD300","country":"Andorra","country_code":"ad"},"osm_type":"node","osm_id":64954435,"type":"village","location":[1.5274027,42.5649323],"bbox":[1.5074027,42.5449323,1.5474027,42.5849323]}
{"name":"Vila","other_names":{"name:ca":"Vila","name:fr":"Vila","name:ru":"Вила"},"display_name":"Vila, Encamp, AD200, Andorra","address":{"village":"Vila","town":"Encamp","ISO3166-2-lvl7":"AD-03","postcode":"AD200","country":"Andorra","country_code":"ad"},"osm_type":"node","osm_id":64954464,"type":"village","location":[1.5666248,42.5318538],"bbox":[1.5466248,42.5118538,1.5866248,42.5518538]}
{"name":"Xixerella","other_names":{"name:ca":"Xixerella","name:ru":"Шишерелла"},"display_name":"Xixerella, La Massana, AD400, Andorra","address":{"village":"Xixerella","town":"La Massana","ISO3166-2-lvl7":"AD-04","postcode":"AD400","country":"Andorra","country_code":"ad"},"osm_type":"node","osm_id":64954521,"type":"village","location":[1.4878668,42.5531204],"bbox":[1.4678668,42.5331204,1.5078668,42.5731204]}
