{"name":"Batocasse","display_name":"Batocasse, Saint David, Grenada","address":{"hamlet":"Batocasse","county":"Saint David","ISO3166-2-lvl6":"GD-02","country":"Grenada","country_code":"gd"},"osm_type":"node","osm_id":10782730169,"type":"hamlet","location":[-61.6501747,12.034713],"bbox":[-61.6701747,12.014713,-61.6301747,12.054713]}
{"name":"Coal's Gap","display_name":"Coal's Gap, Bellevue, Saint David, Grenada","address":{"hamlet":"Coal's Gap","village":"Bellevue","county":"Saint David","ISO3166-2-lvl6":"GD-02","country":"Grenada","country_code":"gd"},"osm_type":"node","osm_id":11478630009,"type":"hamlet","location":[-61.6683409,12.0483407],"bbox":[-61.6883409,12.0283407,-61.6483409,12.0683407]}
{"name":"Dunfermline","display_name":"Dunfermline, Paradise, Saint Andrew, Grenada","address":{"hamlet":"Dunfermline","village":"Paradise","county":"Saint Andrew","ISO3166-2-lvl6":"GD-01","country":"Grenada","country_code":"gd"},"osm_type":"node","osm_id":10788847236,"type":"hamlet","location":[-61.6277428,12.1415736],"bbox":[-61.6477428,12.1215736,-61.6077428,12.1615736]}
{"name":"Fenton Village","display_name":"Fenton Village, Grand Anse, Saint George, Grenada","address":{"hamlet":"Fenton Village","town":"Grand Anse","county":"Saint George","ISO3166-2-lvl6":"GD-03","country":"Grenada","country_code":"gd"},"osm_type":"node","osm_id":10794027148,"type":"hamlet","location":[-61.752199,12.0293683],"bbox":[-61.772199,12.0093683,-61.732199,12.0493683]}
{"name":"Industry","display_name":"Industry, Duquesne, Saint Mark, Grenada","address":{"hamlet":"Industry","village":"Duquesne","county":"Saint Mark","ISO3166-2-lvl6":"GD-05","country":"Grenada","country_code":"gd"},"osm_type":"node","osm_id":3772090760,"type":"hamlet","location":[-61.6792555,12.2177525],"bbox":[-61.6992555,12.1977525,-61.6592555,12.2377525]}
{"name":"Karland Park","display_name":"Karland Park, Grand Anse, Saint George, Grenada","address":{"hamlet":"Karland Park","town":"Grand Anse","county":"Saint George","ISO3166-2-lvl6":"GD-03","country":"Grenada","country_code":"gd"},"osm_type":"node","osm_id":10794027149,"type":"hamlet","location":[-61.7502786,12.0238488],"bbox":[-61.7702786,12.0038488,-61.7302786,12.0438488]}
{"name":"La Tante","display_name":"La Tante, Pomme Rose, Saint David, Grenada","address":{"hamlet":"La Tante","village":"Pomme Rose","county":"Saint David","ISO3166-2-lvl6":"GD-02","country":"Grenada","country_code":"gd"},"osm_type":"node","osm_id":11478630008,"type":"hamlet","location":[-61.6501706,12.0552272],"bbox":[-61.6701706,12.0352272,-61.6301706,12.0752272]}
{"name":"Lyda","display_name":"Lyda, Marian, Saint George, Grenada","address":{"hamlet":"Lyda","village":"Marian","county":"Saint George","ISO3166-2-lvl6":"GD-03","country":"Grenada","country_code":"gd"},"osm_type":"node","osm_id":10782730134,"type":"hamlet","location":[-61.7257942,12.029713],"bbox":[-61.7457942,12.009713,-61.7057942,12.049713]}
{"name":"Petite Esperance","display_name":"Petite Esperance, Westerhall, Saint David, Grenada","address":{"hamlet":"Petite Esperance","village":"Westerhall","county":"Saint David","ISO3166-2-lvl6":"GD-02","country":"Grenada","country_code":"gd"},"osm_type":"node","osm_id":11478630010,"type":"hamlet","location":[-61.6940165,12.0218819],"bbox":[-61.7140165,12.0018819,-61.6740165,12.0418819]}
{"name":"Red Gate","display_name":"Red Gate, Laura, Saint David, Grenada","address":{"hamlet":"Red Gate","village":"Laura","county":"Saint David","ISO3166-2-lvl6":"GD-02","country":"Grenada","country_code":"gd"},"osm_type":"node","osm_id":1012207579,"type":"hamlet","location":[-61.6923121,12.0296009],"bbox":[-61.7123121,12.0096009,-61.6723121,12.0496009]}
{"name":"Saab","display_name":"Saab, Harford, Saint Andrew, Grenada","address":{"hamlet":"Saab","village":"Harford","county":"Saint Andrew","ISO3166-2-lvl6":"GD-01","country":"Grenada","country_code":"gd"},"osm_type":"node","osm_id":10788847230,"type":"hamlet","location":[-61.6467214,12.1252237],"bbox":[-61.6667214,12.1052237,-61.6267214,12.1452237]}
{"name":"Saint Patrick","display_name":"Saint Patrick, Snell Hall, Saint Patrick, Grenada","address":{"hamlet":"Saint Patrick","village":"Snell Hall","county":"Saint Patrick","ISO3166-2-lvl6":"GD-06","country":"Grenada","country_code":"gd"},"osm_type":"node","osm_id":10788847243,"type":"hamlet","location":[-61.6350539,12.2102986],"bbox":[-61.6550539,12.1902986,-61.6150539,12.2302986],"border":{"name":"Saint Patrick","other_names":{"name:en":"Saint Patrick","ISO3166-2":"GD-06"},"display_name":"Saint Patrick, Grenada","address":{"county":"Saint Patrick","ISO3166-2-lvl6":"GD-06","country":"Grenada","country_code":"gd"},"osm_type":"relation","osm_id":12342346,"type":"administrative","location":[-61.63806771473661,12.1999339],"bbox":[-61.6795206,12.1648533,-61.5437673,12.3309042]}}
{"name":"St. George's University Campus","display_name":"St. George's University Campus, True Blue, Saint George, Grenada","address":{"hamlet":"St. George's University Campus","village":"True Blue","county":"Saint George","ISO3166-2-lvl6":"GD-03","country":"Grenada","country_code":"gd"},"osm_type":"node","osm_id":2440883298,"type":"hamlet","location":[-61.7738568,12.0001428],"bbox":[-61.7938568,11.9801428,-61.7538568,12.0201428]}
{"name":"Westerhall Heights","display_name":"Westerhall Heights, Old Westerhall, Saint David, Grenada","address":{"hamlet":"Westerhall Heights","village":"Old Westerhall","county":"Saint David","ISO3166-2-lvl6":"GD-02","country":"Grenada","country_code":"gd"},"osm_type":"node","osm_id":10782730152,"type":"hamlet","location":[-61.705978,12.0206624],"bbox":[-61.725978,12.0006624,-61.685978,12.0406624]}
