{"name":"Annandale","display_name":"Annandale, Saint George, Grenada","address":{"village":"Annandale","county":"Saint George","ISO3166-2-lvl6":"GD-03","country":"Grenada","country_code":"gd"},"osm_type":"node","osm_id":4579803715,"type":"village","location":[-61.7168199,12.0867946],"bbox":[-61.7368199,12.0667946,-61.6968199,12.1067946]}
{"name":"Argyle","display_name":"Argyle, Carriacou and Petite Martinique, Grenada","address":{"village":"Argyle","county":"Carriacou and Petite Martinique","ISO3166-2-lvl6":"GD-10","country":"Grenada","country_code":"gd"},"osm_type":"node","osm_id":7135279277,"type":"village","location":[-61.4795034,12.4580069],"bbox":[-61.4995034,12.4380069,-61.4595034,12.4780069]}
{"name":"Bathway","display_name":"Bathway, Saint Patrick, Grenada","address":{"village":"Bathway","county":"Saint Patrick","ISO3166-2-lvl6":"GD-06","country":"Grenada","country_code":"gd"},"osm_type":"node","osm_id":4582408649,"type":"village","location":[-61.6166312,12.2093939],"bbox":[-61.6366312,12.1893939,-61.5966312,12.2293939]}
{"name":"Beaulieu","display_name":"Beaulieu, Saint George, Grenada","address":{"village":"Beaulieu","county":"Saint George","ISO3166-2-lvl6":"GD-03","country":"Grenada","country_code":"gd"},"osm_type":"node","osm_id":4580150754,"type":"village","location":[-61.730845,12.0745469],"bbox":[-61.750845,12.0545469,-61.710845,12.0945469]}
{"name":"Beausejour","display_name":"Beausejour, Saint George, Grenada","address":{"village":"Beausejour","county":"Saint George","ISO3166-2-lvl6":"GD-03","country":"Grenada","country_code":"gd"},"osm_type":"node","osm_id":4575827607,"type":"village","location":[-61.7518363,12.0988322],"bbox":[-61.7718363,12.0788322,-61.7318363,12.1188322]}
{"name":"Bellevue","display_name":"Bellevue, Saint David, Grenada","address":{"village":"Bellevue","county":"Saint David","ISO3166-2-lvl6":"GD-02","country":"Grenada","country_code":"gd"},"osm_type":"node","osm_id":4578065296,"type":"village","location":[-61.6621146,12.0525179],"bbox":[-61.6821146,12.0325179,-61.6421146,12.0725179]}
{"name":"Belmont","display_name":"Belmont, Carriacou and Petite Martinique, Grenada","address":{"village":"Belmont","county":"Carriacou and Petite Martinique","ISO3166-2-lvl6":"GD-10","country":"Grenada","country_code":"gd"},"osm_type":"node","osm_id":3092785448,"type":"village","location":[-61.4750305,12.4502397],"bbox":[-61.4950305,12.4302397,-61.4550305,12.4702397]}
{"name":"Belvidere","display_name":"Belvidere, Saint John, Grenada","address":{"village":"Belvidere","county":"Saint John","ISO3166-2-lvl6":"GD-04","country":"Grenada","country_code":"gd"},"osm_type":"node","osm_id":4580840151,"type":"village","location":[-61.6896298,12.1306719],"bbox":[-61.7096298,12.1106719,-61.6696298,12.1506719]}
{"name":"Birchgrove","display_name":"Birchgrove, Saint Andrew, Grenada","address":{"village":"Birchgrove","county":"Saint Andrew","ISO3166-2-lvl6":"GD-01","country":"Grenada","country_code":"gd"},"osm_type":"node","osm_id":4580801918,"type":"village","location":[-61.6722062,12.1119369],"bbox":[-61.6922062,12.0919369,-61.6522062,12.1319369]}
{"name":"Black Bay","display_name":"Black Bay, Saint John, Grenada","address":{"village":"Black Bay","county":"Saint John","ISO3166-2-lvl6":"GD-04","country":"Grenada","country_code":"gd"},"osm_type":"node","osm_id":4586826519,"type":"village","location":[-61.7410209,12.1180782],"bbox":[-61.7610209,12.0980782,-61.7210209,12.1380782]}
{"name":"Boca","display_name":"Boca, Saint George, Grenada","address":{"village":"Boca","county":"Saint George","ISO3166-2-lvl6":"GD-03","country":"Grenada","country_code":"gd"},"osm_type":"node","osm_id":4580150469,"type":"village","location":[-61.7259168,12.0761743],"bbox":[-61.7459168,12.0561743,-61.7059168,12.0961743]}
{"name":"Bogles","display_name":"Bogles, Carriacou and Petite Martinique, Grenada","address":{"village":"Bogles","county":"Carriacou and Petite Martinique","ISO3166-2-lvl6":"GD-10","country":"Grenada","country_code":"gd"},"osm_type":"node","osm_id":3092755093,"type":"village","location":[-61.449015,12.5026024],"bbox":[-61.469015,12.4826024,-61.429015,12.5226024]}
{"name":"Brizan","display_name":"Brizan, Saint George, Grenada","address":{"village":"Brizan","county":"Saint George","ISO3166-2-lvl6":"GD-03","country":"Grenada","country_code":"gd"},"osm_type":"node","osm_id":3136152626,"type":"village","location":[-61.7515957,12.1036566],"bbox":[-61.7715957,12.0836566,-61.7315957,12.1236566]}
{"name":"Calliste","display_name":"Calliste, Saint George, Grenada","address":{"village":"Calliste","county":"Saint George","ISO3166-2-lvl6":"GD-03","country":"Grenada","country_code":"gd"},"osm_type":"node","osm_id":4580781517,"type":"village","location":[-61.7772089,12.0091847],"bbox":[-61.7972089,11.9891847,-61.7572089,12.0291847]}
{"name":"Chantimelle","display_name":"Chantimelle, Saint Patrick, Grenada","address":{"village":"Chantimelle","county":"Saint Patrick","ISO3166-2-lvl6":"GD-06","country":"Grenada","country_code":"gd"},"osm_type":"node","osm_id":4580848192,"type":"village","location":[-61.6639626,12.2088104],"bbox":[-61.6839626,12.1888104,-61.6439626,12.2288104]}
{"name":"Cherry Hill","display_name":"Cherry Hill, Saint George, Grenada","address":{"village":"Cherry Hill","county":"Saint George","ISO3166-2-lvl6":"GD-03","country":"Grenada","country_code":"gd"},"osm_type":"node","osm_id":4579787286,"type":"village","location":[-61.7560773,12.063602],"bbox":[-61.7760773,12.043602,-61.7360773,12.083602]}
{"name":"Clabony","display_name":"Clabony, Saint Andrew, Grenada","address":{"village":"Clabony","county":"Saint Andrew","ISO3166-2-lvl6":"GD-01","country":"Grenada","country_code":"gd"},"osm_type":"node","osm_id":4578065298,"type":"village","location":[-61.6507609,12.1355416],"bbox":[-61.6707609,12.1155416,-61.6307609,12.1555416]}
{"name":"Clozier","display_name":"Clozier, Saint John, Grenada","address":{"village":"Clozier","county":"Saint John","ISO3166-2-lvl6":"GD-04","country":"Grenada","country_code":"gd"},"osm_type":"node","osm_id":3136145307,"type":"village","location":[-61.6978184,12.1436196],"bbox":[-61.7178184,12.1236196,-61.6778184,12.1636196]}
{"name":"Concord","display_name":"Concord, Saint John, Grenada","address":{"village":"Concord","county":"Saint John","ISO3166-2-lvl6":"GD-04","country":"Grenada","country_code":"gd"},"osm_type":"node","osm_id":4579784056,"type":"village","location":[-61.7387086,12.1176003],"bbox":[-61.7587086,12.0976003,-61.7187086,12.1376003]}
{"name":"Confer","display_name":"Confer, Saint George, Grenada","address":{"village":"Confer","county":"Saint George","ISO3166-2-lvl6":"GD-03","country":"Grenada","country_code":"gd"},"osm_type":"node","osm_id":10782730130,"type":"village","location":[-61.7232461,12.0214075],"bbox":[-61.7432461,12.0014075,-61.7032461,12.0414075]}
{"name":"Conference","display_name":"Conference, Saint Andrew, Grenada","address":{"village":"Conference","county":"Saint Andrew","ISO3166-2-lvl6":"GD-01","country":"Grenada","country_code":"gd"},"osm_type":"node","osm_id":4580816377,"type":"village","location":[-61.6173921,12.1603548],"bbox":[-61.6373921,12.1403548,-61.5973921,12.1803548]}
{"name":"Corinth","display_name":"Corinth, Saint David, Grenada","address":{"village":"Corinth","county":"Saint David","ISO3166-2-lvl6":"GD-02","country":"Grenada","country_code":"gd"},"osm_type":"node","osm_id":4578065294,"type":"village","location":[-61.6782976,12.036702],"bbox":[-61.6982976,12.016702,-61.6582976,12.056702]}
{"name":"Crochu","display_name":"Crochu, Saint Andrew, Grenada","address":{"village":"Crochu","county":"Saint Andrew","ISO3166-2-lvl6":"GD-01","country":"Grenada","country_code":"gd"},"osm_type":"node","osm_id":1018050030,"type":"village","location":[-61.6477841,12.0628534],"bbox":[-61.6677841,12.0428534,-61.6277841,12.0828534]}
{"name":"Darbeau","display_name":"Darbeau, Saint George, Grenada","address":{"village":"Darbeau","county":"Saint George","ISO3166-2-lvl6":"GD-03","country":"Grenada","country_code":"gd"},"osm_type":"node","osm_id":4579794653,"type":"village","location":[-61.7502019,12.0658523],"bbox":[-61.7702019,12.0458523,-61.7302019,12.0858523]}
{"name":"Dougaldston","display_name":"Dougaldston, Saint John, Grenada","address":{"village":"Dougaldston","county":"Saint John","ISO3166-2-lvl6":"GD-04","country":"Grenada","country_code":"gd"},"osm_type":"node","osm_id":4580845752,"type":"village","location":[-61.7294575,12.1587595],"bbox":[-61.7494575,12.1387595,-61.7094575,12.1787595]}
{"name":"Dover","display_name":"Dover, Carriacou and Petite Martinique, Grenada","address":{"village":"Dover","county":"Carriacou and Petite Martinique","ISO3166-2-lvl6":"GD-10","country":"Grenada","country_code":"gd"},"osm_type":"node","osm_id":3092755094,"type":"village","location":[-61.4325835,12.5071194],"bbox":[-61.4525835,12.4871194,-61.4125835,12.5271194]}
{"name":"Duquesne","display_name":"Duquesne, Saint Mark, Grenada","address":{"village":"Duquesne","county":"Saint Mark","ISO3166-2-lvl6":"GD-05","country":"Grenada","country_code":"gd"},"osm_type":"node","osm_id":4576156121,"type":"village","location":[-61.6799997,12.2195732],"bbox":[-61.6999997,12.1995732,-61.6599997,12.2395732]}
{"name":"Egmont","display_name":"Egmont, Saint George, Grenada","address":{"village":"Egmont","county":"Saint George","ISO3166-2-lvl6":"GD-03","country":"Grenada","country_code":"gd"},"osm_type":"node","osm_id":4578133926,"type":"village","location":[-61.7265552,12.0083197],"bbox":[-61.7465552,11.9883197,-61.7065552,12.0283197]}
{"name":"Florida","display_name":"Florida, Saint John, Grenada","address":{"village":"Florida","county":"Saint John","ISO3166-2-lvl6":"GD-04","country":"Grenada","country_code":"gd"},"osm_type":"node","osm_id":3136145308,"type":"village","location":[-61.7045871,12.1605209],"bbox":[-61.7245871,12.1405209,-61.6845871,12.1805209]}
{"name":"Fontenoy","display_name":"Fontenoy, Saint George, Grenada","address":{"village":"Fontenoy","county":"Saint George","ISO3166-2-lvl6":"GD-03","country":"Grenada","country_code":"gd"},"osm_type":"node","osm_id":4582629472,"type":"village","location":[-61.7527717,12.0686128],"bbox":[-61.7727717,12.0486128,-61.7327717,12.0886128]}
{"name":"Fort Jeudy","display_name":"Fort Jeudy, Saint George, Grenada","address":{"village":"Fort Jeudy","county":"Saint George","ISO3166-2-lvl6":"GD-03","country":"Grenada","country_code":"gd"},"osm_type":"node","osm_id":1012241064,"type":"village","location":[-61.7142839,12.0088789],"bbox":[-61.7342839,11.9888789,-61.6942839,12.0288789]}
{"name":"Frequente","display_name":"Frequente, Saint George, Grenada","address":{"village":"Frequente","county":"Saint George","ISO3166-2-lvl6":"GD-03","country":"Grenada","country_code":"gd"},"osm_type":"node","osm_id":4580784422,"type":"village","location":[-61.7706754,12.0110262],"bbox":[-61.7906754,11.9910262,-61.7506754,12.0310262]}
{"name":"Grand Anse Housing Scheme","display_name":"Grand Anse Housing Scheme, Saint George, Grenada","address":{"village":"Grand Anse Housing Scheme","county":"Saint George","ISO3166-2-lvl6":"GD-03","country":"Grenada","country_code":"gd"},"osm_type":"node","osm_id":3865015437,"type":"village","location":[-61.7620843,12.0157144],"bbox":[-61.7820843,11.9957144,-61.7420843,12.0357144]}
{"name":"Grand Bay","display_name":"Grand Bay, Carriacou and Petite Martinique, Grenada","address":{"village":"Grand Bay","county":"Carriacou and Petite Martinique","ISO3166-2-lvl6":"GD-10","country":"Grenada","country_code":"gd"},"osm_type":"node","osm_id":279034145,"type":"village","location":[-61.4349593,12.4736418],"bbox":[-61.4549593,12.4536418,-61.4149593,12.4936418]}
{"name":"Grand Bras","display_name":"Grand Bras, Saint Andrew, Grenada","address":{"village":"Grand Bras","county":"Saint Andrew","ISO3166-2-lvl6":"GD-01","country":"Grenada","country_code":"gd"},"osm_type":"node","osm_id":4578065297,"type":"village","location":[-61.6319976,12.1226065],"bbox":[-61.6519976,12.1026065,-61.6119976,12.1426065]}
{"name":"Grand Mal","display_name":"Grand Mal, Saint George, Grenada","address":{"village":"Grand Mal","county":"Saint George","ISO3166-2-lvl6":"GD-03","country":"Grenada","country_code":"gd"},"osm_type":"node","osm_id":3116669167,"type":"village","location":[-61.7556107,12.0797231],"bbox":[-61.7756107,12.0597231,-61.7356107,12.0997231]}
{"name":"Grand Roy","display_name":"Grand Roy, Saint John, Grenada","address":{"village":"Grand Roy","county":"Saint John","ISO3166-2-lvl6":"GD-04","country":"Grenada","country_code":"gd"},"osm_type":"node","osm_id":279035139,"type":"village","location":[-61.7458089,12.1321235],"bbox":[-61.7658089,12.1121235,-61.7258089,12.1521235]}
{"name":"Grenville Vale","display_name":"Grenville Vale, Saint George, Grenada","address":{"village":"Grenville Vale","county":"Saint George","ISO3166-2-lvl6":"GD-03","country":"Grenada","country_code":"gd"},"osm_type":"node","osm_id":4798774966,"type":"village","location":[-61.7350511,12.0883103],"bbox":[-61.7550511,12.0683103,-61.7150511,12.1083103]}
{"name":"Happy Hill","display_name":"Happy Hill, Saint George, Grenada","address":{"village":"Happy Hill","county":"Saint George","ISO3166-2-lvl6":"GD-03","country":"Grenada","country_code":"gd"},"osm_type":"node","osm_id":3136152627,"type":"village","location":[-61.7533519,12.0916225],"bbox":[-61.7733519,12.0716225,-61.7333519,12.1116225]}
{"name":"Harford","display_name":"Harford, Saint Andrew, Grenada","address":{"village":"Harford","county":"Saint Andrew","ISO3166-2-lvl6":"GD-01","country":"Grenada","country_code":"gd"},"osm_type":"node","osm_id":3101780444,"type":"village","location":[-61.6381579,12.1183044],"bbox":[-61.6581579,12.0983044,-61.6181579,12.1383044]}
{"name":"Hermitage","display_name":"Hermitage, Carriacou and Petite Martinique, Grenada","address":{"village":"Hermitage","county":"Carriacou and Petite Martinique","ISO3166-2-lvl6":"GD-10","country":"Grenada","country_code":"gd"},"osm_type":"node","osm_id":3092785449,"type":"village","location":[-61.4886372,12.4508447],"bbox":[-61.5086372,12.4308447,-61.4686372,12.4708447]}
{"name":"Hermitage","display_name":"Hermitage, Saint Patrick, Grenada","address":{"village":"Hermitage","county":"Saint Patrick","ISO3166-2-lvl6":"GD-06","country":"Grenada","country_code":"gd"},"osm_type":"node","osm_id":3136156129,"type":"village","location":[-61.6353812,12.1766094],"bbox":[-61.6553812,12.1566094,-61.6153812,12.1966094]}
{"name":"Hope Vale","display_name":"Hope Vale, Saint George, Grenada","address":{"village":"Hope Vale","county":"Saint George","ISO3166-2-lvl6":"GD-03","country":"Grenada","country_code":"gd"},"osm_type":"node","osm_id":1018050041,"type":"village","location":[-61.7266625,12.0330966],"bbox":[-61.7466625,12.0130966,-61.7066625,12.0530966]}
{"name":"L'Esterre","display_name":"L'Esterre, Carriacou and Petite Martinique, Grenada","address":{"village":"L'Esterre","county":"Carriacou and Petite Martinique","ISO3166-2-lvl6":"GD-10","country":"Grenada","country_code":"gd"},"osm_type":"node","osm_id":3092755095,"type":"village","location":[-61.4830315,12.471685],"bbox":[-61.5030315,12.451685,-61.4630315,12.491685]}
{"name":"La Borie","display_name":"La Borie, Saint George, Grenada","address":{"village":"La Borie","county":"Saint George","ISO3166-2-lvl6":"GD-03","country":"Grenada","country_code":"gd"},"osm_type":"node","osm_id":1018050045,"type":"village","location":[-61.728422,12.0420366],"bbox":[-61.748422,12.0220366,-61.708422,12.0620366]}
{"name":"La Filette","display_name":"La Filette, Saint Andrew, Grenada","address":{"village":"La Filette","county":"Saint Andrew","ISO3166-2-lvl6":"GD-01","country":"Grenada","country_code":"gd"},"osm_type":"node","osm_id":4583633545,"type":"village","location":[-61.6349016,12.1392768],"bbox":[-61.6549016,12.1192768,-61.6149016,12.1592768]}
{"name":"La Fortune","display_name":"La Fortune, Saint Patrick, Grenada","address":{"village":"La Fortune","county":"Saint Patrick","ISO3166-2-lvl6":"GD-06","country":"Grenada","country_code":"gd"},"osm_type":"node","osm_id":4594263015,"type":"village","location":[-61.6347142,12.2187365],"bbox":[-61.6547142,12.1987365,-61.6147142,12.2387365]}
{"name":"La Mode","display_name":"La Mode, Saint George, Grenada","address":{"village":"La Mode","county":"Saint George","ISO3166-2-lvl6":"GD-03","country":"Grenada","country_code":"gd"},"osm_type":"node","osm_id":4580149854,"type":"village","location":[-61.7344865,12.0669127],"bbox":[-61.7544865,12.0469127,-61.7144865,12.0869127]}
{"name":"La Poterie","display_name":"La Poterie, Saint Andrew, Grenada","address":{"village":"La Poterie","county":"Saint Andrew","ISO3166-2-lvl6":"GD-01","country":"Grenada","country_code":"gd"},"osm_type":"node","osm_id":4354437167,"type":"village","location":[-61.6084041,12.1715978],"bbox":[-61.6284041,12.1515978,-61.5884041,12.1915978]}
{"name":"La Sagesse","display_name":"La Sagesse, Saint David, Grenada","address":{"village":"La Sagesse","county":"Saint David","ISO3166-2-lvl6":"GD-02","country":"Grenada","country_code":"gd"},"osm_type":"node","osm_id":4578065295,"type":"village","location":[-61.673316,12.0323484],"bbox":[-61.693316,12.0123484,-61.653316,12.0523484]}
{"name":"La Taste","display_name":"La Taste, Saint Patrick, Grenada","address":{"village":"La Taste","county":"Saint Patrick","ISO3166-2-lvl6":"GD-06","country":"Grenada","country_code":"gd"},"osm_type":"node","osm_id":4580820137,"type":"village","location":[-61.6258367,12.1978872],"bbox":[-61.6458367,12.1778872,-61.6058367,12.2178872]}
{"name":"Lance Aux Epines","display_name":"Lance Aux Epines, Saint George, Grenada","address":{"village":"Lance Aux Epines","county":"Saint George","ISO3166-2-lvl6":"GD-03","country":"Grenada","country_code":"gd"},"osm_type":"node","osm_id":288878676,"type":"village","location":[-61.7571328,11.9960987],"bbox":[-61.7771328,11.9760987,-61.7371328,12.0160987]}
{"name":"Laura","display_name":"Laura, Saint David, Grenada","address":{"village":"Laura","county":"Saint David","ISO3166-2-lvl6":"GD-02","country":"Grenada","country_code":"gd"},"osm_type":"node","osm_id":4580806965,"type":"village","location":[-61.6987478,12.0392535],"bbox":[-61.7187478,12.0192535,-61.6787478,12.0592535]}
{"name":"Levera","display_name":"Levera, Saint Patrick, Grenada","address":{"village":"Levera","county":"Saint Patrick","ISO3166-2-lvl6":"GD-06","country":"Grenada","country_code":"gd"},"osm_type":"node","osm_id":4582408403,"type":"village","location":[-61.6084447,12.2226081],"bbox":[-61.6284447,12.2026081,-61.5884447,12.2426081]}
{"name":"Loretto","display_name":"Loretto, Saint John, Grenada","address":{"village":"Loretto","county":"Saint John","ISO3166-2-lvl6":"GD-04","country":"Grenada","country_code":"gd"},"osm_type":"node","osm_id":4436733463,"type":"village","location":[-61.7196212,12.1619084],"bbox":[-61.7396212,12.1419084,-61.6996212,12.1819084]}
{"name":"Mallfoot","display_name":"Mallfoot, Saint George, Grenada","address":{"village":"Mallfoot","county":"Saint George","ISO3166-2-lvl6":"GD-03","country":"Grenada","country_code":"gd"},"osm_type":"node","osm_id":4798701418,"type":"village","location":[-61.7185516,12.0837172],"bbox":[-61.7385516,12.0637172,-61.6985516,12.1037172]}
{"name":"Maran","display_name":"Maran, Saint John, Grenada","address":{"village":"Maran","county":"Saint John","ISO3166-2-lvl6":"GD-04","country":"Grenada","country_code":"gd"},"osm_type":"node","osm_id":4579765566,"type":"village","location":[-61.7232956,12.1751951],"bbox":[-61.7432956,12.1551951,-61.7032956,12.1951951]}
{"name":"Mardigras","display_name":"Mardigras, Saint George, Grenada","address":{"village":"Mardigras","county":"Saint George","ISO3166-2-lvl6":"GD-03","country":"Grenada","country_code":"gd"},"osm_type":"node","osm_id":4578899555,"type":"village","location":[-61.7209879,12.0525432],"bbox":[-61.7409879,12.0325432,-61.7009879,12.0725432]}
{"name":"Marian","display_name":"Marian, Saint George, Grenada","address":{"village":"Marian","county":"Saint George","ISO3166-2-lvl6":"GD-03","country":"Grenada","country_code":"gd"},"osm_type":"node","osm_id":1012241057,"type":"village","location":[-61.72615,12.0266553],"bbox":[-61.74615,12.0066553,-61.70615,12.0466553]}
{"name":"Marigot","display_name":"Marigot, Saint John, Grenada","address":{"village":"Marigot","county":"Saint John","ISO3166-2-lvl6":"GD-04","country":"Grenada","country_code":"gd"},"osm_type":"node","osm_id":3136152628,"type":"village","location":[-61.7464027,12.1264886],"bbox":[-61.7664027,12.1064886,-61.7264027,12.1464886]}
{"name":"Marlborough","display_name":"Marlborough, Saint George, Grenada","address":{"village":"Marlborough","county":"Saint George","ISO3166-2-lvl6":"GD-03","country":"Grenada","country_code":"gd"},"osm_type":"node","osm_id":1012878556,"type":"village","location":[-61.7263938,12.0444325],"bbox":[-61.7463938,12.0244325,-61.7063938,12.0644325]}
{"name":"Marli","display_name":"Marli, Saint Patrick, Grenada","address":{"village":"Marli","county":"Saint Patrick","ISO3166-2-lvl6":"GD-06","country":"Grenada","country_code":"gd"},"osm_type":"node","osm_id":4594280609,"type":"village","location":[-61.6444494,12.2176822],"bbox":[-61.6644494,12.1976822,-61.6244494,12.2376822]}
{"name":"Marlmount","display_name":"Marlmount, Saint David, Grenada","address":{"village":"Marlmount","county":"Saint David","ISO3166-2-lvl6":"GD-02","country":"Grenada","country_code":"gd"},"osm_type":"node","osm_id":4579760775,"type":"village","location":[-61.6585263,12.0541854],"bbox":[-61.6785263,12.0341854,-61.6385263,12.0741854]}
{"name":"Marquis","display_name":"Marquis, Saint Andrew, Grenada","address":{"village":"Marquis","county":"Saint Andrew","ISO3166-2-lvl6":"GD-01","country":"Grenada","country_code":"gd"},"osm_type":"node","osm_id":279035834,"type":"village","location":[-61.6263412,12.0965669],"bbox":[-61.6463412,12.0765669,-61.6063412,12.1165669]}
{"name":"Moliniere","display_name":"Moliniere, Saint George, Grenada","address":{"village":"Moliniere","county":"Saint George","ISO3166-2-lvl6":"GD-03","country":"Grenada","country_code":"gd"},"osm_type":"node","osm_id":3136152829,"type":"village","location":[-61.7587317,12.0851046],"bbox":[-61.7787317,12.0651046,-61.7387317,12.1051046]}
{"name":"Mont Toute","display_name":"Mont Toute, Saint George, Grenada","address":{"village":"Mont Toute","county":"Saint George","ISO3166-2-lvl6":"GD-03","country":"Grenada","country_code":"gd"},"osm_type":"node","osm_id":4580785922,"type":"village","location":[-61.7553706,12.0189885],"bbox":[-61.7753706,11.9989885,-61.7353706,12.0389885]}
{"name":"Morne Fendue","display_name":"Morne Fendue, Saint Patrick, Grenada","address":{"village":"Morne Fendue","county":"Saint Patrick","ISO3166-2-lvl6":"GD-06","country":"Grenada","country_code":"gd"},"osm_type":"node","osm_id":3136156130,"type":"village","location":[-61.6309024,12.2099918],"bbox":[-61.6509024,12.1899918,-61.6109024,12.2299918]}
{"name":"Morne Gazo","display_name":"Morne Gazo, Saint David, Grenada","address":{"village":"Morne Gazo","county":"Saint David","ISO3166-2-lvl6":"GD-02","country":"Grenada","country_code":"gd"},"osm_type":"node","osm_id":4783739389,"type":"village","location":[-61.7088034,12.0478775],"bbox":[-61.7288034,12.0278775,-61.6888034,12.0678775]}
{"name":"Morne Jaloux","display_name":"Morne Jaloux, Saint George, Grenada","address":{"village":"Morne Jaloux","county":"Saint George","ISO3166-2-lvl6":"GD-03","country":"Grenada","country_code":"gd"},"osm_type":"node","osm_id":1012241062,"type":"village","location":[-61.7338963,12.0374843],"bbox":[-61.7538963,12.0174843,-61.7138963,12.0574843]}
{"name":"Morne Rouge","display_name":"Morne Rouge, Saint George, Grenada","address":{"village":"Morne Rouge","county":"Saint George","ISO3166-2-lvl6":"GD-03","country":"Grenada","country_code":"gd"},"osm_type":"node","osm_id":288865641,"type":"village","location":[-61.7706878,12.020477],"bbox":[-61.7906878,12.000477,-61.7506878,12.040477]}
{"name":"Mount Alexander","display_name":"Mount Alexander, Saint Patrick, Grenada","address":{"village":"Mount Alexander","county":"Saint Patrick","ISO3166-2-lvl6":"GD-06","country":"Grenada","country_code":"gd"},"osm_type":"node","osm_id":4578079193,"type":"village","location":[-61.657771,12.2310082],"bbox":[-61.677771,12.2110082,-61.637771,12.2510082]}
{"name":"Mount Carmel","display_name":"Mount Carmel, Saint Andrew, Grenada","address":{"village":"Mount Carmel","county":"Saint Andrew","ISO3166-2-lvl6":"GD-01","country":"Grenada","country_code":"gd"},"osm_type":"node","osm_id":1018050033,"type":"village","location":[-61.6389435,12.0914738],"bbox":[-61.6589435,12.0714738,-61.6189435,12.1114738]}
{"name":"Mount Craven","display_name":"Mount Craven, Saint Patrick, Grenada","address":{"village":"Mount Craven","county":"Saint Patrick","ISO3166-2-lvl6":"GD-06","country":"Grenada","country_code":"gd"},"osm_type":"node","osm_id":4578076779,"type":"village","location":[-61.6474316,12.2210233],"bbox":[-61.6674316,12.2010233,-61.6274316,12.2410233]}
{"name":"Mount Granby","display_name":"Mount Granby, Saint John, Grenada","address":{"village":"Mount Granby","county":"Saint John","ISO3166-2-lvl6":"GD-04","country":"Grenada","country_code":"gd"},"osm_type":"node","osm_id":4580838978,"type":"village","location":[-61.7253123,12.1423824],"bbox":[-61.7453123,12.1223824,-61.7053123,12.1623824]}
{"name":"Mount Hartman","display_name":"Mount Hartman, Saint George, Grenada","address":{"village":"Mount Hartman","county":"Saint George","ISO3166-2-lvl6":"GD-03","country":"Grenada","country_code":"gd"},"osm_type":"node","osm_id":4580314667,"type":"village","location":[-61.7451633,12.0087212],"bbox":[-61.7651633,11.9887212,-61.7251633,12.0287212]}
{"name":"Mount Horne","display_name":"Mount Horne, Saint Andrew, Grenada","address":{"village":"Mount Horne","county":"Saint Andrew","ISO3166-2-lvl6":"GD-01","country":"Grenada","country_code":"gd"},"osm_type":"node","osm_id":4583631547,"type":"village","location":[-61.6478898,12.1437504],"bbox":[-61.6678898,12.1237504,-61.6278898,12.1637504]}
{"name":"Mount Moritz","display_name":"Mount Moritz, Saint George, Grenada","address":{"village":"Mount Moritz","county":"Saint George","ISO3166-2-lvl6":"GD-03","country":"Grenada","country_code":"gd"},"osm_type":"node","osm_id":3116669168,"type":"village","location":[-61.7472944,12.0815476],"bbox":[-61.7672944,12.0615476,-61.7272944,12.1015476]}
{"name":"Mount Nesbit","display_name":"Mount Nesbit, Saint John, Grenada","address":{"village":"Mount Nesbit","county":"Saint John","ISO3166-2-lvl6":"GD-04","country":"Grenada","country_code":"gd"},"osm_type":"node","osm_id":4582409262,"type":"village","location":[-61.7311551,12.1486984],"bbox":[-61.7511551,12.1286984,-61.7111551,12.1686984]}
{"name":"Mount Parnassus","display_name":"Mount Parnassus, Saint George, Grenada","address":{"village":"Mount Parnassus","county":"Saint George","ISO3166-2-lvl6":"GD-03","country":"Grenada","country_code":"gd"},"osm_type":"node","osm_id":4578046957,"type":"village","location":[-61.7259104,12.0576767],"bbox":[-61.7459104,12.0376767,-61.7059104,12.0776767]}
{"name":"Mount Pleasant","display_name":"Mount Pleasant, Carriacou and Petite Martinique, Grenada","address":{"village":"Mount Pleasant","county":"Carriacou and Petite Martinique","ISO3166-2-lvl6":"GD-10","country":"Grenada","country_code":"gd"},"osm_type":"node","osm_id":3092785451,"type":"village","location":[-61.434828,12.4796018],"bbox":[-61.454828,12.4596018,-61.414828,12.4996018]}
{"name":"Mount Rich","display_name":"Mount Rich, Saint Patrick, Grenada","address":{"village":"Mount Rich","county":"Saint Patrick","ISO3166-2-lvl6":"GD-06","country":"Grenada","country_code":"gd"},"osm_type":"node","osm_id":3136156131,"type":"village","location":[-61.6450934,12.1910051],"bbox":[-61.6650934,12.1710051,-61.6250934,12.2110051]}
{"name":"Mount Rodney","display_name":"Mount Rodney, Saint Patrick, Grenada","address":{"village":"Mount Rodney","county":"Saint Patrick","ISO3166-2-lvl6":"GD-06","country":"Grenada","country_code":"gd"},"osm_type":"node","osm_id":4578079192,"type":"village","location":[-61.6485035,12.2190215],"bbox":[-61.6685035,12.1990215,-61.6285035,12.2390215]}
{"name":"Mount Rose","display_name":"Mount Rose, Saint Patrick, Grenada","address":{"village":"Mount Rose","county":"Saint Patrick","ISO3166-2-lvl6":"GD-06","country":"Grenada","country_code":"gd"},"osm_type":"node","osm_id":4580828371,"type":"village","location":[-61.6260802,12.1842357],"bbox":[-61.6460802,12.1642357,-61.6060802,12.2042357]}
{"name":"Moya","display_name":"Moya, Saint Andrew, Grenada","address":{"village":"Moya","county":"Saint Andrew","ISO3166-2-lvl6":"GD-01","country":"Grenada","country_code":"gd"},"osm_type":"node","osm_id":4583619374,"type":"village","location":[-61.6242289,12.1543674],"bbox":[-61.6442289,12.1343674,-61.6042289,12.1743674]}
{"name":"New Westerhall","display_name":"New Westerhall, Saint George, Grenada","address":{"village":"New Westerhall","county":"Saint George","ISO3166-2-lvl6":"GD-03","country":"Grenada","country_code":"gd"},"osm_type":"node","osm_id":1014178157,"type":"village","location":[-61.710365,12.0020043],"bbox":[-61.730365,11.9820043,-61.690365,12.0220043]}
{"name":"Nianganfoix","display_name":"Nianganfoix, Saint Andrew, Grenada","address":{"village":"Nianganfoix","county":"Saint Andrew","ISO3166-2-lvl6":"GD-01","country":"Grenada","country_code":"gd"},"osm_type":"node","osm_id":4580154694,"type":"village","location":[-61.6713777,12.1195466],"bbox":[-61.6913777,12.0995466,-61.6513777,12.1395466]}
{"name":"Non Pariel","display_name":"Non Pariel, Saint Mark, Grenada","address":{"village":"Non Pariel","county":"Saint Mark","ISO3166-2-lvl6":"GD-05","country":"Grenada","country_code":"gd"},"osm_type":"node","osm_id":4579453329,"type":"village","location":[-61.6895447,12.2132047],"bbox":[-61.7095447,12.1932047,-61.6695447,12.2332047]}
{"name":"Old Westerhall","display_name":"Old Westerhall, Saint David, Grenada","address":{"village":"Old Westerhall","county":"Saint David","ISO3166-2-lvl6":"GD-02","country":"Grenada","country_code":"gd"},"osm_type":"node","osm_id":4578889246,"type":"village","location":[-61.7049518,12.0250767],"bbox":[-61.7249518,12.0050767,-61.6849518,12.0450767]}
{"name":"Paraclete","display_name":"Paraclete, Saint Andrew, Grenada","address":{"village":"Paraclete","county":"Saint Andrew","ISO3166-2-lvl6":"GD-01","country":"Grenada","country_code":"gd"},"osm_type":"node","osm_id":4583630224,"type":"village","location":[-61.6442298,12.1496403],"bbox":[-61.6642298,12.1296403,-61.6242298,12.1696403]}
{"name":"Paradise","display_name":"Paradise, Saint Andrew, Grenada","address":{"village":"Paradise","county":"Saint Andrew","ISO3166-2-lvl6":"GD-01","country":"Grenada","country_code":"gd"},"osm_type":"node","osm_id":4580804277,"type":"village","location":[-61.6218969,12.1380629],"bbox":[-61.6418969,12.1180629,-61.6018969,12.1580629]}
{"name":"Pearls","display_name":"Pearls, Saint Andrew, Grenada","address":{"village":"Pearls","county":"Saint Andrew","ISO3166-2-lvl6":"GD-01","country":"Grenada","country_code":"gd"},"osm_type":"node","osm_id":4578065299,"type":"village","location":[-61.6200127,12.148885],"bbox":[-61.6400127,12.128885,-61.6000127,12.168885]}
{"name":"Perdmontemps","display_name":"Perdmontemps, Saint David, Grenada","address":{"village":"Perdmontemps","county":"Saint David","ISO3166-2-lvl6":"GD-02","country":"Grenada","country_code":"gd"},"osm_type":"node","osm_id":4578867313,"type":"village","location":[-61.7070928,12.0503961],"bbox":[-61.7270928,12.0303961,-61.6870928,12.0703961]}
{"name":"Pomme Rose","other_names":{"name:en":"Pomme Rose","name:gcf":"Ponm Wòz"},"display_name":"Pomme Rose, Saint David, Grenada","address":{"village":"Pomme Rose","county":"Saint David","ISO3166-2-lvl6":"GD-02","country":"Grenada","country_code":"gd"},"osm_type":"node","osm_id":1018050027,"type":"village","location":[-61.6570538,12.0594959],"bbox":[-61.6770538,12.0394959,-61.6370538,12.0794959]}
{"name":"Providence","display_name":"Providence, Saint David, Grenada","address":{"village":"Providence","county":"Saint David","ISO3166-2-lvl6":"GD-02","country":"Grenada","country_code":"gd"},"osm_type":"node","osm_id":1018050050,"type":"village","location":[-61.6779107,12.0519415],"bbox":[-61.6979107,12.0319415,-61.6579107,12.0719415]}
{"name":"River Road","display_name":"River Road, Saint George, Grenada","address":{"village":"River Road","county":"Saint George","ISO3166-2-lvl6":"GD-03","country":"Grenada","country_code":"gd"},"osm_type":"node","osm_id":4579790544,"type":"village","location":[-61.7494013,12.0588997],"bbox":[-61.7694013,12.0388997,-61.7294013,12.0788997]}
{"name":"River Sallee","display_name":"River Sallee, Saint Patrick, Grenada","address":{"village":"River Sallee","county":"Saint Patrick","ISO3166-2-lvl6":"GD-06","country":"Grenada","country_code":"gd"},"osm_type":"node","osm_id":3136156132,"type":"village","location":[-61.6154241,12.1980359],"bbox":[-61.6354241,12.1780359,-61.5954241,12.2180359]}
{"name":"Rose Hill","display_name":"Rose Hill, Saint Patrick, Grenada","address":{"village":"Rose Hill","county":"Saint Patrick","ISO3166-2-lvl6":"GD-06","country":"Grenada","country_code":"gd"},"osm_type":"node","osm_id":4594274402,"type":"village","location":[-61.624991,12.2102074],"bbox":[-61.644991,12.1902074,-61.604991,12.2302074]}
{"name":"Saint Mary","display_name":"Saint Mary, Saint John, Grenada","address":{"village":"Saint Mary","county":"Saint John","ISO3166-2-lvl6":"GD-04","country":"Grenada","country_code":"gd"},"osm_type":"node","osm_id":3136145309,"type":"village","location":[-61.7033476,12.1498541],"bbox":[-61.7233476,12.1298541,-61.6833476,12.1698541]}
{"name":"Saint Paul's","display_name":"Saint Paul's, Saint George, Grenada","address":{"village":"Saint Paul's","county":"Saint George","ISO3166-2-lvl6":"GD-03","country":"Grenada","country_code":"gd"},"osm_type":"node","osm_id":4580335279,"type":"village","location":[-61.7250332,12.0500058],"bbox":[-61.7450332,12.0300058,-61.7050332,12.0700058]}
{"name":"Samaritan","display_name":"Samaritan, Saint Patrick, Grenada","address":{"village":"Samaritan","county":"Saint Patrick","ISO3166-2-lvl6":"GD-06","country":"Grenada","country_code":"gd"},"osm_type":"node","osm_id":4580794706,"type":"village","location":[-61.6696889,12.204573],"bbox":[-61.6896889,12.184573,-61.6496889,12.224573]}
{"name":"Simon","display_name":"Simon, Saint Andrew, Grenada","address":{"village":"Simon","county":"Saint Andrew","ISO3166-2-lvl6":"GD-01","country":"Grenada","country_code":"gd"},"osm_type":"node","osm_id":4365182479,"type":"village","location":[-61.6134314,12.1395717],"bbox":[-61.6334314,12.1195717,-61.5934314,12.1595717]}
{"name":"Six Roads","display_name":"Six Roads, Carriacou and Petite Martinique, Grenada","address":{"village":"Six Roads","county":"Carriacou and Petite Martinique","ISO3166-2-lvl6":"GD-10","country":"Grenada","country_code":"gd"},"osm_type":"node","osm_id":3092785452,"type":"village","location":[-61.4607345,12.4680544],"bbox":[-61.4807345,12.4480544,-61.4407345,12.4880544]}
{"name":"Snell Hall","display_name":"Snell Hall, Saint Patrick, Grenada","address":{"village":"Snell Hall","county":"Saint Patrick","ISO3166-2-lvl6":"GD-06","country":"Grenada","country_code":"gd"},"osm_type":"node","osm_id":4578065300,"type":"village","location":[-61.6350758,12.2069661],"bbox":[-61.6550758,12.1869661,-61.6150758,12.2269661]}
{"name":"Soubise","display_name":"Soubise, Saint Andrew, Grenada","address":{"village":"Soubise","county":"Saint Andrew","ISO3166-2-lvl6":"GD-01","country":"Grenada","country_code":"gd"},"osm_type":"node","osm_id":1018050035,"type":"village","location":[-61.6284255,12.1079024],"bbox":[-61.6484255,12.0879024,-61.6084255,12.1279024]}
{"name":"Telescope","display_name":"Telescope, Saint Andrew, Grenada","address":{"village":"Telescope","county":"Saint Andrew","ISO3166-2-lvl6":"GD-01","country":"Grenada","country_code":"gd"},"osm_type":"node","osm_id":3101780443,"type":"village","location":[-61.6161677,12.1268937],"bbox":[-61.6361677,12.1068937,-61.5961677,12.1468937]}
{"name":"Tivoli","display_name":"Tivoli, Saint Andrew, Grenada","address":{"village":"Tivoli","county":"Saint Andrew","ISO3166-2-lvl6":"GD-01","country":"Grenada","country_code":"gd"},"osm_type":"node","osm_id":279042771,"type":"village","location":[-61.6197047,12.1728809],"bbox":[-61.6397047,12.1528809,-61.5997047,12.1928809]}
{"name":"Top Hill","display_name":"Top Hill, Carriacou and Petite Martinique, Grenada","address":{"village":"Top Hill","county":"Carriacou and Petite Martinique","ISO3166-2-lvl6":"GD-10","country":"Grenada","country_code":"gd"},"osm_type":"node","osm_id":271610676,"type":"village","location":[-61.4473766,12.4769057],"bbox":[-61.4673766,12.4569057,-61.4273766,12.4969057]}
{"name":"True Blue","display_name":"True Blue, Saint George, Grenada","address":{"village":"True Blue","county":"Saint George","ISO3166-2-lvl6":"GD-03","country":"Grenada","country_code":"gd"},"osm_type":"node","osm_id":4578065301,"type":"village","location":[-61.7671994,12.0013683],"bbox":[-61.7871994,11.9813683,-61.7471994,12.0213683]}
{"name":"Union","display_name":"Union, Saint Patrick, Grenada","address":{"village":"Union","county":"Saint Patrick","ISO3166-2-lvl6":"GD-06","country":"Grenada","country_code":"gd"},"osm_type":"node","osm_id":3772090759,"type":"village","location":[-61.6612659,12.2083817],"bbox":[-61.6812659,12.1883817,-61.6412659,12.2283817]}
{"name":"Vendome","display_name":"Vendome, Saint George, Grenada","address":{"village":"Vendome","county":"Saint George","ISO3166-2-lvl6":"GD-03","country":"Grenada","country_code":"gd"},"osm_type":"node","osm_id":4580791467,"type":"village","location":[-61.7130325,12.0821064],"bbox":[-61.7330325,12.0621064,-61.6930325,12.1021064]}
{"name":"Waltham","display_name":"Waltham, Saint Mark, Grenada","address":{"village":"Waltham","county":"Saint Mark","ISO3166-2-lvl6":"GD-05","country":"Grenada","country_code":"gd"},"osm_type":"node","osm_id":4579452361,"type":"village","location":[-61.6971805,12.2071983],"bbox":[-61.7171805,12.1871983,-61.6771805,12.2271983]}
{"name":"Westerhall Point","display_name":"Westerhall Point, Saint David, Grenada","address":{"village":"Westerhall Point","county":"Saint David","ISO3166-2-lvl6":"GD-02","country":"Grenada","country_code":"gd"},"osm_type":"node","osm_id":288911384,"type":"village","location":[-61.7023135,12.0100923],"bbox":[-61.7223135,11.9900923,-61.6823135,12.0300923]}
{"name":"Westerhall","display_name":"Westerhall, Saint David, Grenada","address":{"village":"Westerhall","county":"Saint David","ISO3166-2-lvl6":"GD-02","country":"Grenada","country_code":"gd"},"osm_type":"node","osm_id":1012241053,"type":"village","location":[-61.6964311,12.0185962],"bbox":[-61.7164311,11.9985962,-61.6764311,12.0385962]}
{"name":"Willis","display_name":"Willis, Saint George, Grenada","address":{"village":"Willis","county":"Saint George","ISO3166-2-lvl6":"GD-03","country":"Grenada","country_code":"gd"},"osm_type":"node","osm_id":4579809128,"type":"village","location":[-61.7193971,12.0858023],"bbox":[-61.7393971,12.0658023,-61.6993971,12.1058023]}
{"name":"Windward","display_name":"Windward, Carriacou and Petite Martinique, Grenada","address":{"village":"Windward","county":"Carriacou and Petite Martinique","ISO3166-2-lvl6":"GD-10","country":"Grenada","country_code":"gd"},"osm_type":"node","osm_id":3073687240,"type":"village","location":[-61.4314345,12.5159402],"bbox":[-61.4514345,12.4959402,-61.4114345,12.5359402]}
{"name":"Woburn","display_name":"Woburn, Saint George, Grenada","address":{"village":"Woburn","county":"Saint George","ISO3166-2-lvl6":"GD-03","country":"Grenada","country_code":"gd"},"osm_type":"node","osm_id":4578065293,"type":"village","location":[-61.7356054,12.0225555],"bbox":[-61.7556054,12.0025555,-61.7156054,12.0425555]}
