{"name":"Agatash","display_name":"Agatash, Tumering - Mongrippo (East), Agatash, Cuyuni-Mazaruni, Guyana","address":{"town":"Agatash","city":"Tumering - Mongrippo (East)","county":"Agatash","state":"Cuyuni-Mazaruni","ISO3166-2-lvl4":"GY-CU","country":"Guyana","country_code":"gy"},"osm_type":"node","osm_id":7626347663,"type":"town","location":[-58.6169578,6.3772089],"bbox":[-58.6569578,6.3372089,-58.5769578,6.4172089],"border":{"name":"Agatash","display_name":"Agatash, Cuyuni-Mazaruni, Guyana","address":{"county":"Agatash","state":"Cuyuni-Mazaruni","ISO3166-2-lvl4":"GY-CU","country":"Guyana","country_code":"gy"},"osm_type":"relation","osm_id":11239474,"type":"administrative","location":[-58.64549660892724,6.3803312000000005],"bbox":[-58.6754143,6.3594614,-58.6154187,6.4012092]}}
{"name":"Aishalton / Aishara toon","other_names":{"name:en":"Aishalton","name:wap":"Aishara toon"},"display_name":"Aishalton / Aishara toon, Aishalton - Karaudanawa - Achiwib, Upper Takutu-Upper Essequibo, Guyana","address":{"town":"Aishalton / Aishara toon","county":"Aishalton - Karaudanawa - Achiwib","state":"Upper Takutu-Upper Essequibo","ISO3166-2-lvl4":"GY-UT","country":"Guyana","country_code":"gy"},"population":1018,"osm_type":"node","osm_id":3598959557,"type":"town","location":[-59.3211423,2.4777029],"bbox":[-59.3611423,2.4377029,-59.2811423,2.5177029]}
{"name":"Alness","display_name":"Alness, Hogstye-Lancaster Local Government District, Hogstye - Lancaster, East Berbice-Corentyne, Guyana","address":{"town":"Alness","municipality":"Hogstye-Lancaster Local Government District","county":"Hogstye - Lancaster","state":"East Berbice-Corentyne","ISO3166-2-lvl4":"GY-EB","country":"Guyana","country_code":"gy"},"osm_type":"node","osm_id":571918103,"type":"town","location":[-57.2933378,6.2215515],"bbox":[-57.3333378,6.1815515,-57.2533378,6.2615515]}
{"name":"Annai","display_name":"Annai, Yakarinta - Wowetta - Surama, Upper Takutu-Upper Essequibo, Guyana","address":{"town":"Annai","county":"Yakarinta - Wowetta - Surama","state":"Upper Takutu-Upper Essequibo","ISO3166-2-lvl4":"GY-UT","country":"Guyana","country_code":"gy"},"population":549,"osm_type":"node","osm_id":373016459,"type":"town","location":[-59.1278212,3.9514123],"bbox":[-59.1678212,3.9114123,-59.0878212,3.9914123]}
{"name":"Awarewaunau","other_names":{"name:en":"Awarewaunau","alt_name":"Awaruwaunau"},"display_name":"Awarewaunau, Rest of Region 9, Upper Takutu-Upper Essequibo, Guyana","address":{"town":"Awarewaunau","county":"Rest of Region 9","state":"Upper Takutu-Upper Essequibo","ISO3166-2-lvl4":"GY-UT","country":"Guyana","country_code":"gy"},"population":600,"osm_type":"node","osm_id":3595221933,"type":"town","location":[-59.1978414,2.6506049],"bbox":[-59.2378414,2.6106049,-59.1578414,2.6906049]}
{"name":"Belladrum","display_name":"Belladrum, Profit - Rising Sun, Mahaica-Berbice, Guyana","address":{"town":"Belladrum","county":"Profit - Rising Sun","state":"Mahaica-Berbice","ISO3166-2-lvl4":"GY-MA","country":"Guyana","country_code":"gy"},"osm_type":"node","osm_id":4152013707,"type":"town","location":[-57.7000288,6.5048615],"bbox":[-57.7400288,6.4648615,-57.6600288,6.5448615]}
{"name":"Belle West","display_name":"Belle West, La Grange-Nismes Village District, Essequibo Islands, Guyana","address":{"town":"Belle West","municipality":"La Grange-Nismes Village District","state":"Essequibo Islands","ISO3166-2-lvl4":"GY-ES","country":"Guyana","country_code":"gy"},"population":6000,"osm_type":"node","osm_id":4946181182,"type":"town","location":[-58.2550522,6.7181158],"bbox":[-58.2950522,6.6781158,-58.2150522,6.7581158],"border":{"name":"Belle West","display_name":"Belle West, Essequibo Islands, Guyana","address":{"neighbourhood":"Belle West","state":"Essequibo Islands","ISO3166-2-lvl4":"GY-ES","country":"Guyana","country_code":"gy"},"osm_type":"way","osm_id":502815334,"type":"administrative","location":[-58.254486838430495,6.7233331],"bbox":[-58.2581036,6.7050354,-58.2517582,6.7308207]}}
{"name":"Belvedere","display_name":"Belvedere, Williamsburg-Kilcoy Village District, Corentyne River, East Berbice-Corentyne, Guyana","address":{"town":"Belvedere","municipality":"Williamsburg-Kilcoy Village District","county":"Corentyne River","state":"East Berbice-Corentyne","ISO3166-2-lvl4":"GY-EB","country":"Guyana","country_code":"gy"},"osm_type":"node","osm_id":1629167976,"type":"town","location":[-57.3691136,6.2640988],"bbox":[-57.4091136,6.2240988,-57.3291136,6.3040988]}
{"name":"Better Hope","display_name":"Better Hope, Better Hope - LBI, Demerara-Mahaica, Guyana","address":{"town":"Better Hope","county":"Better Hope - LBI","state":"Demerara-Mahaica","ISO3166-2-lvl4":"GY-DE","country":"Guyana","country_code":"gy"},"osm_type":"node","osm_id":373016179,"type":"town","location":[-58.0872316,6.8159248],"bbox":[-58.1272316,6.7759248,-58.0472316,6.8559248]}
{"name":"Bloomfield","display_name":"Bloomfield, Whim-Bloomfield Local Government District, Whim - Bloomfield, East Berbice-Corentyne, Guyana","address":{"town":"Bloomfield","municipality":"Whim-Bloomfield Local Government District","county":"Whim - Bloomfield","state":"East Berbice-Corentyne","ISO3166-2-lvl4":"GY-EB","country":"Guyana","country_code":"gy"},"osm_type":"node","osm_id":573441546,"type":"town","location":[-57.3235739,6.2328239],"bbox":[-57.3635739,6.1928239,-57.2835739,6.2728239]}
{"name":"Bush Lot","display_name":"Bush Lot, Naarstigheid-Union Local Government District, Union - Naarstigheid, Mahaica-Berbice, Guyana","address":{"town":"Bush Lot","municipality":"Naarstigheid-Union Local Government District","county":"Union - Naarstigheid","state":"Mahaica-Berbice","ISO3166-2-lvl4":"GY-MA","country":"Guyana","country_code":"gy"},"osm_type":"node","osm_id":703932783,"type":"town","location":[-57.6140868,6.4086426],"bbox":[-57.6540868,6.3686426,-57.5740868,6.4486426]}
{"name":"Buxton","display_name":"Buxton, Buxton - Foulis, Demerara-Mahaica, Guyana","address":{"town":"Buxton","county":"Buxton - Foulis","state":"Demerara-Mahaica","ISO3166-2-lvl4":"GY-DE","country":"Guyana","country_code":"gy"},"osm_type":"node","osm_id":373016050,"type":"town","location":[-58.027115,6.7927743],"bbox":[-58.067115,6.7527743,-57.987115,6.8327743]}
{"name":"Canal No. 2","display_name":"Canal No. 2, La Grange-Nismes Village District, Essequibo Islands, Guyana","address":{"town":"Canal No. 2","municipality":"La Grange-Nismes Village District","state":"Essequibo Islands","ISO3166-2-lvl4":"GY-ES","country":"Guyana","country_code":"gy"},"osm_type":"node","osm_id":7644346220,"type":"town","location":[-58.2821219,6.7338028],"bbox":[-58.3221219,6.6938028,-58.2421219,6.7738028]}
{"name":"Cane Field","display_name":"Cane Field, Cane Field - Enterprise, East Berbice-Corentyne, Guyana","address":{"town":"Cane Field","county":"Cane Field - Enterprise","state":"East Berbice-Corentyne","ISO3166-2-lvl4":"GY-EB","country":"Guyana","country_code":"gy"},"osm_type":"node","osm_id":4174626413,"type":"town","location":[-57.4901209,6.2482013],"bbox":[-57.5301209,6.2082013,-57.4501209,6.2882013]}
{"name":"Cane Grove","display_name":"Cane Grove, Cane Grove Country District, Cane Grove, Demerara-Mahaica, Guyana","address":{"town":"Cane Grove","municipality":"Cane Grove Country District","county":"Cane Grove","state":"Demerara-Mahaica","ISO3166-2-lvl4":"GY-DE","country":"Guyana","country_code":"gy"},"osm_type":"node","osm_id":957708664,"type":"town","location":[-57.9218625,6.6252497],"bbox":[-57.9618625,6.5852497,-57.8818625,6.6652497],"border":{"name":"Cane Grove","display_name":"Cane Grove, Demerara-Mahaica, Guyana","address":{"county":"Cane Grove","state":"Demerara-Mahaica","ISO3166-2-lvl4":"GY-DE","country":"Guyana","country_code":"gy"},"osm_type":"relation","osm_id":11231159,"type":"administrative","location":[-57.92932991389755,6.6368006],"bbox":[-57.9674522,6.6014774,-57.8914138,6.6729482]}}
{"name":"Charity","other_names":{"name:en":"Charity","name:es":"Caridad"},"display_name":"Charity, Charity - Urasara, Pomeroon-Supenaam, Guyana","address":{"town":"Charity","county":"Charity - Urasara","state":"Pomeroon-Supenaam","ISO3166-2-lvl4":"GY-PM","country":"Guyana","country_code":"gy"},"osm_type":"node","osm_id":982831179,"type":"town","location":[-58.5974235,7.3960049],"bbox":[-58.6374235,7.3560049,-58.5574235,7.4360049]}
{"name":"Chenapau","display_name":"Chenapau, Chenapau River, Potaro-Siparuni, Guyana","address":{"town":"Chenapau","county":"Chenapau River","state":"Potaro-Siparuni","ISO3166-2-lvl4":"GY-PT","country":"Guyana","country_code":"gy"},"osm_type":"node","osm_id":7667506097,"type":"town","location":[-59.5777089,4.9849235],"bbox":[-59.6177089,4.9449235,-59.5377089,5.0249235]}
{"name":"Corriverton","other_names":{"name:en":"Corriverton","name:es":"Corriverton","old_name":"Springlands"},"display_name":"Corriverton, East Berbice-Corentyne, Guyana","address":{"town":"Corriverton","county":"Corriverton","state":"East Berbice-Corentyne","ISO3166-2-lvl4":"GY-EB","country":"Guyana","country_code":"gy"},"population":11574,"osm_type":"node","osm_id":313714162,"type":"town","location":[-57.1383443,5.8947429],"bbox":[-57.1783443,5.8547429,-57.0983443,5.9347429],"border":[{"name":"Corriverton","display_name":"Corriverton, East Berbice-Corentyne, Guyana","address":{"county":"Corriverton","state":"East Berbice-Corentyne","ISO3166-2-lvl4":"GY-EB","country":"Guyana","country_code":"gy"},"osm_type":"relation","osm_id":11239423,"type":"administrative","location":[-57.171620852541466,5.8856027],"bbox":[-57.2488456,5.8533361,-57.1353153,5.9178422]},{"name":"Corriverton","display_name":"Corriverton, East Berbice-Corentyne, Guyana","address":{"village":"Corriverton","county":"Corriverton","state":"East Berbice-Corentyne","ISO3166-2-lvl4":"GY-EB","country":"Guyana","country_code":"gy"},"osm_type":"way","osm_id":108767350,"type":"administrative","location":[-57.14264872002996,5.8881535],"bbox":[-57.1580981,5.8522145,-57.1328335,5.9169235]}]}
{"name":"Crabwood Creek","display_name":"Crabwood Creek, Jackson Creek - Crabwood Creek, East Berbice-Corentyne, Guyana","address":{"town":"Crabwood Creek","county":"Jackson Creek - Crabwood Creek","state":"East Berbice-Corentyne","ISO3166-2-lvl4":"GY-EB","country":"Guyana","country_code":"gy"},"osm_type":"node","osm_id":4205177591,"type":"town","location":[-57.154546,5.8410742],"bbox":[-57.194546,5.8010742,-57.114546,5.8810742],"border":{"name":"Crabwood Creek","display_name":"Crabwood Creek, Jackson Creek - Crabwood Creek, East Berbice-Corentyne, Guyana","address":{"village":"Crabwood Creek","county":"Jackson Creek - Crabwood Creek","state":"East Berbice-Corentyne","ISO3166-2-lvl4":"GY-EB","country":"Guyana","country_code":"gy"},"osm_type":"way","osm_id":108283523,"type":"administrative","location":[-57.15874291757154,5.83941925],"bbox":[-57.1709276,5.8225196,-57.1473897,5.8565969]}}
{"name":"Craig","display_name":"Craig, Craig-Caledonia Village District, Caledonia - Good Success, Demerara-Mahaica, Guyana","address":{"town":"Craig","municipality":"Craig-Caledonia Village District","county":"Caledonia - Good Success","state":"Demerara-Mahaica","ISO3166-2-lvl4":"GY-DE","country":"Guyana","country_code":"gy"},"osm_type":"node","osm_id":648206258,"type":"town","location":[-58.1840481,6.6890587],"bbox":[-58.2240481,6.6490587,-58.1440481,6.7290587]}
{"name":"Cumberland","display_name":"Cumberland, Sheet Anchor-Cumberland Local Government District, Ordnance - Fortlands, East Berbice-Corentyne, Guyana","address":{"town":"Cumberland","municipality":"Sheet Anchor-Cumberland Local Government District","county":"Ordnance - Fortlands","state":"East Berbice-Corentyne","ISO3166-2-lvl4":"GY-EB","country":"Guyana","country_code":"gy"},"osm_type":"node","osm_id":392013831,"type":"town","location":[-57.4942103,6.2538316],"bbox":[-57.5342103,6.2138316,-57.4542103,6.2938316]}
{"name":"Dartmouth","display_name":"Dartmouth, Dartmouth Village District, Evergreen - Paradise, Pomeroon-Supenaam, Guyana","address":{"town":"Dartmouth","municipality":"Dartmouth Village District","county":"Evergreen - Paradise","state":"Pomeroon-Supenaam","ISO3166-2-lvl4":"GY-PM","country":"Guyana","country_code":"gy"},"osm_type":"node","osm_id":982912581,"type":"town","location":[-58.5005733,7.363677],"bbox":[-58.5405733,7.323677,-58.4605733,7.403677]}
{"name":"Den Amstel","display_name":"Den Amstel, Blankenburg-Hague Village District, Hague - Blankenburg, Essequibo Islands, Guyana","address":{"town":"Den Amstel","municipality":"Blankenburg-Hague Village District","county":"Hague - Blankenburg","state":"Essequibo Islands","ISO3166-2-lvl4":"GY-ES","country":"Guyana","country_code":"gy"},"osm_type":"node","osm_id":702316839,"type":"town","location":[-58.2537688,6.853228],"bbox":[-58.2937688,6.813228,-58.2137688,6.893228]}
{"name":"Dundee","display_name":"Dundee, East Mahaicony Local Government District, Mahaicony - Abary, Mahaica-Berbice, Guyana","address":{"town":"Dundee","municipality":"East Mahaicony Local Government District","county":"Mahaicony - Abary","state":"Mahaica-Berbice","ISO3166-2-lvl4":"GY-MA","country":"Guyana","country_code":"gy"},"osm_type":"node","osm_id":4151936887,"type":"town","location":[-57.7690598,6.5549611],"bbox":[-57.8090598,6.5149611,-57.7290598,6.5949611]}
{"name":"Ebini","display_name":"Ebini, Berbice River Settlements, Upper Demerara-Berbice, Guyana","address":{"town":"Ebini","county":"Berbice River Settlements","state":"Upper Demerara-Berbice","ISO3166-2-lvl4":"GY-UD","country":"Guyana","country_code":"gy"},"osm_type":"node","osm_id":7671872204,"type":"town","location":[-57.7814201,5.566303],"bbox":[-57.8214201,5.526303,-57.7414201,5.606303]}
{"name":"Enmore","display_name":"Enmore, Enmore - Hope, Demerara-Mahaica, Guyana","address":{"town":"Enmore","county":"Enmore - Hope","state":"Demerara-Mahaica","ISO3166-2-lvl4":"GY-DE","country":"Guyana","country_code":"gy"},"osm_type":"node","osm_id":631280740,"type":"town","location":[-57.9890105,6.764081],"bbox":[-58.0290105,6.724081,-57.9490105,6.804081]}
{"name":"Farm","display_name":"Farm, Good Hope - Hydronie, Essequibo Islands, Guyana","address":{"town":"Farm","county":"Good Hope - Hydronie","state":"Essequibo Islands","ISO3166-2-lvl4":"GY-ES","country":"Guyana","country_code":"gy"},"osm_type":"node","osm_id":4135961523,"type":"town","location":[-58.3886321,6.8698873],"bbox":[-58.4286321,6.8298873,-58.3486321,6.9098873]}
{"name":"Goed Fortuin","display_name":"Goed Fortuin, Goed Fortuin Village District, Essequibo Islands, Guyana","address":{"town":"Goed Fortuin","municipality":"Goed Fortuin Village District","state":"Essequibo Islands","ISO3166-2-lvl4":"GY-ES","country":"Guyana","country_code":"gy"},"osm_type":"node","osm_id":373016255,"type":"town","location":[-58.1926874,6.7849097],"bbox":[-58.2326874,6.7449097,-58.1526874,6.8249097]}
{"name":"Golden Grove","display_name":"Golden Grove, Diamond - Golden Grove, Demerara-Mahaica, Guyana","address":{"town":"Golden Grove","county":"Diamond - Golden Grove","state":"Demerara-Mahaica","ISO3166-2-lvl4":"GY-DE","country":"Guyana","country_code":"gy"},"osm_type":"node","osm_id":599686532,"type":"town","location":[-58.1877664,6.7045584],"bbox":[-58.2277664,6.6645584,-58.1477664,6.7445584]}
{"name":"Good Intent","display_name":"Good Intent, La Grange-Nismes Village District, Essequibo Islands, Guyana","address":{"town":"Good Intent","municipality":"La Grange-Nismes Village District","state":"Essequibo Islands","ISO3166-2-lvl4":"GY-ES","country":"Guyana","country_code":"gy"},"osm_type":"node","osm_id":4136567782,"type":"town","location":[-58.2080066,6.7142391],"bbox":[-58.2480066,6.6742391,-58.1680066,6.7542391]}
{"name":"Herstelling","display_name":"Herstelling, Little Diamond - Herstelling, Demerara-Mahaica, Guyana","address":{"town":"Herstelling","county":"Little Diamond - Herstelling","state":"Demerara-Mahaica","ISO3166-2-lvl4":"GY-DE","country":"Guyana","country_code":"gy"},"osm_type":"node","osm_id":1126472952,"type":"town","location":[-58.1862441,6.7460454],"bbox":[-58.2262441,6.7060454,-58.1462441,6.7860454]}
{"name":"Huist T'Dieren","display_name":"Huist T'Dieren, Riverstown-Annandale Local Government District, Good Hope - Pomona, Pomeroon-Supenaam, Guyana","address":{"town":"Huist T'Dieren","municipality":"Riverstown-Annandale Local Government District","county":"Good Hope - Pomona","state":"Pomeroon-Supenaam","ISO3166-2-lvl4":"GY-PM","country":"Guyana","country_code":"gy"},"osm_type":"node","osm_id":4131145157,"type":"town","location":[-58.4842455,7.049265],"bbox":[-58.5242455,7.009265,-58.4442455,7.089265]}
{"name":"Imbaimadai","display_name":"Imbaimadai, Rest of Region 7, Cuyuni-Mazaruni, Guyana","address":{"town":"Imbaimadai","county":"Rest of Region 7","state":"Cuyuni-Mazaruni","ISO3166-2-lvl4":"GY-CU","country":"Guyana","country_code":"gy"},"osm_type":"node","osm_id":7653353284,"type":"town","location":[-60.295501,5.7035031],"bbox":[-60.335501,5.6635031,-60.255501,5.7435031]}
{"name":"Ithaca","display_name":"Ithaca, Blairmont - Gelderland, Mahaica-Berbice, Guyana","address":{"town":"Ithaca","county":"Blairmont - Gelderland","state":"Mahaica-Berbice","ISO3166-2-lvl4":"GY-MA","country":"Guyana","country_code":"gy"},"osm_type":"node","osm_id":5624671350,"type":"town","location":[-57.5425327,6.2276322],"bbox":[-57.5825327,6.1876322,-57.5025327,6.2676322]}
{"name":"Ituni","display_name":"Ituni, Upper Demerara-Berbice, Guyana","address":{"town":"Ituni","state":"Upper Demerara-Berbice","ISO3166-2-lvl4":"GY-UD","country":"Guyana","country_code":"gy"},"osm_type":"node","osm_id":7643722847,"type":"town","location":[-58.2572523,5.5324605],"bbox":[-58.2972523,5.4924605,-58.2172523,5.5724605],"border":{"name":"Ituni","display_name":"Ituni, Upper Demerara-Berbice, Guyana","address":{"town":"Ituni","state":"Upper Demerara-Berbice","ISO3166-2-lvl4":"GY-UD","country":"Guyana","country_code":"gy"},"osm_type":"relation","osm_id":11259942,"type":"administrative","location":[-58.2572523,5.5324605],"bbox":[-58.2618877,5.3619708,-57.8327412,5.6265579]}}
{"name":"Jawalla","display_name":"Jawalla, Karambaru - Kukui River - Pipillipai, Cuyuni-Mazaruni, Guyana","address":{"town":"Jawalla","county":"Karambaru - Kukui River - Pipillipai","state":"Cuyuni-Mazaruni","ISO3166-2-lvl4":"GY-CU","country":"Guyana","country_code":"gy"},"osm_type":"node","osm_id":1573474365,"type":"town","location":[-60.4822157,5.6675081],"bbox":[-60.5222157,5.6275081,-60.4422157,5.7075081]}
{"name":"Kaibarupai","display_name":"Kaibarupai, Potaro-Siparuni, Guyana","address":{"town":"Kaibarupai","county":"Kaibarupai","state":"Potaro-Siparuni","ISO3166-2-lvl4":"GY-PT","country":"Guyana","country_code":"gy"},"osm_type":"node","osm_id":7667489052,"type":"town","location":[-59.9727129,5.0398146],"bbox":[-60.0127129,4.9998146,-59.9327129,5.0798146],"border":{"name":"Kaibarupai","display_name":"Kaibarupai, Potaro-Siparuni, Guyana","address":{"county":"Kaibarupai","state":"Potaro-Siparuni","ISO3166-2-lvl4":"GY-PT","country":"Guyana","country_code":"gy"},"osm_type":"relation","osm_id":11256083,"type":"administrative","location":[-59.95022531120923,5.0087904000000005],"bbox":[-59.9907644,4.9614262,-59.8925194,5.0557793]}}
{"name":"Kaieteur","other_names":{"name:en":"Kaieteur","alt_name":"Menzies Landing"},"display_name":"Kaieteur, Rest of Region 8, Potaro-Siparuni, Guyana","address":{"town":"Kaieteur","county":"Rest of Region 8","state":"Potaro-Siparuni","ISO3166-2-lvl4":"GY-PT","country":"Guyana","country_code":"gy"},"osm_type":"node","osm_id":7627106740,"type":"town","location":[-59.4923225,5.1665898],"bbox":[-59.5323225,5.1265898,-59.4523225,5.2065898]}
{"name":"Kamarang","other_names":{"name:en":"Kamarang","name:es":"Camarán"},"display_name":"Kamarang, Kamarang - Kuku River, Cuyuni-Mazaruni, Guyana","address":{"town":"Kamarang","county":"Kamarang - Kuku River","state":"Cuyuni-Mazaruni","ISO3166-2-lvl4":"GY-CU","country":"Guyana","country_code":"gy"},"osm_type":"node","osm_id":7626490892,"type":"town","location":[-60.612808,5.8651051],"bbox":[-60.652808,5.8251051,-60.572808,5.9051051]}
{"name":"Karasabai","display_name":"Karasabai, Upper Takutu-Upper Essequibo, Guyana","address":{"town":"Karasabai","county":"Karasabai","state":"Upper Takutu-Upper Essequibo","ISO3166-2-lvl4":"GY-UT","country":"Guyana","country_code":"gy"},"osm_type":"node","osm_id":5371170724,"type":"town","location":[-59.5430785,4.0335773],"bbox":[-59.5830785,3.9935773,-59.5030785,4.0735773],"border":{"name":"Karasabai","display_name":"Karasabai, Upper Takutu-Upper Essequibo, Guyana","address":{"county":"Karasabai","state":"Upper Takutu-Upper Essequibo","ISO3166-2-lvl4":"GY-UT","country":"Guyana","country_code":"gy"},"osm_type":"relation","osm_id":11256665,"type":"administrative","location":[-59.619926218401005,4.2312815],"bbox":[-59.7395,3.940895,-59.3576337,4.5201469]}}
{"name":"Kastev","display_name":"Kastev, Uitvlught - Tuschen, Essequibo Islands, Guyana","address":{"town":"Kastev","county":"Uitvlught - Tuschen","state":"Essequibo Islands","ISO3166-2-lvl4":"GY-ES","country":"Guyana","country_code":"gy"},"osm_type":"node","osm_id":7641056683,"type":"town","location":[-58.3150676,6.8804105],"bbox":[-58.3550676,6.8404105,-58.2750676,6.9204105]}
{"name":"Kildonan Ketting","display_name":"Kildonan Ketting, Bush Lot-Adventure Local Government District, Bush Lot - Adventure, East Berbice-Corentyne, Guyana","address":{"town":"Kildonan Ketting","municipality":"Bush Lot-Adventure Local Government District","county":"Bush Lot - Adventure","state":"East Berbice-Corentyne","ISO3166-2-lvl4":"GY-EB","country":"Guyana","country_code":"gy"},"osm_type":"node","osm_id":571918145,"type":"town","location":[-57.2686575,6.202785],"bbox":[-57.3086575,6.162785,-57.2286575,6.242785]}
{"name":"Kopanang","display_name":"Kopanang, Kopanang - Waipa - Kenepai, Potaro-Siparuni, Guyana","address":{"town":"Kopanang","county":"Kopanang - Waipa - Kenepai","state":"Potaro-Siparuni","ISO3166-2-lvl4":"GY-PT","country":"Guyana","country_code":"gy"},"osm_type":"node","osm_id":3836739958,"type":"town","location":[-59.8586885,4.9590787],"bbox":[-59.8986885,4.9190787,-59.8186885,4.9990787]}
{"name":"Kumaka","display_name":"Kumaka, Rest of Region 1, Barima-Waini, Guyana","address":{"town":"Kumaka","county":"Rest of Region 1","state":"Barima-Waini","ISO3166-2-lvl4":"GY-BA","country":"Guyana","country_code":"gy"},"osm_type":"node","osm_id":11389901366,"type":"town","location":[-58.9530015,7.6436231],"bbox":[-58.9930015,7.6036231,-58.9130015,7.6836231]}
{"name":"Kurukubaru","display_name":"Kurukubaru, Maripari River - Kurukabaru, Potaro-Siparuni, Guyana","address":{"town":"Kurukubaru","county":"Maripari River - Kurukabaru","state":"Potaro-Siparuni","ISO3166-2-lvl4":"GY-PT","country":"Guyana","country_code":"gy"},"osm_type":"node","osm_id":697397851,"type":"town","location":[-59.8956543,4.7439635],"bbox":[-59.9356543,4.7039635,-59.8556543,4.7839635]}
{"name":"Kurupukari","display_name":"Kurupukari, Rest of Region 10, Upper Demerara-Berbice, Guyana","address":{"town":"Kurupukari","county":"Rest of Region 10","state":"Upper Demerara-Berbice","ISO3166-2-lvl4":"GY-UD","country":"Guyana","country_code":"gy"},"osm_type":"node","osm_id":373016361,"type":"town","location":[-58.6669732,4.6652017],"bbox":[-58.7069732,4.6252017,-58.6269732,4.7052017]}
{"name":"Kwakwani","display_name":"Kwakwani, Upper Demerara-Berbice, Guyana","address":{"town":"Kwakwani","state":"Upper Demerara-Berbice","ISO3166-2-lvl4":"GY-UD","country":"Guyana","country_code":"gy"},"osm_type":"node","osm_id":6601097147,"type":"town","location":[-58.0607401,5.2669403],"bbox":[-58.1007401,5.2269403,-58.0207401,5.3069403],"border":{"name":"Kwakwani","display_name":"Kwakwani, Upper Demerara-Berbice, Guyana","address":{"town":"Kwakwani","state":"Upper Demerara-Berbice","ISO3166-2-lvl4":"GY-UD","country":"Guyana","country_code":"gy"},"osm_type":"relation","osm_id":11259851,"type":"administrative","location":[-58.0607401,5.2669403],"bbox":[-58.1867542,5.1641786,-57.9368123,5.4985177]}}
{"name":"Lancaster","display_name":"Lancaster, Coomaka Lands, Upper Demerara-Berbice, Guyana","address":{"town":"Lancaster","county":"Coomaka Lands","state":"Upper Demerara-Berbice","ISO3166-2-lvl4":"GY-UD","country":"Guyana","country_code":"gy"},"osm_type":"node","osm_id":7671723732,"type":"town","location":[-58.2494291,5.825587],"bbox":[-58.2894291,5.785587,-58.2094291,5.865587]}
{"name":"Leguan","display_name":"Leguan, Leguan Local Government District, Leguan, Essequibo Islands, Guyana","address":{"town":"Leguan","municipality":"Leguan Local Government District","county":"Leguan","state":"Essequibo Islands","ISO3166-2-lvl4":"GY-ES","country":"Guyana","country_code":"gy"},"osm_type":"node","osm_id":7638867163,"type":"town","location":[-58.4046736,6.9141745],"bbox":[-58.4446736,6.8741745,-58.3646736,6.9541745],"border":{"name":"Leguan","display_name":"Leguan, Essequibo Islands, Guyana","address":{"county":"Leguan","state":"Essequibo Islands","ISO3166-2-lvl4":"GY-ES","country":"Guyana","country_code":"gy"},"osm_type":"relation","osm_id":11222725,"type":"administrative","location":[-58.42716181024819,6.9175542],"bbox":[-58.4739697,6.871371,-58.3485925,6.9639206]}}
{"name":"Lichfield","display_name":"Lichfield, Tempe-Seafield Village District, Seafield - Temple, Mahaica-Berbice, Guyana","address":{"town":"Lichfield","municipality":"Tempe-Seafield Village District","county":"Seafield - Temple","state":"Mahaica-Berbice","ISO3166-2-lvl4":"GY-MA","country":"Guyana","country_code":"gy"},"osm_type":"node","osm_id":631280678,"type":"town","location":[-57.6615422,6.4655185],"bbox":[-57.7015422,6.4255185,-57.6215422,6.5055185]}
{"name":"Little Biabu","display_name":"Little Biabu, Rest of Region 5, Mahaica-Berbice, Guyana","address":{"town":"Little Biabu","county":"Rest of Region 5","state":"Mahaica-Berbice","ISO3166-2-lvl4":"GY-MA","country":"Guyana","country_code":"gy"},"osm_type":"node","osm_id":4131073331,"type":"town","location":[-57.8767749,6.5401495],"bbox":[-57.9167749,6.5001495,-57.8367749,6.5801495]}
{"name":"Mabaruma","other_names":{"name:ar":"ماباروما","name:de":"Mabaruma","name:en":"Mabaruma","name:es":"Mabaruma","name:ru":"Мабарума"},"display_name":"Mabaruma, Mabaruma - Kumaka - Hosororo, Barima-Waini, Guyana","address":{"town":"Mabaruma","state":"Barima-Waini","ISO3166-2-lvl4":"GY-BA","country":"Guyana","country_code":"gy"},"population":1254,"osm_type":"node","osm_id":313675156,"type":"town","location":[-59.784924,8.2037266],"bbox":[-59.824924,8.1637266,-59.744924,8.2437266],"border":{"name":"Mabaruma - Kumaka - Hosororo","other_names":{"name:en":"Mabaruma - Kumaka - Hosororo","name:ar":"ماباروما","name:de":"Mabaruma","name:es":"Mabaruma","name:ru":"Мабарума","alt":"Mabaruma","alt:en":"Mabaruma"},"display_name":"Mabaruma - Kumaka - Hosororo, Barima-Waini, Guyana","address":{"town":"Mabaruma - Kumaka - Hosororo","state":"Barima-Waini","ISO3166-2-lvl4":"GY-BA","country":"Guyana","country_code":"gy"},"population":1254,"osm_type":"relation","osm_id":11215234,"type":"administrative","location":[-59.784924,8.2037266],"bbox":[-59.9968457,8.1270385,-59.6863521,8.5501326]}}
{"name":"Mabura Hill","display_name":"Mabura Hill, Mabura Hills, Upper Demerara-Berbice, Guyana","address":{"town":"Mabura Hill","county":"Mabura Hills","state":"Upper Demerara-Berbice","ISO3166-2-lvl4":"GY-UD","country":"Guyana","country_code":"gy"},"osm_type":"node","osm_id":373016352,"type":"town","location":[-58.6973766,5.2957986],"bbox":[-58.7373766,5.2557986,-58.6573766,5.3357986]}
{"name":"Mahaica","display_name":"Mahaica, Unity - Vereeniging, Demerara-Mahaica, Guyana","address":{"town":"Mahaica","county":"Unity - Vereeniging","state":"Demerara-Mahaica","ISO3166-2-lvl4":"GY-DE","country":"Guyana","country_code":"gy"},"population":5000,"osm_type":"node","osm_id":313706576,"type":"town","location":[-57.9229012,6.6820055],"bbox":[-57.9629012,6.6420055,-57.8829012,6.7220055]}
{"name":"Mahaicony","display_name":"Mahaicony, West Mahaicony Village District, Woodlands - Farm, Mahaica-Berbice, Guyana","address":{"town":"Mahaicony","municipality":"West Mahaicony Village District","county":"Woodlands - Farm","state":"Mahaica-Berbice","ISO3166-2-lvl4":"GY-MA","country":"Guyana","country_code":"gy"},"osm_type":"node","osm_id":631280703,"type":"town","location":[-57.806357,6.572739],"bbox":[-57.846357,6.532739,-57.766357,6.612739]}
{"name":"Mamirpawa","display_name":"Mamirpawa, Marudi, Upper Takutu-Upper Essequibo, Guyana","address":{"town":"Mamirpawa","county":"Marudi","state":"Upper Takutu-Upper Essequibo","ISO3166-2-lvl4":"GY-UT","country":"Guyana","country_code":"gy"},"osm_type":"node","osm_id":7670857706,"type":"town","location":[-59.7372042,1.9493634],"bbox":[-59.7772042,1.9093634,-59.6972042,1.9893634]}
{"name":"Mibikuri","display_name":"Mibikuri, Black Bush Polder, East Berbice-Corentyne, Guyana","address":{"town":"Mibikuri","county":"Black Bush Polder","state":"East Berbice-Corentyne","ISO3166-2-lvl4":"GY-EB","country":"Guyana","country_code":"gy"},"osm_type":"node","osm_id":4202794014,"type":"town","location":[-57.29119,6.1090626],"bbox":[-57.33119,6.0690626,-57.25119,6.1490626]}
{"name":"Morikaibai","display_name":"Morikaibai, St. Francis Mission, Mahaica-Berbice, Guyana","address":{"town":"Morikaibai","county":"St. Francis Mission","state":"Mahaica-Berbice","ISO3166-2-lvl4":"GY-MA","country":"Guyana","country_code":"gy"},"osm_type":"node","osm_id":7647813429,"type":"town","location":[-57.9528996,6.096036],"bbox":[-57.9928996,6.056036,-57.9128996,6.136036]}
{"name":"Nabaclis","display_name":"Nabaclis, Grove-Haslington Local Government District, Haslington - Grove, Demerara-Mahaica, Guyana","address":{"town":"Nabaclis","municipality":"Grove-Haslington Local Government District","county":"Haslington - Grove","state":"Demerara-Mahaica","ISO3166-2-lvl4":"GY-DE","country":"Guyana","country_code":"gy"},"osm_type":"node","osm_id":4130692044,"type":"town","location":[-57.9783772,6.7554951],"bbox":[-58.0183772,6.7154951,-57.9383772,6.7954951]}
{"name":"No. 34 or Tarlogie","display_name":"No. 34 or Tarlogie, Tarlogie - Maida, East Berbice-Corentyne, Guyana","address":{"town":"No. 34 or Tarlogie","county":"Tarlogie - Maida","state":"East Berbice-Corentyne","ISO3166-2-lvl4":"GY-EB","country":"Guyana","country_code":"gy"},"osm_type":"node","osm_id":571476461,"type":"town","location":[-57.2325379,6.1705089],"bbox":[-57.2725379,6.1305089,-57.1925379,6.2105089]}
{"name":"No. 37 Borlam","display_name":"No. 37 Borlam, East Coast Berbice Village District, No.37 - Kintyre, East Berbice-Corentyne, Guyana","address":{"town":"No. 37 Borlam","municipality":"East Coast Berbice Village District","county":"No.37 - Kintyre","state":"East Berbice-Corentyne","ISO3166-2-lvl4":"GY-EB","country":"Guyana","country_code":"gy"},"osm_type":"node","osm_id":573904458,"type":"town","location":[-57.3967728,6.2857258],"bbox":[-57.4367728,6.2457258,-57.3567728,6.3257258]}
{"name":"No. 39 or Eversham","display_name":"No. 39 or Eversham, Joppa - Macedonia, East Berbice-Corentyne, Guyana","address":{"town":"No. 39 or Eversham","county":"Joppa - Macedonia","state":"East Berbice-Corentyne","ISO3166-2-lvl4":"GY-EB","country":"Guyana","country_code":"gy"},"osm_type":"node","osm_id":571918023,"type":"town","location":[-57.2120486,6.1327961],"bbox":[-57.2520486,6.0927961,-57.1720486,6.1727961]}
{"name":"No. 47 or Rising Sun","display_name":"No. 47 or Rising Sun, No. 51 Village - Good Hope, East Berbice-Corentyne, Guyana","address":{"town":"No. 47 or Rising Sun","county":"No. 51 Village - Good Hope","state":"East Berbice-Corentyne","ISO3166-2-lvl4":"GY-EB","country":"Guyana","country_code":"gy"},"osm_type":"node","osm_id":571917904,"type":"town","location":[-57.1910406,6.0806436],"bbox":[-57.2310406,6.0406436,-57.1510406,6.1206436]}
{"name":"No. 54 or Union","display_name":"No. 54 or Union, Upper Corentyne Local Government District, No. 52 - No. 74, East Berbice-Corentyne, Guyana","address":{"town":"No. 54 or Union","municipality":"Upper Corentyne Local Government District","county":"No. 52 - No. 74","state":"East Berbice-Corentyne","ISO3166-2-lvl4":"GY-EB","country":"Guyana","country_code":"gy"},"osm_type":"node","osm_id":571917741,"type":"town","location":[-57.1744371,6.0320341],"bbox":[-57.2144371,5.9920341,-57.1344371,6.0720341]}
{"name":"No. 6","display_name":"No. 6, Blairmont - Gelderland, Mahaica-Berbice, Guyana","address":{"town":"No. 6","county":"Blairmont - Gelderland","state":"Mahaica-Berbice","ISO3166-2-lvl4":"GY-MA","country":"Guyana","country_code":"gy"},"osm_type":"node","osm_id":4156272240,"type":"town","location":[-57.5443889,6.2554511],"bbox":[-57.5843889,6.2154511,-57.5043889,6.2954511]}
{"name":"No. 8","display_name":"No. 8, Bel Air-Woodlands Village District, Woodlands - Bell Air, Mahaica-Berbice, Guyana","address":{"town":"No. 8","municipality":"Bel Air-Woodlands Village District","county":"Woodlands - Bell Air","state":"Mahaica-Berbice","ISO3166-2-lvl4":"GY-MA","country":"Guyana","country_code":"gy"},"osm_type":"node","osm_id":892610680,"type":"town","location":[-57.5693203,6.3327347],"bbox":[-57.6093203,6.2927347,-57.5293203,6.3727347]}
{"name":"Paramakatoi","display_name":"Paramakatoi, Potaro-Siparuni, Guyana","address":{"town":"Paramakatoi","county":"Paramakatoi","state":"Potaro-Siparuni","ISO3166-2-lvl4":"GY-PT","country":"Guyana","country_code":"gy"},"osm_type":"node","osm_id":5231136696,"type":"town","location":[-59.7115101,4.6986744],"bbox":[-59.7515101,4.6586744,-59.6715101,4.7386744],"border":{"name":"Paramakatoi","display_name":"Paramakatoi, Potaro-Siparuni, Guyana","address":{"county":"Paramakatoi","state":"Potaro-Siparuni","ISO3166-2-lvl4":"GY-PT","country":"Guyana","country_code":"gy"},"osm_type":"relation","osm_id":11256501,"type":"administrative","location":[-59.68578796804419,4.704453900000001],"bbox":[-59.7811138,4.5959864,-59.5828525,4.8104082]}}
{"name":"Parika","other_names":{"name:en":"Parika","name:es":"Parika"},"display_name":"Parika, Mora - Parika, Essequibo Islands, Guyana","address":{"town":"Parika","municipality":"Mora - Parika","state":"Essequibo Islands","ISO3166-2-lvl4":"GY-ES","country":"Guyana","country_code":"gy"},"osm_type":"node","osm_id":390952482,"type":"town","location":[-58.4233566,6.8594183],"bbox":[-58.4633566,6.8194183,-58.3833566,6.8994183],"border":{"name":"Mora - Parika","other_names":{"name:en":"Mora - Parika","name:es":"Parika","alt":"Parika-Salem Village District"},"display_name":"Mora - Parika, Essequibo Islands, Guyana","address":{"municipality":"Mora - Parika","state":"Essequibo Islands","ISO3166-2-lvl4":"GY-ES","country":"Guyana","country_code":"gy"},"osm_type":"relation","osm_id":11222784,"type":"administrative","location":[-58.4265738,6.8432038],"bbox":[-58.44659,6.8241084,-58.4053185,6.8654859]}}
{"name":"Paruima","display_name":"Paruima, Cuyuni-Mazaruni, Guyana","address":{"town":"Paruima","county":"Paruima","state":"Cuyuni-Mazaruni","ISO3166-2-lvl4":"GY-CU","country":"Guyana","country_code":"gy"},"osm_type":"node","osm_id":7626363495,"type":"town","location":[-61.0608077,5.8116729],"bbox":[-61.1008077,5.7716729,-61.0208077,5.8516729],"border":{"name":"Paruima","display_name":"Paruima, Cuyuni-Mazaruni, Guyana","address":{"county":"Paruima","state":"Cuyuni-Mazaruni","ISO3166-2-lvl4":"GY-CU","country":"Guyana","country_code":"gy"},"osm_type":"relation","osm_id":11239495,"type":"administrative","location":[-61.047884328959874,5.7805105999999995],"bbox":[-61.3827449,5.5369119,-60.7731602,6.0240585]}}
{"name":"Perth","display_name":"Perth, Hamlet - Chance, Mahaica-Berbice, Guyana","address":{"town":"Perth","county":"Hamlet - Chance","state":"Mahaica-Berbice","ISO3166-2-lvl4":"GY-MA","country":"Guyana","country_code":"gy"},"osm_type":"node","osm_id":4151172890,"type":"town","location":[-57.8006642,6.5546147],"bbox":[-57.8406642,6.5146147,-57.7606642,6.5946147]}
{"name":"Peters Hall","display_name":"Peters Hall, Eccles-Ramsburg Village District, Eccles - Ramsburg, Demerara-Mahaica, Guyana","address":{"town":"Peters Hall","municipality":"Eccles-Ramsburg Village District","county":"Eccles - Ramsburg","state":"Demerara-Mahaica","ISO3166-2-lvl4":"GY-DE","country":"Guyana","country_code":"gy"},"osm_type":"node","osm_id":372952573,"type":"town","location":[-58.1782689,6.7646497],"bbox":[-58.2182689,6.7246497,-58.1382689,6.8046497]}
{"name":"Pipillipai","display_name":"Pipillipai, Karambaru - Kukui River - Pipillipai, Cuyuni-Mazaruni, Guyana","address":{"town":"Pipillipai","county":"Karambaru - Kukui River - Pipillipai","state":"Cuyuni-Mazaruni","ISO3166-2-lvl4":"GY-CU","country":"Guyana","country_code":"gy"},"osm_type":"node","osm_id":7653431216,"type":"town","location":[-60.3731953,5.3600215],"bbox":[-60.4131953,5.3200215,-60.3331953,5.4000215]}
{"name":"Port Kaituma","display_name":"Port Kaituma, Matthews Ridge - Arakaka (Matakai) - Port Kaituma, Barima-Waini, Guyana","address":{"town":"Port Kaituma","county":"Matthews Ridge - Arakaka (Matakai) - Port Kaituma","state":"Barima-Waini","ISO3166-2-lvl4":"GY-BA","country":"Guyana","country_code":"gy"},"osm_type":"node","osm_id":2635111833,"type":"town","location":[-59.8852833,7.7296284],"bbox":[-59.9252833,7.6896284,-59.8452833,7.7696284]}
{"name":"Port Mourant","display_name":"Port Mourant, John-Port Mourant Village District, John - Port Mourant, East Berbice-Corentyne, Guyana","address":{"town":"Port Mourant","municipality":"John-Port Mourant Village District","county":"John - Port Mourant","state":"East Berbice-Corentyne","ISO3166-2-lvl4":"GY-EB","country":"Guyana","country_code":"gy"},"osm_type":"node","osm_id":573904496,"type":"town","location":[-57.3512076,6.2514404],"bbox":[-57.3912076,6.2114404,-57.3112076,6.2914404]}
{"name":"Queenstown","display_name":"Queenstown, Aberdeen - Zorg-en-Vlygt, Pomeroon-Supenaam, Guyana","address":{"town":"Queenstown","county":"Aberdeen - Zorg-en-Vlygt","state":"Pomeroon-Supenaam","ISO3166-2-lvl4":"GY-PM","country":"Guyana","country_code":"gy"},"osm_type":"node","osm_id":982912449,"type":"town","location":[-58.4915489,7.1946239],"bbox":[-58.5315489,7.1546239,-58.4515489,7.2346239]}
{"name":"Rockstone","display_name":"Rockstone, Makouria River, Upper Demerara-Berbice, Guyana","address":{"town":"Rockstone","county":"Makouria River","state":"Upper Demerara-Berbice","ISO3166-2-lvl4":"GY-UD","country":"Guyana","country_code":"gy"},"osm_type":"node","osm_id":3547847642,"type":"town","location":[-58.5374362,5.9912057],"bbox":[-58.5774362,5.9512057,-58.4974362,6.0312057]}
{"name":"Rose Hall","display_name":"Rose Hall, East Berbice-Corentyne, Guyana","address":{"town":"Rose Hall","county":"Rose Hall","state":"East Berbice-Corentyne","ISO3166-2-lvl4":"GY-EB","country":"Guyana","country_code":"gy"},"osm_type":"node","osm_id":2702089949,"type":"town","location":[-57.3559731,6.25409],"bbox":[-57.3959731,6.21409,-57.3159731,6.29409],"border":{"name":"Rose Hall","display_name":"Rose Hall, East Berbice-Corentyne, Guyana","address":{"county":"Rose Hall","state":"East Berbice-Corentyne","ISO3166-2-lvl4":"GY-EB","country":"Guyana","country_code":"gy"},"osm_type":"relation","osm_id":11234663,"type":"administrative","location":[-57.36641008550605,6.2161956499999995],"bbox":[-57.3851785,6.1567832,-57.3492027,6.275247]}}
{"name":"Rosignol","display_name":"Rosignol, Rosignol-Zee Lust Local Government District, Zeelust - Rosignol, Mahaica-Berbice, Guyana","address":{"town":"Rosignol","municipality":"Rosignol-Zee Lust Local Government District","county":"Zeelust - Rosignol","state":"Mahaica-Berbice","ISO3166-2-lvl4":"GY-MA","country":"Guyana","country_code":"gy"},"population":4000,"osm_type":"node","osm_id":392013820,"type":"town","location":[-57.5387925,6.2745779],"bbox":[-57.5787925,6.2345779,-57.4987925,6.3145779]}
{"name":"Sand Creek / Soburun","other_names":{"name:en":"Sand Creek","name:wap":"Soburun"},"display_name":"Sand Creek / Soburun, Sand Creek - Dadanawa - Catunarib - Sawariwau, Upper Takutu-Upper Essequibo, Guyana","address":{"town":"Sand Creek / Soburun","county":"Sand Creek - Dadanawa - Catunarib - Sawariwau","state":"Upper Takutu-Upper Essequibo","ISO3166-2-lvl4":"GY-UT","country":"Guyana","country_code":"gy"},"osm_type":"node","osm_id":7668089297,"type":"town","location":[-59.521073,2.9934291],"bbox":[-59.561073,2.9534291,-59.481073,3.0334291]}
{"name":"Sisters","display_name":"Sisters, Enfield - New Doe Park, East Berbice-Corentyne, Guyana","address":{"town":"Sisters","county":"Enfield - New Doe Park","state":"East Berbice-Corentyne","ISO3166-2-lvl4":"GY-EB","country":"Guyana","country_code":"gy"},"osm_type":"node","osm_id":4166228026,"type":"town","location":[-57.5511466,6.1770815],"bbox":[-57.5911466,6.1370815,-57.5111466,6.2170815]}
{"name":"Soesdyke","display_name":"Soesdyke, Soesdyke Village District, Soesdyke - Huist Coverden, Demerara-Mahaica, Guyana","address":{"town":"Soesdyke","municipality":"Soesdyke Village District","county":"Soesdyke - Huist Coverden","state":"Demerara-Mahaica","ISO3166-2-lvl4":"GY-DE","country":"Guyana","country_code":"gy"},"osm_type":"node","osm_id":648206241,"type":"town","location":[-58.2346309,6.5438819],"bbox":[-58.2746309,6.5038819,-58.1946309,6.5838819]}
{"name":"St. Cuthbert's Mission","display_name":"St. Cuthbert's Mission, Mahaica-Unity Local Government District, St. Cuthberts - Orange Nassau, Demerara-Mahaica, Guyana","address":{"town":"St. Cuthbert's Mission","municipality":"Mahaica-Unity Local Government District","county":"St. Cuthberts - Orange Nassau","state":"Demerara-Mahaica","ISO3166-2-lvl4":"GY-DE","country":"Guyana","country_code":"gy"},"osm_type":"node","osm_id":7647661142,"type":"town","location":[-58.090454,6.3649509],"bbox":[-58.130454,6.3249509,-58.050454,6.4049509]}
{"name":"Stewartville","display_name":"Stewartville, Stewartville Village District, Stewartville - Cornelia Ida, Essequibo Islands, Guyana","address":{"town":"Stewartville","municipality":"Stewartville Village District","county":"Stewartville - Cornelia Ida","state":"Essequibo Islands","ISO3166-2-lvl4":"GY-ES","country":"Guyana","country_code":"gy"},"osm_type":"node","osm_id":685989397,"type":"town","location":[-58.2970981,6.8736079],"bbox":[-58.3370981,6.8336079,-58.2570981,6.9136079]}
{"name":"Suddie","display_name":"Suddie, Riverston - Annandale, Pomeroon-Supenaam, Guyana","address":{"town":"Suddie","county":"Riverston - Annandale","state":"Pomeroon-Supenaam","ISO3166-2-lvl4":"GY-PM","country":"Guyana","country_code":"gy"},"osm_type":"node","osm_id":982912436,"type":"town","location":[-58.4782738,7.1090701],"bbox":[-58.5182738,7.0690701,-58.4382738,7.1490701]}
{"name":"Supenaam","display_name":"Supenaam, Rest of Region 2, Pomeroon-Supenaam, Guyana","address":{"town":"Supenaam","county":"Rest of Region 2","state":"Pomeroon-Supenaam","ISO3166-2-lvl4":"GY-PM","country":"Guyana","country_code":"gy"},"osm_type":"node","osm_id":982912617,"type":"town","location":[-58.5164647,6.9720912],"bbox":[-58.5564647,6.9320912,-58.4764647,7.0120912]}
{"name":"Timehri","display_name":"Timehri, Soesdyke - Linden Highway - Timehri, Demerara-Mahaica, Guyana","address":{"town":"Timehri","county":"Soesdyke - Linden Highway - Timehri","state":"Demerara-Mahaica","ISO3166-2-lvl4":"GY-DE","country":"Guyana","country_code":"gy"},"population":4433,"osm_type":"node","osm_id":648206226,"type":"town","location":[-58.2478138,6.5104415],"bbox":[-58.2878138,6.4704415,-58.2078138,6.5504415]}
{"name":"Tor Bagotville","display_name":"Tor Bagotville, La Grange-Nismes Village District, Essequibo Islands, Guyana","address":{"town":"Tor Bagotville","municipality":"La Grange-Nismes Village District","state":"Essequibo Islands","ISO3166-2-lvl4":"GY-ES","country":"Guyana","country_code":"gy"},"osm_type":"node","osm_id":600469477,"type":"town","location":[-58.2028907,6.7569225],"bbox":[-58.2428907,6.7169225,-58.1628907,6.7969225]}
{"name":"Triumph","display_name":"Triumph, Beterverwagting - Triumph, Demerara-Mahaica, Guyana","address":{"town":"Triumph","county":"Beterverwagting - Triumph","state":"Demerara-Mahaica","ISO3166-2-lvl4":"GY-DE","country":"Guyana","country_code":"gy"},"osm_type":"node","osm_id":595783256,"type":"town","location":[-58.0558418,6.8094293],"bbox":[-58.0958418,6.7694293,-58.0158418,6.8494293]}
{"name":"Vergenogen","display_name":"Vergenogen, Greenwich Park - Vergenoegen, Essequibo Islands, Guyana","address":{"town":"Vergenogen","county":"Greenwich Park - Vergenoegen","state":"Essequibo Islands","ISO3166-2-lvl4":"GY-ES","country":"Guyana","country_code":"gy"},"osm_type":"node","osm_id":685989339,"type":"town","location":[-58.3555525,6.8771368],"bbox":[-58.3955525,6.8371368,-58.3155525,6.9171368]}
{"name":"Vriesland","display_name":"Vriesland, Amsterdam - Vriesland, Essequibo Islands, Guyana","address":{"town":"Vriesland","county":"Amsterdam - Vriesland","state":"Essequibo Islands","ISO3166-2-lvl4":"GY-ES","country":"Guyana","country_code":"gy"},"osm_type":"node","osm_id":4136567785,"type":"town","location":[-58.1956146,6.68961],"bbox":[-58.2356146,6.64961,-58.1556146,6.72961]}
{"name":"Wakenaam","display_name":"Wakenaam, Wakenaam Local Government District, Wakenaam, Essequibo Islands, Guyana","address":{"town":"Wakenaam","municipality":"Wakenaam Local Government District","county":"Wakenaam","state":"Essequibo Islands","ISO3166-2-lvl4":"GY-ES","country":"Guyana","country_code":"gy"},"osm_type":"node","osm_id":7638865397,"type":"town","location":[-58.473132,6.9552432],"bbox":[-58.513132,6.9152432,-58.433132,6.9952432],"border":{"name":"Wakenaam","display_name":"Wakenaam, Essequibo Islands, Guyana","address":{"county":"Wakenaam","state":"Essequibo Islands","ISO3166-2-lvl4":"GY-ES","country":"Guyana","country_code":"gy"},"osm_type":"relation","osm_id":11222723,"type":"administrative","location":[-58.454429977149445,6.9579259],"bbox":[-58.5191596,6.8918646,-58.4008205,7.0237685]}}
{"name":"Waramadong","display_name":"Waramadong, Cuyuni-Mazaruni, Guyana","address":{"town":"Waramadong","county":"Waramadong","state":"Cuyuni-Mazaruni","ISO3166-2-lvl4":"GY-CU","country":"Guyana","country_code":"gy"},"osm_type":"node","osm_id":7651156812,"type":"town","location":[-60.7691757,5.8067889],"bbox":[-60.8091757,5.7667889,-60.7291757,5.8467889],"border":{"name":"Waramadong","display_name":"Waramadong, Cuyuni-Mazaruni, Guyana","address":{"county":"Waramadong","state":"Cuyuni-Mazaruni","ISO3166-2-lvl4":"GY-CU","country":"Guyana","country_code":"gy"},"osm_type":"relation","osm_id":11239566,"type":"administrative","location":[-60.80145699764765,5.8651421],"bbox":[-60.8525682,5.7989341,-60.7108341,5.9313889]}}
{"name":"Williamsburg","display_name":"Williamsburg, Hampshire - Kilcoy, East Berbice-Corentyne, Guyana","address":{"town":"Williamsburg","county":"Hampshire - Kilcoy","state":"East Berbice-Corentyne","ISO3166-2-lvl4":"GY-EB","country":"Guyana","country_code":"gy"},"osm_type":"node","osm_id":2702089950,"type":"town","location":[-57.3607052,6.2595117],"bbox":[-57.4007052,6.2195117,-57.3207052,6.2995117]}
{"name":"Windsor Forrest","display_name":"Windsor Forrest, Nouvelle Flanders-La Jalousie Village District, La Jalousie - Nouvelle Flanders, Essequibo Islands, Guyana","address":{"town":"Windsor Forrest","municipality":"Nouvelle Flanders-La Jalousie Village District","county":"La Jalousie - Nouvelle Flanders","state":"Essequibo Islands","ISO3166-2-lvl4":"GY-ES","country":"Guyana","country_code":"gy"},"osm_type":"node","osm_id":595783122,"type":"town","location":[-58.2368189,6.8464091],"bbox":[-58.2768189,6.8064091,-58.1968189,6.8864091]}
{"name":"Woodley Park","display_name":"Woodley Park, Woodley Park-Bath Village District, Bath - WoodleyPark, Mahaica-Berbice, Guyana","address":{"town":"Woodley Park","municipality":"Woodley Park-Bath Village District","county":"Bath - WoodleyPark","state":"Mahaica-Berbice","ISO3166-2-lvl4":"GY-MA","country":"Guyana","country_code":"gy"},"osm_type":"node","osm_id":4156245192,"type":"town","location":[-57.5852055,6.3611612],"bbox":[-57.6252055,6.3211612,-57.5452055,6.4011612]}
