{"name":"Azua","other_names":{"name:es":"Azua","name:ru":"Асуа","official_name":"Azua de Compostela"},"display_name":"Azua, Azua de Compostela, Azua, 90101, República Dominicana","address":{"city":"Azua","county":"Azua de Compostela","state":"Azua","ISO3166-2-lvl4":"DO-02","postcode":"90101","country":"República Dominicana","country_code":"do"},"population":128264,"osm_type":"node","osm_id":250651411,"type":"city","location":[-70.7324011,18.4532594],"bbox":[-70.8924011,18.2932594,-70.5724011,18.6132594],"border":{"name":"Azua de Compostela","display_name":"Azua de Compostela, Azua, 90101, República Dominicana","address":{"county":"Azua de Compostela","state":"Azua","ISO3166-2-lvl4":"DO-02","postcode":"90101","country":"República Dominicana","country_code":"do"},"osm_type":"relation","osm_id":7391027,"type":"administrative","location":[-70.75417809909007,18.4593652],"bbox":[-70.9770886,18.2488809,-70.676691,18.5732723]}}
{"name":"Baní","other_names":{"name:ru":"Бани"},"display_name":"Baní, Peravia, República Dominicana","address":{"city":"Baní","state":"Peravia","ISO3166-2-lvl4":"DO-17","country":"República Dominicana","country_code":"do"},"population":250577,"osm_type":"node","osm_id":250651421,"type":"city","location":[-70.3320746,18.2777204],"bbox":[-70.4920746,18.1177204,-70.1720746,18.4377204],"border":{"name":"Baní","other_names":{"name:es":"Baní","name:ru":"Бани"},"display_name":"Baní, Peravia, 92001, República Dominicana","address":{"city":"Baní","state":"Peravia","ISO3166-2-lvl4":"DO-17","postcode":"92001","country":"República Dominicana","country_code":"do"},"population":250577,"osm_type":"relation","osm_id":7394782,"type":"administrative","location":[-70.3320746,18.2777204],"bbox":[-70.5878668,18.1936531,-70.2262183,18.5093389]}}
{"name":"Bisonó (Navarrete)","display_name":"Bisonó (Navarrete), Bisonó, Santiago, República Dominicana","address":{"city":"Bisonó (Navarrete)","state":"Santiago","ISO3166-2-lvl4":"DO-25","country":"República Dominicana","country_code":"do"},"population":56999,"osm_type":"node","osm_id":252989422,"type":"city","location":[-70.8744358,19.5617865],"bbox":[-71.0344358,19.4017865,-70.7144358,19.7217865],"border":{"name":"Bisonó","other_names":{"name:es":"Bisonó","alt":"Bisonó (Navarrete)"},"display_name":"Bisonó, Santiago, 32801, República Dominicana","address":{"city":"Bisonó","state":"Santiago","ISO3166-2-lvl4":"DO-25","postcode":"32801","country":"República Dominicana","country_code":"do"},"population":56999,"osm_type":"relation","osm_id":7380647,"type":"administrative","location":[-70.8744358,19.5617865],"bbox":[-70.9373456,19.5130972,-70.8202071,19.6523083]}}
{"name":"Bonao","other_names":{"name:es":"Bonao","name:ru":"Бонао"},"display_name":"Bonao, Monseñor Nouel, 71601, República Dominicana","address":{"city":"Bonao","county":"Bonao","state":"Monseñor Nouel","ISO3166-2-lvl4":"DO-28","postcode":"71601","country":"República Dominicana","country_code":"do"},"population":158034,"osm_type":"node","osm_id":250651597,"type":"city","location":[-70.4112889,18.9417804],"bbox":[-70.5712889,18.7817804,-70.2512889,19.1017804],"border":{"name":"Bonao","display_name":"Bonao, Monseñor Nouel, 71601, República Dominicana","address":{"county":"Bonao","state":"Monseñor Nouel","ISO3166-2-lvl4":"DO-28","postcode":"71601","country":"República Dominicana","country_code":"do"},"osm_type":"relation","osm_id":7384719,"type":"administrative","location":[-70.4414197474793,18.9426446],"bbox":[-70.5845569,18.7536301,-70.2967994,19.1316413]}}
{"name":"Comendador","other_names":{"official_name":"Comendador de Lares"},"display_name":"Comendador, Elías Piña, República Dominicana","address":{"city":"Comendador","state":"Elías Piña","ISO3166-2-lvl4":"DO-07","country":"República Dominicana","country_code":"do"},"population":43894,"osm_type":"node","osm_id":252996247,"type":"city","location":[-71.7050752,18.8766978],"bbox":[-71.8650752,18.7166978,-71.5450752,19.0366978],"border":{"name":"Comendador","other_names":{"name:es":"Comendador","official_name":"Comendador de Lares"},"display_name":"Comendador, Elías Piña, 10702, República Dominicana","address":{"city":"Comendador","state":"Elías Piña","ISO3166-2-lvl4":"DO-07","postcode":"10702","country":"República Dominicana","country_code":"do"},"population":43894,"osm_type":"relation","osm_id":7400760,"type":"administrative","location":[-71.7050752,18.8766978],"bbox":[-71.8867729,18.8192773,-71.6162735,19.0179648]}}
{"name":"Constanza","display_name":"Constanza, La Vega, 71401, República Dominicana","address":{"city":"Constanza","county":"Constanza","state":"La Vega","ISO3166-2-lvl4":"DO-13","postcode":"71401","country":"República Dominicana","country_code":"do"},"population":25683,"osm_type":"node","osm_id":1956051572,"type":"city","location":[-70.7449293,18.9065575],"bbox":[-70.9049293,18.7465575,-70.5849293,19.0665575],"border":{"name":"Constanza","display_name":"Constanza, La Vega, 71401, República Dominicana","address":{"county":"Constanza","state":"La Vega","ISO3166-2-lvl4":"DO-13","postcode":"71401","country":"República Dominicana","country_code":"do"},"osm_type":"relation","osm_id":7380786,"type":"administrative","location":[-70.69128274955573,18.86508265],"bbox":[-70.8701955,18.6844994,-70.5144442,19.045667]}}
{"name":"Cotuí","other_names":{"name:ru":"Котуи"},"display_name":"Cotuí, Sánchez Ramírez, República Dominicana","address":{"city":"Cotuí","state":"Sánchez Ramírez","ISO3166-2-lvl4":"DO-24","country":"República Dominicana","country_code":"do"},"population":79596,"osm_type":"node","osm_id":252997068,"type":"city","location":[-70.1533738,19.058468],"bbox":[-70.3133738,18.898468,-69.9933738,19.218468],"border":{"name":"Cotuí","other_names":{"name:es":"Cotuí","name:ru":"Котуи"},"display_name":"Cotuí, Sánchez Ramírez, 72702, República Dominicana","address":{"city":"Cotuí","state":"Sánchez Ramírez","ISO3166-2-lvl4":"DO-24","postcode":"72702","country":"República Dominicana","country_code":"do"},"population":79596,"osm_type":"relation","osm_id":7384704,"type":"administrative","location":[-70.1533738,19.058468],"bbox":[-70.371346,18.8412179,-70.0054355,19.1546998]}}
{"name":"Dajabón","other_names":{"name:ru":"Дахабон"},"display_name":"Dajabón, República Dominicana","address":{"city":"Dajabón","state":"Dajabón","ISO3166-2-lvl4":"DO-05","country":"República Dominicana","country_code":"do"},"population":62000,"osm_type":"node","osm_id":250651187,"type":"city","location":[-71.7039072,19.5501376],"bbox":[-71.8639072,19.3901376,-71.5439072,19.7101376],"border":{"name":"Dajabón","other_names":{"name:es":"Dajabón","name:ru":"Дахабон"},"display_name":"Dajabón, 60401, República Dominicana","address":{"city":"Dajabón","state":"Dajabón","ISO3166-2-lvl4":"DO-05","postcode":"60401","country":"República Dominicana","country_code":"do"},"population":62000,"osm_type":"relation","osm_id":7187300,"type":"administrative","location":[-71.7039072,19.5501376],"bbox":[-71.7459798,19.4970528,-71.4995784,19.6450227]}}
{"name":"El Seibo","other_names":{"name:es":"El Seibo","name:hu":"El Seibo","name:ru":"Эль-Сейбо","official_name":"Santa Cruz de El Seibo"},"display_name":"El Seibo, 40601, República Dominicana","address":{"city":"El Seibo","county":"El Seibo","state":"El Seibo","ISO3166-2-lvl4":"DO-08","postcode":"40601","country":"República Dominicana","country_code":"do"},"osm_type":"node","osm_id":250651122,"type":"city","location":[-69.0356773,18.7626045],"bbox":[-69.1956773,18.6026045,-68.8756773,18.9226045],"border":{"name":"El Seibo","display_name":"El Seibo, 40601, República Dominicana","address":{"county":"El Seibo","state":"El Seibo","ISO3166-2-lvl4":"DO-08","postcode":"40601","country":"República Dominicana","country_code":"do"},"osm_type":"relation","osm_id":7400878,"type":"administrative","location":[-69.0310696984435,18.741363149999998],"bbox":[-69.3283945,18.5264329,-68.804932,18.9561975]}}
{"name":"Hato Mayor del Rey","other_names":{"name:es":"Hato Mayor del Rey","official_name":"Hato Mayor del Rey"},"display_name":"Hato Mayor del Rey, Hato Mayor, 50902, República Dominicana","address":{"city":"Hato Mayor del Rey","county":"Hato Mayor","state":"Hato Mayor","ISO3166-2-lvl4":"DO-30","postcode":"50902","country":"República Dominicana","country_code":"do"},"population":61517,"osm_type":"node","osm_id":5937852460,"type":"city","location":[-69.2562958,18.7624731],"bbox":[-69.4162958,18.6024731,-69.0962958,18.9224731]}
{"name":"Jimaní","display_name":"Jimaní, Independencia, República Dominicana","address":{"city":"Jimaní","state":"Independencia","ISO3166-2-lvl4":"DO-10","country":"República Dominicana","country_code":"do"},"population":11414,"osm_type":"node","osm_id":252991807,"type":"city","location":[-71.8504935,18.493703],"bbox":[-72.0104935,18.333703,-71.6904935,18.653703],"border":{"name":"Jimaní","display_name":"Jimaní, Independencia, 21103, República Dominicana","address":{"city":"Jimaní","state":"Independencia","ISO3166-2-lvl4":"DO-10","postcode":"21103","country":"República Dominicana","country_code":"do"},"population":11414,"osm_type":"relation","osm_id":7153734,"type":"administrative","location":[-71.8504935,18.493703],"bbox":[-72.0083715,18.3457765,-71.6559218,18.6546278]}}
{"name":"Juncalito","display_name":"Juncalito, Jánico, Santiago, 32802, República Dominicana","address":{"city":"Juncalito","county":"Jánico","state":"Santiago","ISO3166-2-lvl4":"DO-25","postcode":"32802","country":"República Dominicana","country_code":"do"},"osm_type":"way","osm_id":595136509,"type":"city","location":[-70.81869596151599,19.21910185],"bbox":[-70.8217416,19.2165286,-70.8167098,19.2217662]}
{"name":"La Romana","other_names":{"name:en":"La Romana","name:hu":"La Romana","name:ru":"Ла-Романа","name:gcf":"Ròmàna"},"display_name":"La Romana, República Dominicana","address":{"city":"La Romana","state":"La Romana","ISO3166-2-lvl4":"DO-12","country":"República Dominicana","country_code":"do"},"population":567431,"osm_type":"node","osm_id":250651105,"type":"city","location":[-68.9661104,18.4230137],"bbox":[-69.1261104,18.2630137,-68.8061104,18.5830137],"border":{"name":"La Romana","other_names":{"name:es":"La Romana","name:en":"La Romana","name:hu":"La Romana","name:ru":"Ла-Романа","name:gcf":"Ròmàna"},"display_name":"La Romana, 41302, República Dominicana","address":{"city":"La Romana","state":"La Romana","ISO3166-2-lvl4":"DO-12","postcode":"41302","country":"República Dominicana","country_code":"do"},"population":567431,"osm_type":"relation","osm_id":7405532,"type":"administrative","location":[-68.9661104,18.4230137],"bbox":[-69.0257267,18.3393751,-68.8435936,18.5219139]}}
{"name":"La Vega","other_names":{"name:es":"La Vega","name:hu":"La Vega","name:ru":"Ла-Вега","official_name":"Concepción de La Vega"},"display_name":"La Vega, 71404, República Dominicana","address":{"city":"La Vega","county":"La Vega","state":"La Vega","ISO3166-2-lvl4":"DO-13","postcode":"71404","country":"República Dominicana","country_code":"do"},"population":220279,"osm_type":"node","osm_id":250447847,"type":"city","location":[-70.5302203,19.2243084],"bbox":[-70.6902203,19.0643084,-70.3702203,19.3843084],"border":{"name":"La Vega","display_name":"La Vega, 71404, República Dominicana","address":{"county":"La Vega","state":"La Vega","ISO3166-2-lvl4":"DO-13","postcode":"71404","country":"República Dominicana","country_code":"do"},"osm_type":"relation","osm_id":7380779,"type":"administrative","location":[-70.45845037370205,19.20834035],"bbox":[-70.7229749,19.0392337,-70.2711088,19.3774475]}}
{"name":"Moca","display_name":"Moca, Espaillat, República Dominicana","address":{"city":"Moca","state":"Espaillat","ISO3166-2-lvl4":"DO-09","country":"República Dominicana","country_code":"do"},"population":172294,"osm_type":"node","osm_id":250447813,"type":"city","location":[-70.5261566,19.394647],"bbox":[-70.6861566,19.234647,-70.3661566,19.554647],"border":{"name":"Moca","display_name":"Moca, Espaillat, 30804, República Dominicana","address":{"city":"Moca","state":"Espaillat","ISO3166-2-lvl4":"DO-09","postcode":"30804","country":"República Dominicana","country_code":"do"},"population":172294,"osm_type":"relation","osm_id":7380533,"type":"administrative","location":[-70.5261566,19.394647],"bbox":[-70.6106827,19.3440775,-70.4015695,19.6118491]}}
{"name":"Monte Plata","other_names":{"name:es":"Monte Plata","name:hu":"Monte Plata","name:ru":"Монте-Плата"},"display_name":"Monte Plata, 51802, República Dominicana","address":{"city":"Monte Plata","county":"Monte Plata","state":"Monte Plata","ISO3166-2-lvl4":"DO-29","postcode":"51802","country":"República Dominicana","country_code":"do"},"population":37614,"osm_type":"node","osm_id":252996432,"type":"city","location":[-69.7845099,18.8101455],"bbox":[-69.9445099,18.6501455,-69.6245099,18.9701455],"border":{"name":"Monte Plata","display_name":"Monte Plata, 51802, República Dominicana","address":{"county":"Monte Plata","state":"Monte Plata","ISO3166-2-lvl4":"DO-29","postcode":"51802","country":"República Dominicana","country_code":"do"},"osm_type":"relation","osm_id":7405660,"type":"administrative","location":[-69.83897761760709,18.7597477],"bbox":[-69.9953418,18.5745185,-69.7113051,18.9447471]}}
{"name":"Nagua","display_name":"Nagua, María Trinidad Sánchez, 81503, República Dominicana","address":{"city":"Nagua","county":"Nagua","state":"María Trinidad Sánchez","ISO3166-2-lvl4":"DO-14","postcode":"81503","country":"República Dominicana","country_code":"do"},"population":79420,"osm_type":"node","osm_id":250651124,"type":"city","location":[-69.8462589,19.3769296],"bbox":[-70.0062589,19.2169296,-69.6862589,19.5369296],"border":{"name":"Nagua","display_name":"Nagua, María Trinidad Sánchez, 81503, República Dominicana","address":{"county":"Nagua","state":"María Trinidad Sánchez","ISO3166-2-lvl4":"DO-14","postcode":"81503","country":"República Dominicana","country_code":"do"},"osm_type":"relation","osm_id":7386616,"type":"administrative","location":[-70.00331879534015,19.3500715],"bbox":[-70.1298998,19.201909,-69.7438255,19.4985517]}}
{"name":"Neiba","other_names":{"name:ru":"Нейба","alt_name":"Neyba"},"display_name":"Neiba, Baoruco, República Dominicana","address":{"city":"Neiba","state":"Baoruco","ISO3166-2-lvl4":"DO-03","country":"República Dominicana","country_code":"do"},"population":53605,"osm_type":"node","osm_id":252990357,"type":"city","location":[-71.421373,18.4796115],"bbox":[-71.581373,18.3196115,-71.261373,18.6396115],"border":{"name":"Neiba","other_names":{"name:es":"Neiba","name:ru":"Нейба","alt_name":"Neyba"},"display_name":"Neiba, Baoruco, 20203, República Dominicana","address":{"city":"Neiba","state":"Baoruco","ISO3166-2-lvl4":"DO-03","postcode":"20203","country":"República Dominicana","country_code":"do"},"population":53605,"osm_type":"relation","osm_id":7156012,"type":"administrative","location":[-71.421373,18.4796115],"bbox":[-71.5006332,18.3489837,-71.2095223,18.6290128]}}
{"name":"Pedernales","display_name":"Pedernales, República Dominicana","address":{"city":"Pedernales","state":"Pedernales","ISO3166-2-lvl4":"DO-16","country":"República Dominicana","country_code":"do"},"population":107578,"osm_type":"node","osm_id":10174842515,"type":"city","location":[-71.7441566,18.0372324],"bbox":[-71.9041566,17.8772324,-71.5841566,18.1972324],"border":{"name":"Pedernales","display_name":"Pedernales, 21902, República Dominicana","address":{"city":"Pedernales","state":"Pedernales","ISO3166-2-lvl4":"DO-16","postcode":"21902","country":"República Dominicana","country_code":"do"},"population":107578,"osm_type":"relation","osm_id":7153751,"type":"administrative","location":[-71.7441566,18.0372324],"bbox":[-71.7878459,17.470584,-71.2533125,18.3406222]}}
{"name":"Piedra Blanca","display_name":"Piedra Blanca, Monseñor Nouel, República Dominicana","address":{"city":"Piedra Blanca","state":"Monseñor Nouel","ISO3166-2-lvl4":"DO-28","country":"República Dominicana","country_code":"do"},"population":21898,"osm_type":"node","osm_id":3070059602,"type":"city","location":[-70.3152461,18.8429606],"bbox":[-70.4752461,18.6829606,-70.1552461,19.0029606],"border":{"name":"Piedra Blanca","display_name":"Piedra Blanca, Monseñor Nouel, 71603, República Dominicana","address":{"city":"Piedra Blanca","state":"Monseñor Nouel","ISO3166-2-lvl4":"DO-28","postcode":"71603","country":"República Dominicana","country_code":"do"},"population":21898,"osm_type":"relation","osm_id":7373854,"type":"administrative","location":[-70.3152461,18.8429606],"bbox":[-70.4234608,18.7154356,-70.2465666,18.9175648]}}
{"name":"Pimentel","display_name":"Pimentel, Duarte, 33000, República Dominicana","address":{"city":"Pimentel","state":"Duarte","ISO3166-2-lvl4":"DO-06","postcode":"33000","country":"República Dominicana","country_code":"do"},"population":32489,"osm_type":"node","osm_id":2771799707,"type":"city","location":[-70.109955,19.1825698],"bbox":[-70.269955,19.0225698,-69.949955,19.3425698],"border":{"name":"Pimentel","display_name":"Pimentel, Duarte, 80505, República Dominicana","address":{"city":"Pimentel","state":"Duarte","ISO3166-2-lvl4":"DO-06","postcode":"80505","country":"República Dominicana","country_code":"do"},"population":32489,"osm_type":"relation","osm_id":7386295,"type":"administrative","location":[-70.109955,19.1825698],"bbox":[-70.1888653,19.1494048,-70.0716353,19.2830387]}}
{"name":"Puerto Plata","display_name":"Puerto Plata, República Dominicana","address":{"city":"Puerto Plata","state":"Puerto Plata","ISO3166-2-lvl4":"DO-18","country":"República Dominicana","country_code":"do"},"population":345,"osm_type":"node","osm_id":11610553782,"type":"city","location":[-70.6926181,19.7891616],"bbox":[-70.8526181,19.6291616,-70.5326181,19.9491616],"border":{"name":"Puerto Plata","display_name":"Puerto Plata, 32106, República Dominicana","address":{"city":"Puerto Plata","state":"Puerto Plata","ISO3166-2-lvl4":"DO-18","postcode":"32106","country":"República Dominicana","country_code":"do"},"population":345,"osm_type":"relation","osm_id":7380607,"type":"administrative","location":[-70.6926181,19.7891616],"bbox":[-70.8891205,19.5120852,-70.5073184,19.9081404]}}
{"name":"Punta Cana","other_names":{"name:ar":"بونتا كانا","name:de":"Punta Cana","name:es":"Punta Cana","name:fr":"Punta Cana","name:hr":"Punta Cana","name:it":"Punta Cana","name:nl":"Punta Cana","name:no":"Punta Cana","name:pt":"Punta Cana","name:ro":"Punta Cana","name:ru":"Пунта-Кана","name:sr":"Пунта Цана","name:uk":"Пунта-Кана","name:zh":"蓬塔卡納"},"display_name":"Punta Cana, Higüey, La Altagracia, 41201, República Dominicana","address":{"city":"Punta Cana","state":"La Altagracia","ISO3166-2-lvl4":"DO-11","postcode":"41201","country":"República Dominicana","country_code":"do"},"osm_type":"node","osm_id":2613949295,"type":"city","location":[-68.3691611,18.556551],"bbox":[-68.5291611,18.396551,-68.2091611,18.716551]}
{"name":"Sabana de la Mar","display_name":"Sabana de la Mar, Hato Mayor, 25000, República Dominicana","address":{"city":"Sabana de la Mar","state":"Hato Mayor","ISO3166-2-lvl4":"DO-30","postcode":"25000","country":"República Dominicana","country_code":"do"},"osm_type":"node","osm_id":2023126873,"type":"city","location":[-69.3869584,19.0564521],"bbox":[-69.5469584,18.8964521,-69.2269584,19.2164521],"border":{"name":"Sabana de la Mar","display_name":"Sabana de la Mar, Hato Mayor, 50903, República Dominicana","address":{"city":"Sabana de la Mar","state":"Hato Mayor","ISO3166-2-lvl4":"DO-30","postcode":"50903","country":"República Dominicana","country_code":"do"},"osm_type":"relation","osm_id":7407668,"type":"administrative","location":[-69.3869584,19.0564521],"bbox":[-69.6243002,18.9118013,-69.1221351,19.1031612]}}
{"name":"Salcedo","other_names":{"name:es":"Salcedo","name:ru":"Сальседо"},"display_name":"Salcedo, Hermanas Mirabal, 81001, República Dominicana","address":{"city":"Salcedo","county":"Salcedo","state":"Hermanas Mirabal","ISO3166-2-lvl4":"DO-19","postcode":"81001","country":"República Dominicana","country_code":"do"},"population":40510,"osm_type":"node","osm_id":252996562,"type":"city","location":[-70.4182199,19.3793997],"bbox":[-70.5782199,19.2193997,-70.2582199,19.5393997],"border":{"name":"Salcedo","display_name":"Salcedo, Hermanas Mirabal, 81001, República Dominicana","address":{"county":"Salcedo","state":"Hermanas Mirabal","ISO3166-2-lvl4":"DO-19","postcode":"81001","country":"República Dominicana","country_code":"do"},"osm_type":"relation","osm_id":7386646,"type":"administrative","location":[-70.38906313451662,19.4467462],"bbox":[-70.4575394,19.3360136,-70.3331318,19.5575015]}}
{"name":"Salvaleón de Higüey","other_names":{"name:hu":"Higüey","name:ru":"Игуэй","official_name":"Salvaleón de Higüey"},"display_name":"Salvaleón de Higüey, Higüey, La Altagracia, República Dominicana","address":{"city":"Salvaleón de Higüey","state":"La Altagracia","ISO3166-2-lvl4":"DO-11","country":"República Dominicana","country_code":"do"},"osm_type":"node","osm_id":250651118,"type":"city","location":[-68.7114484,18.6131313],"bbox":[-68.8714484,18.4531313,-68.5514484,18.7731313],"border":{"name":"Higüey","other_names":{"name:es":"Higüey","name:ru":"Игуэй","name:hu":"Higüey","official_name":"Salvaleón de Higüey","alt":"Salvaleón de Higüey"},"display_name":"Higüey, La Altagracia, 41201, República Dominicana","address":{"city":"Higüey","state":"La Altagracia","ISO3166-2-lvl4":"DO-11","postcode":"41201","country":"República Dominicana","country_code":"do"},"osm_type":"relation","osm_id":7401358,"type":"administrative","location":[-68.7114484,18.6131313],"bbox":[-68.9376779,18.4413908,-68.3229138,18.9743492]}}
{"name":"Samaná","other_names":{"name:en":"Samana","name:ru":"Самана","official_name":"Santa Bárbara de Samaná"},"display_name":"Samaná, República Dominicana","address":{"city":"Samaná","state":"Samaná","ISO3166-2-lvl4":"DO-20","country":"República Dominicana","country_code":"do"},"population":108179,"osm_type":"node","osm_id":250651126,"type":"city","location":[-69.3389611,19.2036865],"bbox":[-69.4989611,19.0436865,-69.1789611,19.3636865],"border":{"name":"Samaná","other_names":{"name:es":"Samaná","name:en":"Samana","name:ru":"Самана","official_name":"Santa Bárbara de Samaná"},"display_name":"Samaná, 82202, República Dominicana","address":{"city":"Samaná","state":"Samaná","ISO3166-2-lvl4":"DO-20","postcode":"82202","country":"República Dominicana","country_code":"do"},"population":108179,"osm_type":"relation","osm_id":7386746,"type":"administrative","location":[-69.3389611,19.2036865],"bbox":[-69.4908691,19.1615665,-69.1508188,19.3640004]}}
{"name":"San Cristóbal","other_names":{"name:hu":"San Cristóbal"},"display_name":"San Cristóbal, República Dominicana","address":{"city":"San Cristóbal","state":"San Cristóbal","ISO3166-2-lvl4":"DO-21","country":"República Dominicana","country_code":"do"},"population":734678,"osm_type":"node","osm_id":250651467,"type":"city","location":[-70.1103346,18.4174531],"bbox":[-70.2703346,18.2574531,-69.9503346,18.5774531],"border":{"name":"San Cristóbal","other_names":{"name:es":"San Cristóbal","name:hu":"San Cristóbal"},"display_name":"San Cristóbal, 92305, República Dominicana","address":{"city":"San Cristóbal","state":"San Cristóbal","ISO3166-2-lvl4":"DO-21","postcode":"92305","country":"República Dominicana","country_code":"do"},"population":734678,"osm_type":"relation","osm_id":7394810,"type":"administrative","location":[-70.1103346,18.4174531],"bbox":[-70.2271332,18.2721355,-70.0512555,18.558292]}}
{"name":"San Fernando de Monte Cristi","other_names":{"name:es":"San Fernando de Monte Cristi","name:hu":"Monte Cristi","name:ru":"Монте-Кристи","official_name":"San Fernando de Monte Cristi"},"display_name":"San Fernando de Monte Cristi, Monte Cristi, 61704, República Dominicana","address":{"city":"San Fernando de Monte Cristi","county":"Monte Cristi","state":"Monte Cristi","ISO3166-2-lvl4":"DO-15","postcode":"61704","country":"República Dominicana","country_code":"do"},"population":103677,"osm_type":"node","osm_id":250651186,"type":"city","location":[-71.6456653,19.848379],"bbox":[-71.8056653,19.688379,-71.4856653,20.008379],"border":{"name":"Monte Cristi","display_name":"Monte Cristi, 61704, República Dominicana","address":{"county":"Monte Cristi","state":"Monte Cristi","ISO3166-2-lvl4":"DO-15","postcode":"61704","country":"República Dominicana","country_code":"do"},"osm_type":"relation","osm_id":7390957,"type":"administrative","location":[-71.65359007133654,19.76008405],"bbox":[-71.8649012,19.6077854,-71.481458,19.9123721]}}
{"name":"San Francisco de Macorís","other_names":{"name:hu":"Santa Ana","name:ru":"Сан-Франсиско-де-Макорис","old_name":"La Villa del ricon de Santa Ana de San Francisco de Macoris"},"display_name":"San Francisco de Macorís, Duarte, República Dominicana","address":{"city":"San Francisco de Macorís","state":"Duarte","ISO3166-2-lvl4":"DO-06","country":"República Dominicana","country_code":"do"},"population":245397,"osm_type":"node","osm_id":1898769269,"type":"city","location":[-70.2573332,19.2974432],"bbox":[-70.4173332,19.1374432,-70.0973332,19.4574432],"border":{"name":"San Francisco de Macorís","other_names":{"name:es":"San Francisco de Macorís","name:hu":"Santa Ana","name:ru":"Сан-Франсиско-де-Макорис","old_name":"La Villa del ricon de Santa Ana de San Francisco de Macoris"},"display_name":"San Francisco de Macorís, Duarte, 80506, República Dominicana","address":{"city":"San Francisco de Macorís","state":"Duarte","ISO3166-2-lvl4":"DO-06","postcode":"80506","country":"República Dominicana","country_code":"do"},"population":245397,"osm_type":"relation","osm_id":7386251,"type":"administrative","location":[-70.2573332,19.2974432],"bbox":[-70.3710363,19.1553406,-70.0144629,19.5226644]}}
{"name":"San Ignacio de Sabaneta","other_names":{"name:es":"San Ignacio de Sabaneta","official_name":"San Ignacio de Sabaneta"},"display_name":"San Ignacio de Sabaneta, Santiago Rodríguez, 62903, República Dominicana","address":{"city":"San Ignacio de Sabaneta","county":"San Ignacio de Sabaneta","state":"Santiago Rodríguez","ISO3166-2-lvl4":"DO-26","postcode":"62903","country":"República Dominicana","country_code":"do"},"population":98453,"osm_type":"node","osm_id":252996038,"type":"city","location":[-71.3407565,19.4771755],"bbox":[-71.5007565,19.3171755,-71.1807565,19.6371755],"border":{"name":"San Ignacio de Sabaneta","display_name":"San Ignacio de Sabaneta, Santiago Rodríguez, 62903, República Dominicana","address":{"county":"San Ignacio de Sabaneta","state":"Santiago Rodríguez","ISO3166-2-lvl4":"DO-26","postcode":"62903","country":"República Dominicana","country_code":"do"},"osm_type":"relation","osm_id":7390991,"type":"administrative","location":[-71.3269069083463,19.36901385],"bbox":[-71.4680512,19.168386,-71.1771184,19.5698735]}}
{"name":"San José de Ocoa","other_names":{"name:hu":"San José de Ocoa"},"display_name":"San José de Ocoa, República Dominicana","address":{"city":"San José de Ocoa","state":"San José de Ocoa","ISO3166-2-lvl4":"DO-31","country":"República Dominicana","country_code":"do"},"population":57174,"osm_type":"node","osm_id":250651595,"type":"city","location":[-70.5056703,18.546405],"bbox":[-70.6656703,18.386405,-70.3456703,18.706405],"border":{"name":"San José de Ocoa","other_names":{"name:es":"San José de Ocoa","name:hu":"San José de Ocoa"},"display_name":"San José de Ocoa, 92403, República Dominicana","address":{"city":"San José de Ocoa","state":"San José de Ocoa","ISO3166-2-lvl4":"DO-31","postcode":"92403","country":"República Dominicana","country_code":"do"},"population":57174,"osm_type":"relation","osm_id":7394824,"type":"administrative","location":[-70.5056703,18.546405],"bbox":[-70.6866356,18.4199476,-70.3481851,18.6946557]}}
{"name":"San Juan de la Maguana","other_names":{"name:es":"San Juan de la Maguana","name:hu":"San Juan de la Maguana"},"display_name":"San Juan de la Maguana, San Juan, 12505, República Dominicana","address":{"city":"San Juan de la Maguana","county":"San Juan de la Maguana","state":"San Juan","ISO3166-2-lvl4":"DO-22","postcode":"12505","country":"República Dominicana","country_code":"do"},"population":589256,"osm_type":"node","osm_id":252996132,"type":"city","location":[-71.2276951,18.8068129],"bbox":[-71.3876951,18.6468129,-71.0676951,18.9668129],"border":{"name":"San Juan de la Maguana","display_name":"San Juan de la Maguana, San Juan, 12505, República Dominicana","address":{"county":"San Juan de la Maguana","state":"San Juan","ISO3166-2-lvl4":"DO-22","postcode":"12505","country":"República Dominicana","country_code":"do"},"osm_type":"relation","osm_id":7400847,"type":"administrative","location":[-71.24117105003413,18.897387600000002],"bbox":[-71.4650325,18.615778,-71.0382321,19.178711]}}
{"name":"San Pedro de Macorís","other_names":{"name:hu":"San Pedro de Macorís","name:ru":"Сан-Педро-де-Макорис"},"display_name":"San Pedro de Macorís, República Dominicana","address":{"city":"San Pedro de Macorís","state":"San Pedro de Macorís","ISO3166-2-lvl4":"DO-23","country":"República Dominicana","country_code":"do"},"population":217141,"osm_type":"node","osm_id":250651104,"type":"city","location":[-69.3031847,18.4617093],"bbox":[-69.4631847,18.3017093,-69.1431847,18.6217093],"border":{"name":"San Pedro de Macorís","other_names":{"name:es":"San Pedro de Macorís","name:hu":"San Pedro de Macorís","name:ru":"Сан-Педро-де-Макорис"},"display_name":"San Pedro de Macorís, 52606, República Dominicana","address":{"city":"San Pedro de Macorís","state":"San Pedro de Macorís","ISO3166-2-lvl4":"DO-23","postcode":"52606","country":"República Dominicana","country_code":"do"},"population":217141,"osm_type":"relation","osm_id":7405546,"type":"administrative","location":[-69.3031847,18.4617093],"bbox":[-69.3480315,18.4252736,-69.1632758,18.5398517]}}
{"name":"Santa Cruz de Barahona","other_names":{"name:hu":"Barahona","name:ru":"Бараона","official_name":"Santa Cruz de Barahona"},"display_name":"Santa Cruz de Barahona, Barahona, República Dominicana","address":{"city":"Santa Cruz de Barahona","state":"Barahona","ISO3166-2-lvl4":"DO-04","country":"República Dominicana","country_code":"do"},"population":138159,"osm_type":"node","osm_id":250651408,"type":"city","location":[-71.1012325,18.2101889],"bbox":[-71.2612325,18.0501889,-70.9412325,18.3701889],"border":{"name":"Barahona","other_names":{"name:es":"Barahona","name:hu":"Barahona","name:ru":"Бараона","official_name":"Santa Cruz de Barahona","alt":"Santa Cruz de Barahona"},"display_name":"Barahona, 20301, República Dominicana","address":{"city":"Barahona","state":"Barahona","ISO3166-2-lvl4":"DO-04","postcode":"20301","country":"República Dominicana","country_code":"do"},"population":138159,"osm_type":"relation","osm_id":7151468,"type":"administrative","location":[-71.1012325,18.2101889],"bbox":[-71.2119772,18.1154375,-71.0551775,18.2584091]}}
{"name":"Santa Cruz de Mao","other_names":{"name:es":"Santa Cruz de Mao","official_name":"Santa Cruz de Mao"},"display_name":"Santa Cruz de Mao, Mao, Valverde, 63103, República Dominicana","address":{"city":"Santa Cruz de Mao","county":"Mao","state":"Valverde","ISO3166-2-lvl4":"DO-27","postcode":"63103","country":"República Dominicana","country_code":"do"},"population":106818,"osm_type":"node","osm_id":252995539,"type":"city","location":[-71.0759018,19.5556795],"bbox":[-71.2359018,19.3956795,-70.9159018,19.7156795]}
{"name":"Santiago de los Caballeros","other_names":{"name:en":"Santiago de los Caballeros","name:hu":"Santiago de los Caballeros","name:ru":"Сантьяго-де-лос-Трейнта-Кабальерос","name:zh":"圣地牙哥"},"display_name":"Santiago de los Caballeros, Santiago, República Dominicana","address":{"city":"Santiago de los Caballeros","state":"Santiago","ISO3166-2-lvl4":"DO-25","country":"República Dominicana","country_code":"do"},"population":1836778,"osm_type":"node","osm_id":250447778,"type":"city","location":[-70.6909047,19.4503932],"bbox":[-70.8509047,19.2903932,-70.5309047,19.6103932],"border":{"name":"Santiago de los Caballeros","other_names":{"name:es":"Santiago de los Caballeros","name:zh":"圣地牙哥","name:en":"Santiago de los Caballeros","name:hu":"Santiago de los Caballeros","name:ru":"Сантьяго-де-лос-Трейнта-Кабальерос"},"display_name":"Santiago de los Caballeros, Santiago, República Dominicana","address":{"city":"Santiago de los Caballeros","state":"Santiago","ISO3166-2-lvl4":"DO-25","country":"República Dominicana","country_code":"do"},"population":1836778,"osm_type":"relation","osm_id":7380638,"type":"administrative","location":[-70.6909047,19.4503932],"bbox":[-70.9085232,19.2840621,-70.6159764,19.6509249]}}
{"name":"Santo Domingo Este","other_names":{"name:hu":"Santo Domingo Este"},"display_name":"Santo Domingo Este, Santo Domingo, República Dominicana","address":{"city":"Santo Domingo Este","state":"Santo Domingo","ISO3166-2-lvl4":"DO-32","country":"República Dominicana","country_code":"do"},"population":1000230,"osm_type":"node","osm_id":2095559570,"type":"city","location":[-69.8383703,18.4936515],"bbox":[-69.9983703,18.3336515,-69.6783703,18.6536515],"border":{"name":"Santo Domingo Este","other_names":{"name:es":"Santo Domingo Este","name:hu":"Santo Domingo Este"},"display_name":"Santo Domingo Este, Santo Domingo, 03006, República Dominicana","address":{"city":"Santo Domingo Este","state":"Santo Domingo","ISO3166-2-lvl4":"DO-32","postcode":"03006","country":"República Dominicana","country_code":"do"},"population":1000230,"osm_type":"relation","osm_id":7407685,"type":"administrative","location":[-69.8383703,18.4936515],"bbox":[-69.8979393,18.4546796,-69.7026103,18.598232]}}
{"name":"Santo Domingo Oeste","other_names":{"name:hu":"Santo Domingo Oeste"},"display_name":"Santo Domingo Oeste, Santo Domingo, República Dominicana","address":{"city":"Santo Domingo Oeste","state":"Santo Domingo","ISO3166-2-lvl4":"DO-32","country":"República Dominicana","country_code":"do"},"osm_type":"node","osm_id":2322572886,"type":"city","location":[-70.0138546,18.483443],"bbox":[-70.1738546,18.323443,-69.8538546,18.643443]}
{"name":"Santo Domingo","other_names":{"name:am":"ሳንቶ ዶሚንጎ","name:ar":"سانتو دومينجو","name:be":"Санта-Дамінга","name:bg":"Санто Доминго","name:bo":"སཱན་ཏོ་ཌོ་མིང་གོ","name:br":"Santo Domingo","name:ca":"Santo Domingo","name:ce":"Санто-Доминго","name:cs":"Santo Domingo","name:de":"Santo Domingo","name:el":"Σάντο Ντομίγκο","name:en":"Santo Domingo","name:eo":"Sankta Domingo","name:fa":"سانتو دومینگو","name:fr":"Saint-Domingue","name:he":"סנטו דומינגו","name:hi":"सेंटो डोमिंगो","name:hr":"Santo Domingo","name:ht":"Sen Domeng","name:hu":"Santo Domingo","name:hy":"Սանտո Դոմինգո","name:is":"Santó Dómingó","name:it":"Santo Domingo","name:ja":"サントドミンゴ","name:ka":"სანტო-დომინგო","name:ko":"산토도밍고","name:la":"Dominicopolis","name:lt":"Santo Domingas","name:mk":"Санто Доминго","name:mr":"सांतो दॉमिंगो","name:nl":"Santo Domingo","name:no":"Santo Domingo","name:oc":"Sant Domingo","name:os":"Санто-Доминго","name:pa":"ਸਾਂਤੋ ਦੋਮਿੰਗੋ","name:pl":"Santo Domingo","name:pt":"São Domingos","name:qu":"Santo Domingo llaqta","name:ru":"Санто-Доминго","name:sk":"Santo Domingo","name:sr":"Санто Доминго","name:sv":"Santo Domingo","name:tg":"Вилояти Санто Доминго","name:th":"ซันโตโดมิงโก","name:tr":"Santo Domingo","name:ug":"سانتو دومىنگو","name:uk":"Санто-Домінго","name:ur":"سانتو دومنگو","name:zh":"聖多明各","name:azb":"سانتو دومینقو","name:grc":"Ἅγιος Δομίνικος","name:sah":"Санто Доминго","name:war":"Santo Domingo de Guzmán","official_name":"Santo Domingo de Guzmán","name:be-tarask":"Санта-Дамінга","official_name:es":"Santo Domingo de Guzmán"},"display_name":"Santo Domingo, Santo Domingo de Guzmán, Distrito Nacional, República Dominicana","address":{"city":"Santo Domingo","state":"Distrito Nacional","ISO3166-2-lvl4":"DO-01","country":"República Dominicana","country_code":"do"},"population":965040,"osm_type":"node","osm_id":315342451,"type":"city","location":[-69.942111,18.4801972],"bbox":[-70.102111,18.3201972,-69.782111,18.6401972],"border":{"name":"Santo Domingo de Guzmán","other_names":{"name:es":"Santo Domingo de Guzmán","name:am":"ሳንቶ ዶሚንጎ","name:ar":"سانتو دومينجو","name:be":"Санта-Дамінга","name:bg":"Санто Доминго","name:bo":"སཱན་ཏོ་ཌོ་མིང་གོ","name:br":"Santo Domingo","name:ca":"Santo Domingo","name:ce":"Санто-Доминго","name:cs":"Santo Domingo","name:de":"Santo Domingo","name:el":"Σάντο Ντομίγκο","name:en":"Santo Domingo","name:eo":"Sankta Domingo","name:fa":"سانتو دومینگو","name:fr":"Saint-Domingue","name:he":"סנטו דומינגו","name:hi":"सेंटो डोमिंगो","name:hr":"Santo Domingo","name:ht":"Sen Domeng","name:hu":"Santo Domingo","name:hy":"Սանտո Դոմինգո","name:is":"Santó Dómingó","name:it":"Santo Domingo","name:ja":"サントドミンゴ","name:ka":"სანტო-დომინგო","name:ko":"산토도밍고","name:la":"Dominicopolis","name:lt":"Santo Domingas","name:mk":"Санто Доминго","name:mr":"सांतो दॉमिंगो","name:nl":"Santo Domingo","name:no":"Santo Domingo","name:oc":"Sant Domingo","name:os":"Санто-Доминго","name:pa":"ਸਾਂਤੋ ਦੋਮਿੰਗੋ","name:pl":"Santo Domingo","name:pt":"São Domingos","name:qu":"Santo Domingo llaqta","name:ru":"Санто-Доминго","name:sk":"Santo Domingo","name:sr":"Санто Доминго","name:sv":"Santo Domingo","name:tg":"Вилояти Санто Доминго","name:th":"ซันโตโดมิงโก","name:tr":"Santo Domingo","name:ug":"سانتو دومىنگو","name:uk":"Санто-Домінго","name:ur":"سانتو دومنگو","name:zh":"聖多明各","name:azb":"سانتو دومینقو","name:grc":"Ἅγιος Δομίνικος","name:sah":"Санто Доминго","name:war":"Santo Domingo de Guzmán","official_name":"Santo Domingo de Guzmán","name:be-tarask":"Санта-Дамінга","official_name:es":"Santo Domingo de Guzmán","alt":"Santo Domingo"},"display_name":"Santo Domingo de Guzmán, Distrito Nacional, 03201, República Dominicana","address":{"city":"Santo Domingo de Guzmán","state":"Distrito Nacional","ISO3166-2-lvl4":"DO-01","postcode":"03201","country":"República Dominicana","country_code":"do"},"population":965040,"osm_type":"relation","osm_id":7407678,"type":"administrative","location":[-69.942111,18.4801972],"bbox":[-69.9992758,18.4226572,-69.8745128,18.5475893]}}
{"name":"Villa Altagracia","display_name":"Villa Altagracia, San Cristóbal, República Dominicana","address":{"city":"Villa Altagracia","state":"San Cristóbal","ISO3166-2-lvl4":"DO-21","country":"República Dominicana","country_code":"do"},"osm_type":"node","osm_id":252997206,"type":"city","location":[-70.1741865,18.671553],"bbox":[-70.3341865,18.511553,-70.0141865,18.831553],"border":{"name":"Villa Altagracia","display_name":"Villa Altagracia, San Cristóbal, República Dominicana","address":{"city":"Villa Altagracia","state":"San Cristóbal","ISO3166-2-lvl4":"DO-21","country":"República Dominicana","country_code":"do"},"osm_type":"relation","osm_id":7159844,"type":"administrative","location":[-70.1741865,18.671553],"bbox":[-70.3296023,18.5044937,-70.1123909,18.8076306]}}
{"name":"Villa Jaragua","display_name":"Villa Jaragua, Baoruco, República Dominicana","address":{"city":"Villa Jaragua","state":"Baoruco","ISO3166-2-lvl4":"DO-03","country":"República Dominicana","country_code":"do"},"osm_type":"node","osm_id":252991299,"type":"city","location":[-71.4868967,18.4896819],"bbox":[-71.6468967,18.3296819,-71.3268967,18.6496819],"border":{"name":"Villa Jaragua","display_name":"Villa Jaragua, Baoruco, 20205, República Dominicana","address":{"city":"Villa Jaragua","state":"Baoruco","ISO3166-2-lvl4":"DO-03","postcode":"20205","country":"República Dominicana","country_code":"do"},"osm_type":"relation","osm_id":7151459,"type":"administrative","location":[-71.4868967,18.4896819],"bbox":[-71.5592872,18.4534837,-71.4445255,18.6286455]}}
