{"name":"Aasselburermillen","display_name":"Aasselburermillen, Asselborn, Wincrange, Canton Clervaux, 9940, Lëtzebuerg","address":{"hamlet":"Aasselburermillen","village":"Asselborn","county":"Canton Clervaux","ISO3166-2-lvl6":"LU-CL","postcode":"9940","country":"Lëtzebuerg","country_code":"lu"},"osm_type":"node","osm_id":4423566506,"type":"hamlet","location":[5.9644731,50.0881765],"bbox":[5.9444731,50.0681765,5.9844731,50.1081765]}
{"name":"Ackerscheid","other_names":{"name:de":"Ackerscheid","name:fr":"Ackerscheid","name:lb":"Akescht"},"display_name":"Ackerscheid, Hosingen, Parc Hosingen, Canton Clervaux, 9841, Lëtzebuerg","address":{"hamlet":"Ackerscheid","city_district":"Hosingen","city":"Parc Hosingen","county":"Canton Clervaux","ISO3166-2-lvl6":"LU-CL","postcode":"9841","country":"Lëtzebuerg","country_code":"lu"},"osm_type":"node","osm_id":311469072,"type":"hamlet","location":[6.122564,49.9776722],"bbox":[6.102564,49.9576722,6.142564,49.9976722]}
{"name":"Almillen","other_names":{"name:de":"Almillen","name:fr":"Almillen","name:lb":"Almillen"},"display_name":"Almillen, Boevange, Wincrange, Canton Clervaux, 9740, Lëtzebuerg","address":{"hamlet":"Almillen","village":"Boevange","county":"Canton Clervaux","ISO3166-2-lvl6":"LU-CL","postcode":"9740","country":"Lëtzebuerg","country_code":"lu"},"osm_type":"node","osm_id":2896180876,"type":"hamlet","location":[5.9370084,50.039581],"bbox":[5.9170084,50.019581,5.9570084,50.059581]}
{"name":"Antoniushof","other_names":{"name:lb":"Antoniushaff"},"display_name":"Antoniushof, Lullange, Wincrange, Canton Clervaux, 9762, Lëtzebuerg","address":{"hamlet":"Antoniushof","village":"Lullange","county":"Canton Clervaux","ISO3166-2-lvl6":"LU-CL","postcode":"9762","country":"Lëtzebuerg","country_code":"lu"},"osm_type":"node","osm_id":313122317,"type":"hamlet","location":[5.9327796,50.0677347],"bbox":[5.9127796,50.0477347,5.9527796,50.0877347]}
{"name":"Arkelsbour","display_name":"Arkelsbour, Wolwelange, Rambrouch, Canton Redange, 8832, Lëtzebuerg","address":{"hamlet":"Arkelsbour","village":"Wolwelange","county":"Canton Redange","ISO3166-2-lvl6":"LU-RD","postcode":"8832","country":"Lëtzebuerg","country_code":"lu"},"osm_type":"node","osm_id":9661068683,"type":"hamlet","location":[5.7556236,49.8423451],"bbox":[5.7356236,49.8223451,5.7756236,49.8623451]}
{"name":"Arsdorf-Moulin","other_names":{"name:de":"Arsdorfer Mühle","name:fr":"Arsdorf-Moulin","name:lb":"Ueschdrëffer Millen"},"display_name":"Arsdorf-Moulin, Arsdorf, Rambrouch, Canton Redange, 8808, Lëtzebuerg","address":{"hamlet":"Arsdorf-Moulin","village":"Arsdorf","county":"Canton Redange","ISO3166-2-lvl6":"LU-RD","postcode":"8808","country":"Lëtzebuerg","country_code":"lu"},"osm_type":"node","osm_id":1809999156,"type":"hamlet","location":[5.8569911,49.8639452],"bbox":[5.8369911,49.8439452,5.8769911,49.8839452]}
{"name":"Asselbur","other_names":{"name:lb":"Uesper"},"display_name":"Asselbur, Kehmen, Bourscheid, Canton Diekirch, 9163, Lëtzebuerg","address":{"hamlet":"Asselbur","village":"Kehmen","county":"Canton Diekirch","ISO3166-2-lvl6":"LU-DI","postcode":"9163","country":"Lëtzebuerg","country_code":"lu"},"osm_type":"node","osm_id":9671721214,"type":"hamlet","location":[6.0408071,49.9007896],"bbox":[6.0208071,49.8807896,6.0608071,49.9207896]}
{"name":"Asselscheuer","other_names":{"name:lb":"Aasselscheier"},"display_name":"Asselscheuer, Blaschette, Lorentzweiler, Canton Mersch, 7392, Lëtzebuerg","address":{"hamlet":"Asselscheuer","village":"Blaschette","county":"Canton Mersch","ISO3166-2-lvl6":"LU-ME","postcode":"7392","country":"Lëtzebuerg","country_code":"lu"},"population":68,"osm_type":"node","osm_id":1334352236,"type":"hamlet","location":[6.1725726,49.6898818],"bbox":[6.1525726,49.6698818,6.1925726,49.7098818]}
{"name":"Auf Hoschteraal","display_name":"Auf Hoschteraal, Schlindermanderscheid, Bourscheid, Canton Diekirch, 9140, Lëtzebuerg","address":{"hamlet":"Auf Hoschteraal","village":"Schlindermanderscheid","county":"Canton Diekirch","ISO3166-2-lvl6":"LU-DI","postcode":"9140","country":"Lëtzebuerg","country_code":"lu"},"osm_type":"node","osm_id":9642135257,"type":"hamlet","location":[6.0604043,49.919738],"bbox":[6.0404043,49.899738,6.0804043,49.939738]}
{"name":"Bache Jang","display_name":"Bache Jang, Differdange, Canton Esch-sur-Alzette, 4559, Lëtzebuerg","address":{"hamlet":"Bache Jang","town":"Differdange","county":"Canton Esch-sur-Alzette","ISO3166-2-lvl6":"LU-ES","postcode":"4559","country":"Lëtzebuerg","country_code":"lu"},"osm_type":"node","osm_id":2881353865,"type":"hamlet","location":[5.8720785,49.5002557],"bbox":[5.8520785,49.4802557,5.8920785,49.5202557]}
{"name":"Bamerdall","display_name":"Bamerdall, Diekirch, Canton Diekirch, 9210, Lëtzebuerg","address":{"hamlet":"Bamerdall","town":"Diekirch","county":"Canton Diekirch","ISO3166-2-lvl6":"LU-DI","postcode":"9210","country":"Lëtzebuerg","country_code":"lu"},"osm_type":"node","osm_id":7988434041,"type":"hamlet","location":[6.1548889,49.8811333],"bbox":[6.1348889,49.8611333,6.1748889,49.9011333]}
{"name":"Banzelt","display_name":"Banzelt, Olingen, Betzdorf, Canton Grevenmacher, 6921, Lëtzebuerg","address":{"hamlet":"Banzelt","village":"Olingen","county":"Canton Grevenmacher","ISO3166-2-lvl6":"LU-GR","postcode":"6921","country":"Lëtzebuerg","country_code":"lu"},"osm_type":"node","osm_id":1500278549,"type":"hamlet","location":[6.3288636,49.6730094],"bbox":[6.3088636,49.6530094,6.3488636,49.6930094]}
{"name":"Beim Donatus","display_name":"Beim Donatus, Alscheid, Kiischpelt, Canton Wiltz, 9632, Lëtzebuerg","address":{"hamlet":"Beim Donatus","village":"Alscheid","city":"Kiischpelt","county":"Canton Wiltz","ISO3166-2-lvl6":"LU-WI","postcode":"9632","country":"Lëtzebuerg","country_code":"lu"},"osm_type":"node","osm_id":331423455,"type":"hamlet","location":[5.9944296,49.9712929],"bbox":[5.9744296,49.9512929,6.0144296,49.9912929]}
{"name":"Bënzert","other_names":{"name:de":"Binzrath","name:fr":"Binzrath","name:lb":"Bënzert"},"display_name":"Bënzert, Mersch, Canton Mersch, 7409, Lëtzebuerg","address":{"hamlet":"Bënzert","village":"Mersch","county":"Canton Mersch","ISO3166-2-lvl6":"LU-ME","postcode":"7409","country":"Lëtzebuerg","country_code":"lu"},"osm_type":"node","osm_id":412120938,"type":"hamlet","location":[6.1394989,49.753333],"bbox":[6.1194989,49.733333,6.1594989,49.773333]}
{"name":"Berbuergerhaff","display_name":"Berbuergerhaff, Manternach, Canton Grevenmacher, 6830, Lëtzebuerg","address":{"hamlet":"Berbuergerhaff","village":"Manternach","county":"Canton Grevenmacher","ISO3166-2-lvl6":"LU-GR","postcode":"6830","country":"Lëtzebuerg","country_code":"lu"},"osm_type":"node","osm_id":360584564,"type":"hamlet","location":[6.3939268,49.717833],"bbox":[6.3739268,49.697833,6.4139268,49.737833]}
{"name":"Berghaff","other_names":{"name:lb":"Bierghaff"},"display_name":"Berghaff, Beyren, Flaxweiler, Canton Grevenmacher, 5410, Lëtzebuerg","address":{"hamlet":"Berghaff","village":"Beyren","county":"Canton Grevenmacher","ISO3166-2-lvl6":"LU-GR","postcode":"5410","country":"Lëtzebuerg","country_code":"lu"},"osm_type":"node","osm_id":428481574,"type":"hamlet","location":[6.3264516,49.6290656],"bbox":[6.3064516,49.6090656,6.3464516,49.6490656]}
{"name":"Beringerberg","other_names":{"name:lb":"Bierengerbierg"},"display_name":"Beringerberg, Mersch, Canton Mersch, 7409, Lëtzebuerg","address":{"hamlet":"Beringerberg","village":"Mersch","county":"Canton Mersch","ISO3166-2-lvl6":"LU-ME","postcode":"7409","country":"Lëtzebuerg","country_code":"lu"},"osm_type":"node","osm_id":294935290,"type":"hamlet","location":[6.1503977,49.77033],"bbox":[6.1303977,49.75033,6.1703977,49.79033]}
{"name":"Betzemillen","display_name":"Betzemillen, Boevange-sur-Attert, Helperknapp, Canton Mersch, 8711, Lëtzebuerg","address":{"hamlet":"Betzemillen","village":"Boevange-sur-Attert","city":"Helperknapp","county":"Canton Mersch","ISO3166-2-lvl6":"LU-ME","postcode":"8711","country":"Lëtzebuerg","country_code":"lu"},"osm_type":"node","osm_id":8402940611,"type":"hamlet","location":[6.0273528,49.7806856],"bbox":[6.0073528,49.7606856,6.0473528,49.8006856]}
{"name":"Bill","display_name":"Bill, Grevenknapp, Helperknapp, Canton Mersch, 7425, Lëtzebuerg","address":{"hamlet":"Bill","village":"Grevenknapp","city":"Helperknapp","county":"Canton Mersch","ISO3166-2-lvl6":"LU-ME","postcode":"7425","country":"Lëtzebuerg","country_code":"lu"},"population":14,"osm_type":"node","osm_id":4514553109,"type":"hamlet","location":[6.0399401,49.7638113],"bbox":[6.0199401,49.7438113,6.0599401,49.7838113]}
{"name":"Birkelt","other_names":{"name:lb":"Bierkelt"},"display_name":"Birkelt, Berdorf, Canton Echternach, 6590, Lëtzebuerg","address":{"hamlet":"Birkelt","village":"Berdorf","county":"Canton Echternach","ISO3166-2-lvl6":"LU-EC","postcode":"6590","country":"Lëtzebuerg","country_code":"lu"},"osm_type":"node","osm_id":315272611,"type":"hamlet","location":[6.3789591,49.8252971],"bbox":[6.3589591,49.8052971,6.3989591,49.8452971]}
{"name":"Birtrange","other_names":{"name:de":"Birtringen","name:lb":"Biertreng"},"display_name":"Birtrange, Schieren, Canton Diekirch, 7758, Lëtzebuerg","address":{"hamlet":"Birtrange","village":"Schieren","county":"Canton Diekirch","ISO3166-2-lvl6":"LU-DI","postcode":"7758","country":"Lëtzebuerg","country_code":"lu"},"population":5,"osm_type":"node","osm_id":1850675905,"type":"hamlet","location":[6.0886091,49.8271599],"bbox":[6.0686091,49.8071599,6.1086091,49.8471599]}
{"name":"Biwerbach","other_names":{"name:lb":"Biwerbaach"},"display_name":"Biwerbach, Biwer, Canton Grevenmacher, 6834, Lëtzebuerg","address":{"hamlet":"Biwerbach","village":"Biwer","county":"Canton Grevenmacher","ISO3166-2-lvl6":"LU-GR","postcode":"6834","country":"Lëtzebuerg","country_code":"lu"},"population":10,"osm_type":"node","osm_id":5887048349,"type":"hamlet","location":[6.3672745,49.7094019],"bbox":[6.3472745,49.6894019,6.3872745,49.7294019]}
{"name":"Bleesbréck","other_names":{"name:de":"Bleesbrück","name:fr":"Bleesbruck","name:lb":"Bleesbréck"},"display_name":"Bleesbréck, Gilsdorf, Bettendorf, Canton Diekirch, 9359, Lëtzebuerg","address":{"hamlet":"Bleesbréck","village":"Gilsdorf","county":"Canton Diekirch","ISO3166-2-lvl6":"LU-DI","postcode":"9359","country":"Lëtzebuerg","country_code":"lu"},"osm_type":"node","osm_id":358875767,"type":"hamlet","location":[6.1907002,49.8724312],"bbox":[6.1707002,49.8524312,6.2107002,49.8924312]}
{"name":"Bleesmillen","display_name":"Bleesmillen, Seltz, Tandel, Canton Vianden, 9359, Lëtzebuerg","address":{"hamlet":"Bleesmillen","village":"Seltz","county":"Canton Vianden","ISO3166-2-lvl6":"LU-VD","postcode":"9359","country":"Lëtzebuerg","country_code":"lu"},"osm_type":"node","osm_id":8515621185,"type":"hamlet","location":[6.1867835,49.8751756],"bbox":[6.1667835,49.8551756,6.2067835,49.8951756]}
{"name":"Bollendorf-Pont","other_names":{"name:de":"Bollendorferbrück","name:lb":"Bollenduerfer-Bréck","alt_name:lb":"Bollendrefer-Bréck"},"display_name":"Bollendorf-Pont, Berdorf, Canton Echternach, 6555, Lëtzebuerg","address":{"hamlet":"Bollendorf-Pont","village":"Berdorf","county":"Canton Echternach","ISO3166-2-lvl6":"LU-EC","postcode":"6555","country":"Lëtzebuerg","country_code":"lu"},"population":317,"osm_type":"node","osm_id":273184304,"type":"hamlet","location":[6.3582275,49.8497881],"bbox":[6.3382275,49.8297881,6.3782275,49.8697881]}
{"name":"Boudlerbach","other_names":{"name:de":"Budlerbach","name:lb":"Buddelerbaach"},"display_name":"Boudlerbach, Boudler, Biwer, Canton Grevenmacher, 6835, Lëtzebuerg","address":{"hamlet":"Boudlerbach","village":"Boudler","county":"Canton Grevenmacher","ISO3166-2-lvl6":"LU-GR","postcode":"6835","country":"Lëtzebuerg","country_code":"lu"},"population":28,"osm_type":"node","osm_id":2000397429,"type":"hamlet","location":[6.3536649,49.7175389],"bbox":[6.3336649,49.6975389,6.3736649,49.7375389]}
{"name":"Boukelsermillen","other_names":{"name:fr":"Bockholtz-Moulin"},"display_name":"Boukelsermillen, Bockholtz, Goesdorf, Canton Wiltz, 9637, Lëtzebuerg","address":{"hamlet":"Boukelsermillen","village":"Bockholtz","county":"Canton Wiltz","ISO3166-2-lvl6":"LU-WI","postcode":"9637","country":"Lëtzebuerg","country_code":"lu"},"osm_type":"node","osm_id":3989482002,"type":"hamlet","location":[6.0066841,49.9265249],"bbox":[5.9866841,49.9065249,6.0266841,49.9465249]}
{"name":"Brameschhaff","other_names":{"name:lb":"Brameschhaff"},"display_name":"Brameschhaff, Kehlen, Canton Capellen, 8290, Lëtzebuerg","address":{"hamlet":"Brameschhaff","village":"Kehlen","county":"Canton Capellen","ISO3166-2-lvl6":"LU-CA","postcode":"8290","country":"Lëtzebuerg","country_code":"lu"},"osm_type":"node","osm_id":259412796,"type":"hamlet","location":[6.0489586,49.6566036],"bbox":[6.0289586,49.6366036,6.0689586,49.6766036]}
{"name":"Bramillen","other_names":{"alt_name":"Brahmillen"},"display_name":"Bramillen, Michelau, Bourscheid, Canton Diekirch, 9171, Lëtzebuerg","address":{"hamlet":"Bramillen","village":"Michelau","county":"Canton Diekirch","ISO3166-2-lvl6":"LU-DI","postcode":"9171","country":"Lëtzebuerg","country_code":"lu"},"osm_type":"node","osm_id":2805111328,"type":"hamlet","location":[6.0836276,49.9031409],"bbox":[6.0636276,49.8831409,6.1036276,49.9231409]}
{"name":"Breidweiler","other_names":{"name:lb":"Präiteler"},"display_name":"Breidweiler, Colbette, Consdorf, Canton Echternach, 6238, Lëtzebuerg","address":{"hamlet":"Breidweiler","village":"Colbette","county":"Canton Echternach","ISO3166-2-lvl6":"LU-EC","postcode":"6238","country":"Lëtzebuerg","country_code":"lu"},"population":112,"osm_type":"node","osm_id":36661939,"type":"hamlet","location":[6.3033165,49.7778197],"bbox":[6.2833165,49.7578197,6.3233165,49.7978197]}
{"name":"Breinert","other_names":{"name:lb":"Breinert"},"display_name":"Breinert, Boudler, Biwer, Canton Grevenmacher, 6836, Lëtzebuerg","address":{"hamlet":"Breinert","village":"Boudler","county":"Canton Grevenmacher","ISO3166-2-lvl6":"LU-GR","postcode":"6836","country":"Lëtzebuerg","country_code":"lu"},"population":78,"osm_type":"node","osm_id":315136640,"type":"hamlet","location":[6.3425718,49.7116865],"bbox":[6.3225718,49.6916865,6.3625718,49.7316865]}
{"name":"Breinerterknupp","display_name":"Breinerterknupp, Biwer, Canton Grevenmacher, 6836, Lëtzebuerg","address":{"hamlet":"Breinerterknupp","village":"Biwer","county":"Canton Grevenmacher","ISO3166-2-lvl6":"LU-GR","postcode":"6836","country":"Lëtzebuerg","country_code":"lu"},"osm_type":"node","osm_id":5299405351,"type":"hamlet","location":[6.3344767,49.7126314],"bbox":[6.3144767,49.6926314,6.3544767,49.7326314]}
{"name":"Brichermillen","other_names":{"name:fr":"Bruchermuhle","name:lb":"Brichermillen"},"display_name":"Brichermillen, Medingen, Contern, Canton Luxembourg, 5322, Lëtzebuerg","address":{"hamlet":"Brichermillen","village":"Medingen","county":"Canton Luxembourg","ISO3166-2-lvl6":"LU-LU","postcode":"5322","country":"Lëtzebuerg","country_code":"lu"},"osm_type":"node","osm_id":1412184938,"type":"hamlet","location":[6.2316636,49.5707742],"bbox":[6.2116636,49.5507742,6.2516636,49.5907742]}
{"name":"Brill","display_name":"Brill, Altwies, Mondorf-les-Bains, Canton Remich, 5611, Lëtzebuerg","address":{"hamlet":"Brill","village":"Altwies","county":"Canton Remich","ISO3166-2-lvl6":"LU-RM","postcode":"5611","country":"Lëtzebuerg","country_code":"lu"},"osm_type":"node","osm_id":1495365794,"type":"hamlet","location":[6.2729619,49.5063813],"bbox":[6.2529619,49.4863813,6.2929619,49.5263813]}
{"name":"Broderbour","other_names":{"name:de":"Broderbour","name:fr":"Broderbour","name:lb":"Brouderbuer"},"display_name":"Broderbour, Bettendorf, Canton Diekirch, 9373, Lëtzebuerg","address":{"hamlet":"Broderbour","village":"Bettendorf","county":"Canton Diekirch","ISO3166-2-lvl6":"LU-DI","postcode":"9373","country":"Lëtzebuerg","country_code":"lu"},"osm_type":"node","osm_id":1850793450,"type":"hamlet","location":[6.1855414,49.851748],"bbox":[6.1655414,49.831748,6.2055414,49.871748]}
{"name":"Buchholz","other_names":{"name:lb":"Buchholz"},"display_name":"Buchholz, Flaxweiler, Canton Grevenmacher, 6925, Lëtzebuerg","address":{"hamlet":"Buchholz","village":"Flaxweiler","county":"Canton Grevenmacher","ISO3166-2-lvl6":"LU-GR","postcode":"6925","country":"Lëtzebuerg","country_code":"lu"},"osm_type":"node","osm_id":315265378,"type":"hamlet","location":[6.3637084,49.6618715],"bbox":[6.3437084,49.6418715,6.3837084,49.6818715]}
{"name":"Buurschter-Millen","other_names":{"name:fr":"Moulin de Bourscheid","name:lb":"Buurschter-Millen"},"display_name":"Buurschter-Millen, Lipperscheid, Bourscheid, Canton Diekirch, 9164, Lëtzebuerg","address":{"hamlet":"Buurschter-Millen","village":"Lipperscheid","county":"Canton Diekirch","ISO3166-2-lvl6":"LU-DI","postcode":"9164","country":"Lëtzebuerg","country_code":"lu"},"population":11,"osm_type":"node","osm_id":1683894798,"type":"hamlet","location":[6.0883849,49.9136519],"bbox":[6.0683849,49.8936519,6.1083849,49.9336519]}
{"name":"Buurschter-Plage","other_names":{"name:fr":"Bourscheid-Plage","name:lb":"Buurschter-Plage","alt_name:lb":"Buerschter Plage"},"display_name":"Buurschter-Plage, Lipperscheid, Bourscheid, Canton Diekirch, 9164, Lëtzebuerg","address":{"hamlet":"Buurschter-Plage","village":"Lipperscheid","county":"Canton Diekirch","ISO3166-2-lvl6":"LU-DI","postcode":"9164","country":"Lëtzebuerg","country_code":"lu"},"population":21,"osm_type":"node","osm_id":5887048348,"type":"hamlet","location":[6.0800555,49.9079371],"bbox":[6.0600555,49.8879371,6.1000555,49.9279371]}
{"name":"Cinqfontaines","other_names":{"name:de":"Fünfbrunnen","name:lb":"Fënnefbur","alt_name:lb":"Pafemillen"},"display_name":"Cinqfontaines, Sassel, Wincrange, Canton Clervaux, 9902, Lëtzebuerg","address":{"hamlet":"Cinqfontaines","village":"Sassel","county":"Canton Clervaux","ISO3166-2-lvl6":"LU-CL","postcode":"9902","country":"Lëtzebuerg","country_code":"lu"},"population":9,"osm_type":"node","osm_id":314283740,"type":"hamlet","location":[6.0075127,50.1073447],"bbox":[5.9875127,50.0873447,6.0275127,50.1273447]}
{"name":"Cloosbierg","display_name":"Cloosbierg, Dillingen, Beaufort, Canton Echternach, 6350, Lëtzebuerg","address":{"hamlet":"Cloosbierg","village":"Dillingen","county":"Canton Echternach","ISO3166-2-lvl6":"LU-EC","postcode":"6350","country":"Lëtzebuerg","country_code":"lu"},"osm_type":"node","osm_id":5297364162,"type":"hamlet","location":[6.3186206,49.8420823],"bbox":[6.2986206,49.8220823,6.3386206,49.8620823]}
{"name":"Closdelt","other_names":{"name:lb":"Closdellt"},"display_name":"Closdelt, Bourscheid, Canton Diekirch, 9360, Lëtzebuerg","address":{"hamlet":"Closdelt","village":"Bourscheid","county":"Canton Diekirch","ISO3166-2-lvl6":"LU-DI","postcode":"9360","country":"Lëtzebuerg","country_code":"lu"},"population":4,"osm_type":"node","osm_id":2805169255,"type":"hamlet","location":[6.1224716,49.9017279],"bbox":[6.1024716,49.8817279,6.1424716,49.9217279]}
{"name":"Colmar-Pont","other_names":{"name:de":"Colmar-Brücke","name:fr":"Colmar-Pont","name:lb":"Colmer Bréck"},"display_name":"Colmar-Pont, Colmar, Colmar-Berg, Canton Mersch, 7738, Lëtzebuerg","address":{"hamlet":"Colmar-Pont","village":"Colmar","county":"Canton Mersch","ISO3166-2-lvl6":"LU-ME","postcode":"7738","country":"Lëtzebuerg","country_code":"lu"},"population":8,"osm_type":"node","osm_id":7215296712,"type":"hamlet","location":[6.1036757,49.8148114],"bbox":[6.0836757,49.7948114,6.1236757,49.8348114]}
{"name":"Cornelysmillen","display_name":"Cornelysmillen, Troisvierges, Canton Clervaux, 9913, Lëtzebuerg","address":{"hamlet":"Cornelysmillen","town":"Troisvierges","county":"Canton Clervaux","ISO3166-2-lvl6":"LU-CL","postcode":"9913","country":"Lëtzebuerg","country_code":"lu"},"osm_type":"node","osm_id":6202437808,"type":"hamlet","location":[5.9925941,50.1317424],"bbox":[5.9725941,50.1117424,6.0125941,50.1517424]}
{"name":"Crispent","other_names":{"name:lb":"Créispent"},"display_name":"Crispent, Scheidgen, Consdorf, Canton Echternach, 6214, Lëtzebuerg","address":{"hamlet":"Crispent","village":"Scheidgen","county":"Canton Echternach","ISO3166-2-lvl6":"LU-EC","postcode":"6214","country":"Lëtzebuerg","country_code":"lu"},"osm_type":"node","osm_id":7088021456,"type":"hamlet","location":[6.3566095,49.7871576],"bbox":[6.3366095,49.7671576,6.3766095,49.8071576]}
{"name":"Dasbourg-Pont","other_names":{"name:de":"Dasburgerbrück","name:fr":"Dasbourg-Pont","name:lb":"Doosber-Bréck","alt_name:lb":"Dosberbreck"},"display_name":"Dasbourg-Pont, Hosingen, Parc Hosingen, Canton Clervaux, 9839, Lëtzebuerg","address":{"hamlet":"Dasbourg-Pont","city_district":"Hosingen","city":"Parc Hosingen","county":"Canton Clervaux","ISO3166-2-lvl6":"LU-CL","postcode":"9839","country":"Lëtzebuerg","country_code":"lu"},"osm_type":"node","osm_id":6039180418,"type":"hamlet","location":[6.1258819,50.0494102],"bbox":[6.1058819,50.0294102,6.1458819,50.0694102]}
{"name":"Dickeschbour","other_names":{"alt_name":"Dickschbour"},"display_name":"Dickeschbour, Heiderscheid, Esch-sur-Sûre, Canton Wiltz, 9659, Lëtzebuerg","address":{"hamlet":"Dickeschbour","village":"Heiderscheid","county":"Canton Wiltz","ISO3166-2-lvl6":"LU-WI","postcode":"9659","country":"Lëtzebuerg","country_code":"lu"},"osm_type":"node","osm_id":9661101417,"type":"hamlet","location":[5.9609038,49.8870599],"bbox":[5.9409038,49.8670599,5.9809038,49.9070599]}
{"name":"Direndall","display_name":"Direndall, Keispelt/Meispelt, Kehlen, Canton Capellen, 8198, Lëtzebuerg","address":{"hamlet":"Direndall","village":"Keispelt/Meispelt","county":"Canton Capellen","ISO3166-2-lvl6":"LU-CA","postcode":"8198","country":"Lëtzebuerg","country_code":"lu"},"osm_type":"node","osm_id":1375332088,"type":"hamlet","location":[6.0854993,49.6792099],"bbox":[6.0654993,49.6592099,6.1054993,49.6992099]}
{"name":"Direndall","other_names":{"name:lb":"Direndall"},"display_name":"Direndall, Keispelt/Meispelt, Kehlen, Canton Capellen, 8198, Lëtzebuerg","address":{"hamlet":"Direndall","village":"Keispelt/Meispelt","county":"Canton Capellen","ISO3166-2-lvl6":"LU-CA","postcode":"8198","country":"Lëtzebuerg","country_code":"lu"},"osm_type":"node","osm_id":259027871,"type":"hamlet","location":[6.0907688,49.6893377],"bbox":[6.0707688,49.6693377,6.1107688,49.7093377]}
{"name":"Dreiborn","other_names":{"name:de":"Dreiborn","name:fr":"Dreiborn","name:lb":"Dräibuer"},"display_name":"Dreiborn, Wormeldange-Haut, Wormeldange, Canton Grevenmacher, 5485, Lëtzebuerg","address":{"hamlet":"Dreiborn","village":"Wormeldange-Haut","county":"Canton Grevenmacher","ISO3166-2-lvl6":"LU-GR","postcode":"5485","country":"Lëtzebuerg","country_code":"lu"},"population":14,"osm_type":"node","osm_id":272501877,"type":"hamlet","location":[6.3937938,49.6196298],"bbox":[6.3737938,49.5996298,6.4137938,49.6396298]}
{"name":"Ehner","other_names":{"name:lb":"Éiner"},"display_name":"Ehner, Saeul, Canton Redange, Lëtzebuerg","address":{"hamlet":"Ehner","village":"Saeul","county":"Canton Redange","ISO3166-2-lvl6":"LU-RD","country":"Lëtzebuerg","country_code":"lu"},"population":29,"osm_type":"node","osm_id":266207250,"type":"hamlet","location":[5.9504721,49.7171679],"bbox":[5.9304721,49.6971679,5.9704721,49.7371679],"border":{"name":"Ehner","other_names":{"name:lb":"Éiner"},"display_name":"Ehner, Saeul, Canton Redange, 8529, Lëtzebuerg","address":{"hamlet":"Ehner","village":"Saeul","county":"Canton Redange","ISO3166-2-lvl6":"LU-RD","postcode":"8529","country":"Lëtzebuerg","country_code":"lu"},"population":29,"osm_type":"relation","osm_id":17165137,"type":"administrative","location":[5.9504721,49.7171679],"bbox":[5.9211211,49.7019239,5.9552788,49.7239506]}}
{"name":"Eichelbour","other_names":{"name:lb":"Eechelbur","alt_name:lb":"Aechelbur"},"display_name":"Eichelbour, Nommern, Canton Mersch, 7465, Lëtzebuerg","address":{"hamlet":"Eichelbour","village":"Nommern","county":"Canton Mersch","ISO3166-2-lvl6":"LU-ME","postcode":"7465","country":"Lëtzebuerg","country_code":"lu"},"osm_type":"node","osm_id":1399627483,"type":"hamlet","location":[6.1862869,49.8020649],"bbox":[6.1662869,49.7820649,6.2062869,49.8220649]}
{"name":"Éitermillen","display_name":"Éitermillen, Oetrange, Contern, Canton Luxembourg, 5352, Lëtzebuerg","address":{"hamlet":"Éitermillen","village":"Oetrange","county":"Canton Luxembourg","ISO3166-2-lvl6":"LU-LU","postcode":"5352","country":"Lëtzebuerg","country_code":"lu"},"osm_type":"node","osm_id":1624884414,"type":"hamlet","location":[6.2493901,49.5983242],"bbox":[6.2293901,49.5783242,6.2693901,49.6183242]}
{"name":"Ellange Gare","display_name":"Ellange Gare, Ellange, Mondorf-les-Bains, Canton Remich, 5691, Lëtzebuerg","address":{"hamlet":"Ellange Gare","village":"Ellange","county":"Canton Remich","ISO3166-2-lvl6":"LU-RM","postcode":"5691","country":"Lëtzebuerg","country_code":"lu"},"osm_type":"node","osm_id":264599584,"type":"hamlet","location":[6.3052234,49.5163788],"bbox":[6.2852234,49.4963788,6.3252234,49.5363788]}
{"name":"Emeringerhaff","display_name":"Emeringerhaff, Erpeldange, Bous-Waldbredimus, Canton Remich, 5422, Lëtzebuerg","address":{"hamlet":"Emeringerhaff","village":"Erpeldange","city":"Bous-Waldbredimus","county":"Canton Remich","ISO3166-2-lvl6":"LU-RM","postcode":"5422","country":"Lëtzebuerg","country_code":"lu"},"osm_type":"node","osm_id":4695903500,"type":"hamlet","location":[6.3242717,49.5395311],"bbox":[6.3042717,49.5195311,6.3442717,49.5595311]}
{"name":"Emeschbaach","display_name":"Emeschbaach, Asselborn, Wincrange, Canton Clervaux, 9940, Lëtzebuerg","address":{"hamlet":"Emeschbaach","village":"Asselborn","county":"Canton Clervaux","ISO3166-2-lvl6":"LU-CL","postcode":"9940","country":"Lëtzebuerg","country_code":"lu"},"osm_type":"node","osm_id":3693981173,"type":"hamlet","location":[5.958775,50.0939663],"bbox":[5.938775,50.0739663,5.978775,50.1139663]}
{"name":"Enteschbach","other_names":{"name:lb":"Enteschbaach","name:lt":"Entešbachas"},"display_name":"Enteschbach, Bourscheid, Canton Diekirch, 9457, Lëtzebuerg","address":{"hamlet":"Enteschbach","village":"Bourscheid","county":"Canton Diekirch","ISO3166-2-lvl6":"LU-DI","postcode":"9457","country":"Lëtzebuerg","country_code":"lu"},"population":5,"osm_type":"node","osm_id":2805181356,"type":"hamlet","location":[6.1141821,49.9121783],"bbox":[6.0941821,49.8921783,6.1341821,49.9321783]}
{"name":"Fausermillen","other_names":{"name:de":"Fausermühle"},"display_name":"Fausermillen, Mertert, Canton Grevenmacher, 6689, Lëtzebuerg","address":{"hamlet":"Fausermillen","village":"Mertert","county":"Canton Grevenmacher","ISO3166-2-lvl6":"LU-GR","postcode":"6689","country":"Lëtzebuerg","country_code":"lu"},"osm_type":"node","osm_id":8752484921,"type":"hamlet","location":[6.4612055,49.7064601],"bbox":[6.4412055,49.6864601,6.4812055,49.7264601]}
{"name":"Féischterbierg","display_name":"Féischterbierg, Bourscheid, Canton Diekirch, 9140, Lëtzebuerg","address":{"hamlet":"Féischterbierg","village":"Bourscheid","county":"Canton Diekirch","ISO3166-2-lvl6":"LU-DI","postcode":"9140","country":"Lëtzebuerg","country_code":"lu"},"osm_type":"node","osm_id":8429152812,"type":"hamlet","location":[6.0642332,49.9163453],"bbox":[6.0442332,49.8963453,6.0842332,49.9363453]}
{"name":"Féitsch","display_name":"Féitsch, Allerborn, Wincrange, Canton Clervaux, 9773, Lëtzebuerg","address":{"hamlet":"Féitsch","village":"Allerborn","county":"Canton Clervaux","ISO3166-2-lvl6":"LU-CL","postcode":"9773","country":"Lëtzebuerg","country_code":"lu"},"osm_type":"node","osm_id":3662627634,"type":"hamlet","location":[5.8866056,50.0365909],"bbox":[5.8666056,50.0165909,5.9066056,50.0565909]}
{"name":"Finsterthal","other_names":{"name:de":"Finsterthal","name:lb":"Fënsterdall"},"display_name":"Finsterthal, Grevenknapp, Helperknapp, Canton Mersch, 7425, Lëtzebuerg","address":{"hamlet":"Finsterthal","village":"Grevenknapp","city":"Helperknapp","county":"Canton Mersch","ISO3166-2-lvl6":"LU-ME","postcode":"7425","country":"Lëtzebuerg","country_code":"lu"},"population":10,"osm_type":"node","osm_id":428847335,"type":"hamlet","location":[6.0394427,49.7587852],"bbox":[6.0194427,49.7387852,6.0594427,49.7787852]}
{"name":"Flatzbour","other_names":{"name:lb":"Flatzbur"},"display_name":"Flatzbour, Bigonville, Rambrouch, Canton Redange, 8812, Lëtzebuerg","address":{"hamlet":"Flatzbour","village":"Bigonville","county":"Canton Redange","ISO3166-2-lvl6":"LU-RD","postcode":"8812","country":"Lëtzebuerg","country_code":"lu"},"population":19,"osm_type":"node","osm_id":269413396,"type":"hamlet","location":[5.7873176,49.8355935],"bbox":[5.7673176,49.8155935,5.8073176,49.8555935]}
{"name":"Flebour","other_names":{"name:lb":"Fléiber"},"display_name":"Flebour, Michelau, Bourscheid, Canton Diekirch, 9171, Lëtzebuerg","address":{"hamlet":"Flebour","village":"Michelau","county":"Canton Diekirch","ISO3166-2-lvl6":"LU-DI","postcode":"9171","country":"Lëtzebuerg","country_code":"lu"},"population":34,"osm_type":"node","osm_id":8260440370,"type":"hamlet","location":[6.1071941,49.9104418],"bbox":[6.0871941,49.8904418,6.1271941,49.9304418]}
{"name":"Flickenhaff","other_names":{"name:lb":"Fléckenhaff"},"display_name":"Flickenhaff, Haller, Waldbillig, Canton Echternach, 6370, Lëtzebuerg","address":{"hamlet":"Flickenhaff","village":"Haller","county":"Canton Echternach","ISO3166-2-lvl6":"LU-EC","postcode":"6370","country":"Lëtzebuerg","country_code":"lu"},"osm_type":"node","osm_id":2848338963,"type":"hamlet","location":[6.2722136,49.8179339],"bbox":[6.2522136,49.7979339,6.2922136,49.8379339]}
{"name":"Folkendange","other_names":{"name:lb":"Folkendeng"},"display_name":"Folkendange, Vallée de l'Ernz, Canton Diekirch, 9368, Lëtzebuerg","address":{"hamlet":"Folkendange","city":"Vallée de l'Ernz","county":"Canton Diekirch","ISO3166-2-lvl6":"LU-DI","postcode":"9368","country":"Lëtzebuerg","country_code":"lu"},"population":27,"osm_type":"node","osm_id":181544183,"type":"hamlet","location":[6.2026914,49.8419518],"bbox":[6.1826914,49.8219518,6.2226914,49.8619518]}
{"name":"Fond-de-Gras","other_names":{"name:lb":"Fond-de-Gras"},"display_name":"Fond-de-Gras, Differdange, Canton Esch-sur-Alzette, 4576, Lëtzebuerg","address":{"hamlet":"Fond-de-Gras","town":"Differdange","county":"Canton Esch-sur-Alzette","ISO3166-2-lvl6":"LU-ES","postcode":"4576","country":"Lëtzebuerg","country_code":"lu"},"osm_type":"node","osm_id":268312114,"type":"hamlet","location":[5.8627302,49.5342076],"bbox":[5.8427302,49.5142076,5.8827302,49.5542076]}
{"name":"Foschent","display_name":"Foschent, Medernach, Vallée de l'Ernz, Canton Diekirch, 7664, Lëtzebuerg","address":{"hamlet":"Foschent","city_district":"Medernach","city":"Vallée de l'Ernz","county":"Canton Diekirch","ISO3166-2-lvl6":"LU-DI","postcode":"7664","country":"Lëtzebuerg","country_code":"lu"},"osm_type":"node","osm_id":8421587089,"type":"hamlet","location":[6.2261474,49.8156063],"bbox":[6.2061474,49.7956063,6.2461474,49.8356063]}
{"name":"Freckeisen","display_name":"Freckeisen, Christnach, Waldbillig, Canton Echternach, 7649, Lëtzebuerg","address":{"hamlet":"Freckeisen","village":"Christnach","county":"Canton Echternach","ISO3166-2-lvl6":"LU-EC","postcode":"7649","country":"Lëtzebuerg","country_code":"lu"},"population":48,"osm_type":"node","osm_id":3416515417,"type":"hamlet","location":[6.2603817,49.8012326],"bbox":[6.2403817,49.7812326,6.2803817,49.8212326]}
{"name":"Fréngerhaff","other_names":{"name:de":"Froehnerhof","name:fr":"Froehnerhof","name:lb":"Fréngerhaff","alt_name":"Frëngerhaff","alt_name:de":"Fringerhof"},"display_name":"Fréngerhaff, Brandenbourg, Tandel, Canton Vianden, 9361, Lëtzebuerg","address":{"hamlet":"Fréngerhaff","village":"Brandenbourg","county":"Canton Vianden","ISO3166-2-lvl6":"LU-VD","postcode":"9361","country":"Lëtzebuerg","country_code":"lu"},"osm_type":"node","osm_id":291705913,"type":"hamlet","location":[6.1534083,49.9174124],"bbox":[6.1334083,49.8974124,6.1734083,49.9374124]}
{"name":"Fridhaff","display_name":"Fridhaff, Diekirch, Canton Diekirch, 9379, Lëtzebuerg","address":{"hamlet":"Fridhaff","town":"Diekirch","county":"Canton Diekirch","ISO3166-2-lvl6":"LU-DI","postcode":"9379","country":"Lëtzebuerg","country_code":"lu"},"osm_type":"node","osm_id":5068329531,"type":"hamlet","location":[6.1344776,49.8897813],"bbox":[6.1144776,49.8697813,6.1544776,49.9097813]}
{"name":"Friedbusch","other_names":{"name:lb":"Fridbësch"},"display_name":"Friedbusch, Bourscheid, Canton Diekirch, 9183, Lëtzebuerg","address":{"hamlet":"Friedbusch","village":"Bourscheid","county":"Canton Diekirch","ISO3166-2-lvl6":"LU-DI","postcode":"9183","country":"Lëtzebuerg","country_code":"lu"},"population":8,"osm_type":"node","osm_id":293582186,"type":"hamlet","location":[6.0560876,49.9508686],"bbox":[6.0360876,49.9308686,6.0760876,49.9708686]}
{"name":"Froumillen","display_name":"Froumillen, Émerange, Schengen, Canton Remich, 5659, Lëtzebuerg","address":{"hamlet":"Froumillen","village":"Émerange","county":"Canton Remich","ISO3166-2-lvl6":"LU-RM","postcode":"5659","country":"Lëtzebuerg","country_code":"lu"},"osm_type":"node","osm_id":11263082250,"type":"hamlet","location":[6.2868864,49.4945238],"bbox":[6.2668864,49.4745238,6.3068864,49.5145238]}
{"name":"Fuertgeshaff","other_names":{"alt_name":"Firtgeshaff"},"display_name":"Fuertgeshaff, Medernach, Vallée de l'Ernz, Canton Diekirch, 7664, Lëtzebuerg","address":{"hamlet":"Fuertgeshaff","city_district":"Medernach","city":"Vallée de l'Ernz","county":"Canton Diekirch","ISO3166-2-lvl6":"LU-DI","postcode":"7664","country":"Lëtzebuerg","country_code":"lu"},"osm_type":"node","osm_id":8421587115,"type":"hamlet","location":[6.2353849,49.8170254],"bbox":[6.2153849,49.7970254,6.2553849,49.8370254]}
{"name":"Fuussekaul","display_name":"Fuussekaul, Heiderscheid, Esch-sur-Sûre, Canton Wiltz, 9156, Lëtzebuerg","address":{"hamlet":"Fuussekaul","village":"Heiderscheid","county":"Canton Wiltz","ISO3166-2-lvl6":"LU-WI","postcode":"9156","country":"Lëtzebuerg","country_code":"lu"},"osm_type":"node","osm_id":8518231424,"type":"hamlet","location":[5.9920464,49.8794604],"bbox":[5.9720464,49.8594604,6.0120464,49.8994604]}
{"name":"Gëlt","other_names":{"name:fr":"Goelt","name:lb":"Gëlt","alt_name":"Goelt"},"display_name":"Gëlt, Hostert, Rambrouch, Canton Redange, 8806, Lëtzebuerg","address":{"hamlet":"Gëlt","village":"Hostert","county":"Canton Redange","ISO3166-2-lvl6":"LU-RD","postcode":"8806","country":"Lëtzebuerg","country_code":"lu"},"osm_type":"node","osm_id":9724955786,"type":"hamlet","location":[5.855142,49.821724],"bbox":[5.835142,49.801724,5.875142,49.841724]}
{"name":"Gillenshaff","display_name":"Gillenshaff, Medernach, Vallée de l'Ernz, Canton Diekirch, 7634, Lëtzebuerg","address":{"hamlet":"Gillenshaff","city_district":"Medernach","city":"Vallée de l'Ernz","county":"Canton Diekirch","ISO3166-2-lvl6":"LU-DI","postcode":"7634","country":"Lëtzebuerg","country_code":"lu"},"osm_type":"node","osm_id":8421586678,"type":"hamlet","location":[6.2351006,49.8059584],"bbox":[6.2151006,49.7859584,6.2551006,49.8259584]}
{"name":"Girsterklaus","other_names":{"name:lb":"Giischterklaus"},"display_name":"Girsterklaus, Girst, Rosport-Mompach, Canton Echternach, 6558, Lëtzebuerg","address":{"hamlet":"Girsterklaus","village":"Girst","city":"Rosport-Mompach","county":"Canton Echternach","ISO3166-2-lvl6":"LU-EC","postcode":"6558","country":"Lëtzebuerg","country_code":"lu"},"population":6,"osm_type":"node","osm_id":308837827,"type":"hamlet","location":[6.498724,49.7846891],"bbox":[6.478724,49.7646891,6.518724,49.8046891]}
{"name":"Goebelsmühle","other_names":{"name:lb":"Giewelsmillen"},"display_name":"Goebelsmühle, Schlindermanderscheid, Bourscheid, Canton Diekirch, 9183, Lëtzebuerg","address":{"hamlet":"Goebelsmühle","village":"Schlindermanderscheid","county":"Canton Diekirch","ISO3166-2-lvl6":"LU-DI","postcode":"9183","country":"Lëtzebuerg","country_code":"lu"},"population":29,"osm_type":"node","osm_id":268808712,"type":"hamlet","location":[6.0540086,49.9211847],"bbox":[6.0340086,49.9011847,6.0740086,49.9411847]}
{"name":"Grentzingen","other_names":{"name:de":"Grentzingen","name:fr":"Grentzingen","name:lb":"Grenzen"},"display_name":"Grentzingen, Ettelbruck, Canton Diekirch, 7758, Lëtzebuerg","address":{"hamlet":"Grentzingen","town":"Ettelbruck","county":"Canton Diekirch","ISO3166-2-lvl6":"LU-DI","postcode":"7758","country":"Lëtzebuerg","country_code":"lu"},"population":7,"osm_type":"node","osm_id":5295675922,"type":"hamlet","location":[6.0913971,49.8314752],"bbox":[6.0713971,49.8114752,6.1113971,49.8514752]}
{"name":"Grevels-Barrière","display_name":"Grevels-Barrière, Bertrange, Canton Luxembourg, 8059, Lëtzebuerg","address":{"hamlet":"Grevels-Barrière","village":"Bertrange","county":"Canton Luxembourg","ISO3166-2-lvl6":"LU-LU","postcode":"8059","country":"Lëtzebuerg","country_code":"lu"},"osm_type":"node","osm_id":290499778,"type":"hamlet","location":[6.0485439,49.5970387],"bbox":[6.0285439,49.5770387,6.0685439,49.6170387]}
{"name":"Grindhausen","other_names":{"name:lb":"Granzen","alt_name:lb":"Grandsen"},"display_name":"Grindhausen, Heinerscheid, Clervaux, Canton Clervaux, 9751, Lëtzebuerg","address":{"hamlet":"Grindhausen","city_district":"Heinerscheid","town":"Clervaux","county":"Canton Clervaux","ISO3166-2-lvl6":"LU-CL","postcode":"9751","country":"Lëtzebuerg","country_code":"lu"},"population":20,"osm_type":"node","osm_id":289413829,"type":"hamlet","location":[6.0586656,50.0825192],"bbox":[6.0386656,50.0625192,6.0786656,50.1025192]}
{"name":"Groësteen","display_name":"Groësteen, Putscheid, Canton Vianden, 9458, Lëtzebuerg","address":{"hamlet":"Groësteen","village":"Putscheid","county":"Canton Vianden","ISO3166-2-lvl6":"LU-VD","postcode":"9458","country":"Lëtzebuerg","country_code":"lu"},"osm_type":"node","osm_id":317402159,"type":"hamlet","location":[6.1483255,49.9469994],"bbox":[6.1283255,49.9269994,6.1683255,49.9669994]}
{"name":"Halermillen","display_name":"Halermillen, Haller, Waldbillig, Canton Echternach, 6370, Lëtzebuerg","address":{"hamlet":"Halermillen","village":"Haller","county":"Canton Echternach","ISO3166-2-lvl6":"LU-EC","postcode":"6370","country":"Lëtzebuerg","country_code":"lu"},"osm_type":"node","osm_id":11800085790,"type":"hamlet","location":[6.2801644,49.8230858],"bbox":[6.2601644,49.8030858,6.3001644,49.8430858]}
{"name":"Halsbaach","other_names":{"name:lb":"Haalsbaach"},"display_name":"Halsbaach, Berdorf, Canton Echternach, 6552, Lëtzebuerg","address":{"hamlet":"Halsbaach","village":"Berdorf","county":"Canton Echternach","ISO3166-2-lvl6":"LU-EC","postcode":"6552","country":"Lëtzebuerg","country_code":"lu"},"osm_type":"node","osm_id":5297530560,"type":"hamlet","location":[6.365605,49.8264643],"bbox":[6.345605,49.8064643,6.385605,49.8464643]}
{"name":"Harderbach","other_names":{"name:fr":"Harderbach","name:lb":"Haarderbaach"},"display_name":"Harderbach, Goesdorf, Canton Wiltz, 9668, Lëtzebuerg","address":{"hamlet":"Harderbach","village":"Goesdorf","county":"Canton Wiltz","ISO3166-2-lvl6":"LU-WI","postcode":"9668","country":"Lëtzebuerg","country_code":"lu"},"osm_type":"node","osm_id":1865438511,"type":"hamlet","location":[6.0192472,49.9318623],"bbox":[5.9992472,49.9118623,6.0392472,49.9518623]}
{"name":"Haut-Martelange","other_names":{"name:de":"Obermartelingen","name:lb":"Uewermaarteleng","alt_name:lb":"Uewermaartel"},"display_name":"Haut-Martelange, Wolwelange, Rambrouch, Canton Redange, 8823, Lëtzebuerg","address":{"hamlet":"Haut-Martelange","village":"Wolwelange","county":"Canton Redange","ISO3166-2-lvl6":"LU-RD","postcode":"8823","country":"Lëtzebuerg","country_code":"lu"},"population":21,"osm_type":"node","osm_id":2867294232,"type":"hamlet","location":[5.7494577,49.8248257],"bbox":[5.7294577,49.8048257,5.7694577,49.8448257]}
{"name":"Heesberhaff","display_name":"Heesberhaff, Bous-Waldbredimus, Canton Remich, 5402, Lëtzebuerg","address":{"hamlet":"Heesberhaff","city":"Bous-Waldbredimus","county":"Canton Remich","ISO3166-2-lvl6":"LU-RM","postcode":"5402","country":"Lëtzebuerg","country_code":"lu"},"osm_type":"node","osm_id":1251114915,"type":"hamlet","location":[6.3119426,49.5743084],"bbox":[6.2919426,49.5543084,6.3319426,49.5943084]}
{"name":"Heisbich","other_names":{"name:lb":"Heeschbech"},"display_name":"Heisbich, Berdorf, Canton Echternach, 6551, Lëtzebuerg","address":{"hamlet":"Heisbich","village":"Berdorf","county":"Canton Echternach","ISO3166-2-lvl6":"LU-EC","postcode":"6551","country":"Lëtzebuerg","country_code":"lu"},"osm_type":"node","osm_id":273180623,"type":"hamlet","location":[6.3490493,49.8110402],"bbox":[6.3290493,49.7910402,6.3690493,49.8310402]}
{"name":"Herrenberg","other_names":{"name:lb":"Härebierg"},"display_name":"Herrenberg, Diekirch, Canton Diekirch, 9220, Lëtzebuerg","address":{"hamlet":"Herrenberg","town":"Diekirch","county":"Canton Diekirch","ISO3166-2-lvl6":"LU-DI","postcode":"9220","country":"Lëtzebuerg","country_code":"lu"},"osm_type":"node","osm_id":7950465451,"type":"hamlet","location":[6.1674104,49.8768971],"bbox":[6.1474104,49.8568971,6.1874104,49.8968971]}
{"name":"Hessemillen","other_names":{"name:lb":"Hessemillen"},"display_name":"Hessemillen, Eppeldorf, Vallée de l'Ernz, Canton Diekirch, 9364, Lëtzebuerg","address":{"hamlet":"Hessemillen","village":"Eppeldorf","city":"Vallée de l'Ernz","county":"Canton Diekirch","ISO3166-2-lvl6":"LU-DI","postcode":"9364","country":"Lëtzebuerg","country_code":"lu"},"osm_type":"node","osm_id":311182108,"type":"hamlet","location":[6.2419286,49.8528943],"bbox":[6.2219286,49.8328943,6.2619286,49.8728943]}
{"name":"Hierber Millen","display_name":"Hierber Millen, Herborn, Rosport-Mompach, Canton Echternach, 6665, Lëtzebuerg","address":{"hamlet":"Hierber Millen","village":"Herborn","city":"Rosport-Mompach","county":"Canton Echternach","ISO3166-2-lvl6":"LU-EC","postcode":"6665","country":"Lëtzebuerg","country_code":"lu"},"osm_type":"node","osm_id":1519293589,"type":"hamlet","location":[6.4264284,49.7374357],"bbox":[6.4064284,49.7174357,6.4464284,49.7574357]}
{"name":"Hinterhasselt","other_names":{"name:lb":"Hannerhaassel","alt_name":"Hinterhassel"},"display_name":"Hinterhasselt, Troine, Wincrange, Canton Clervaux, 9754, Lëtzebuerg","address":{"hamlet":"Hinterhasselt","village":"Troine","county":"Canton Clervaux","ISO3166-2-lvl6":"LU-CL","postcode":"9754","country":"Lëtzebuerg","country_code":"lu"},"population":12,"osm_type":"node","osm_id":3665907901,"type":"hamlet","location":[5.8638116,50.0569265],"bbox":[5.8438116,50.0369265,5.8838116,50.0769265]}
{"name":"Hollermillen","other_names":{"name:de":"Hollermühle"},"display_name":"Hollermillen, Holler, Weiswampach, Canton Clervaux, 9962, Lëtzebuerg","address":{"hamlet":"Hollermillen","village":"Holler","county":"Canton Clervaux","ISO3166-2-lvl6":"LU-CL","postcode":"9962","country":"Lëtzebuerg","country_code":"lu"},"population":0,"osm_type":"node","osm_id":870803952,"type":"hamlet","location":[6.0531258,50.1169366],"bbox":[6.0331258,50.0969366,6.0731258,50.1369366]}
{"name":"Horas","other_names":{"name:de":"Horas","name:en":"Horas","name:fr":"Horas","name:lb":"Horass","alt_name":"Horass"},"display_name":"Horas, Pratz, Préizerdaul, Canton Redange, 8613, Lëtzebuerg","address":{"hamlet":"Horas","village":"Pratz","city":"Préizerdaul","county":"Canton Redange","ISO3166-2-lvl6":"LU-RD","postcode":"8613","country":"Lëtzebuerg","country_code":"lu"},"osm_type":"node","osm_id":8371009100,"type":"hamlet","location":[5.9196889,49.8099985],"bbox":[5.8996889,49.7899985,5.9396889,49.8299985]}
{"name":"Hosbich","display_name":"Hosbich, Mersch, Canton Mersch, 7425, Lëtzebuerg","address":{"hamlet":"Hosbich","village":"Mersch","county":"Canton Mersch","ISO3166-2-lvl6":"LU-ME","postcode":"7425","country":"Lëtzebuerg","country_code":"lu"},"osm_type":"node","osm_id":4485071763,"type":"hamlet","location":[6.0542111,49.7545145],"bbox":[6.0342111,49.7345145,6.0742111,49.7745145]}
{"name":"Houschterhaff","other_names":{"name:de":"Hoscheidterhof","name:lb":"Houschterhaff"},"display_name":"Houschterhaff, Walsdorf, Tandel, Canton Vianden, 9458, Lëtzebuerg","address":{"hamlet":"Houschterhaff","village":"Walsdorf","county":"Canton Vianden","ISO3166-2-lvl6":"LU-VD","postcode":"9458","country":"Lëtzebuerg","country_code":"lu"},"population":4,"osm_type":"node","osm_id":291705917,"type":"hamlet","location":[6.1553572,49.9371273],"bbox":[6.1353572,49.9171273,6.1753572,49.9571273]}
{"name":"Huldangermillen","display_name":"Huldangermillen, Huldange, Troisvierges, Canton Clervaux, 9964, Lëtzebuerg","address":{"hamlet":"Huldangermillen","village":"Huldange","town":"Troisvierges","county":"Canton Clervaux","ISO3166-2-lvl6":"LU-CL","postcode":"9964","country":"Lëtzebuerg","country_code":"lu"},"osm_type":"node","osm_id":8383271598,"type":"hamlet","location":[5.9995168,50.1608483],"bbox":[5.9795168,50.1408483,6.0195168,50.1808483]}
{"name":"Hunnebur","display_name":"Hunnebur, Schoenfels, Mersch, Canton Mersch, 7473, Lëtzebuerg","address":{"hamlet":"Hunnebur","village":"Schoenfels","county":"Canton Mersch","ISO3166-2-lvl6":"LU-ME","postcode":"7473","country":"Lëtzebuerg","country_code":"lu"},"osm_type":"node","osm_id":1705493560,"type":"hamlet","location":[6.0810823,49.7257836],"bbox":[6.0610823,49.7057836,6.1010823,49.7457836]}
{"name":"Itzigerstee","other_names":{"name:de":"Itzigerstee","name:lb":"Izeger Stee","alt_name":"Itzigerste"},"display_name":"Itzigerstee, Itzig, Hesperange, Canton Luxembourg, 1816, Lëtzebuerg","address":{"hamlet":"Itzigerstee","village":"Itzig","county":"Canton Luxembourg","ISO3166-2-lvl6":"LU-LU","postcode":"1816","country":"Lëtzebuerg","country_code":"lu"},"osm_type":"node","osm_id":68778939,"type":"hamlet","location":[6.1597552,49.595645],"bbox":[6.1397552,49.575645,6.1797552,49.615645]}
{"name":"Juckenfeld","display_name":"Juckenfeld, Scheidgen, Consdorf, Canton Echternach, 6250, Lëtzebuerg","address":{"hamlet":"Juckenfeld","village":"Scheidgen","county":"Canton Echternach","ISO3166-2-lvl6":"LU-EC","postcode":"6250","country":"Lëtzebuerg","country_code":"lu"},"osm_type":"node","osm_id":5299127146,"type":"hamlet","location":[6.3684136,49.7901122],"bbox":[6.3484136,49.7701122,6.3884136,49.8101122]}
{"name":"Kaesfurt","other_names":{"name:fr":"Kaesfurt","name:lb":"Kéisfuert","alt_name":"Käsfurt","official_name":"Kaesfurt (Clervaux)"},"display_name":"Kaesfurt, Heinerscheid, Clervaux, Canton Clervaux, 9756, Lëtzebuerg","address":{"hamlet":"Kaesfurt","city_district":"Heinerscheid","town":"Clervaux","county":"Canton Clervaux","ISO3166-2-lvl6":"LU-CL","postcode":"9756","country":"Lëtzebuerg","country_code":"lu"},"population":11,"osm_type":"node","osm_id":289414002,"type":"hamlet","location":[6.0731389,50.0926544],"bbox":[6.0531389,50.0726544,6.0931389,50.1126544]}
{"name":"Kaffishaff","display_name":"Kaffishaff, Canach, Lenningen, Canton Remich, 5412, Lëtzebuerg","address":{"hamlet":"Kaffishaff","village":"Canach","county":"Canton Remich","ISO3166-2-lvl6":"LU-RM","postcode":"5412","country":"Lëtzebuerg","country_code":"lu"},"osm_type":"node","osm_id":8265147505,"type":"hamlet","location":[6.3047791,49.6153832],"bbox":[6.2847791,49.5953832,6.3247791,49.6353832]}
{"name":"Kalkesbach","other_names":{"name:lb":"Kalkesbaach"},"display_name":"Kalkesbach, Berdorf, Canton Echternach, 6214, Lëtzebuerg","address":{"hamlet":"Kalkesbach","village":"Berdorf","county":"Canton Echternach","ISO3166-2-lvl6":"LU-EC","postcode":"6214","country":"Lëtzebuerg","country_code":"lu"},"population":40,"osm_type":"node","osm_id":273179808,"type":"hamlet","location":[6.3544598,49.8015331],"bbox":[6.3344598,49.7815331,6.3744598,49.8215331]}
{"name":"Kapenacker","other_names":{"name:lb":"Kapenaker"},"display_name":"Kapenacker, Wormeldange, Canton Grevenmacher, 5432, Lëtzebuerg","address":{"hamlet":"Kapenacker","village":"Wormeldange","county":"Canton Grevenmacher","ISO3166-2-lvl6":"LU-GR","postcode":"5432","country":"Lëtzebuerg","country_code":"lu"},"population":11,"osm_type":"node","osm_id":428481573,"type":"hamlet","location":[6.3550682,49.6378793],"bbox":[6.3350682,49.6178793,6.3750682,49.6578793]}
{"name":"Kéiermillen","other_names":{"name:de":"Kehrmühle","name:fr":"Kehrmuhle","alt_name":"Kehrmillen"},"display_name":"Kéiermillen, Hoscheid, Parc Hosingen, Canton Clervaux, 9380, Lëtzebuerg","address":{"hamlet":"Kéiermillen","city_district":"Hoscheid","city":"Parc Hosingen","county":"Canton Clervaux","ISO3166-2-lvl6":"LU-CL","postcode":"9380","country":"Lëtzebuerg","country_code":"lu"},"osm_type":"node","osm_id":291216218,"type":"hamlet","location":[6.1006364,49.9653066],"bbox":[6.0806364,49.9453066,6.1206364,49.9853066]}
{"name":"Keiwelbach","other_names":{"name:lb":"Keiwelbaach"},"display_name":"Keiwelbach, Bettendorf, Canton Diekirch, 9364, Lëtzebuerg","address":{"hamlet":"Keiwelbach","village":"Bettendorf","county":"Canton Diekirch","ISO3166-2-lvl6":"LU-DI","postcode":"9364","country":"Lëtzebuerg","country_code":"lu"},"population":9,"osm_type":"node","osm_id":314395101,"type":"hamlet","location":[6.2338886,49.8494148],"bbox":[6.2138886,49.8294148,6.2538886,49.8694148]}
{"name":"Këppenhaff","display_name":"Këppenhaff, Brandenbourg, Tandel, Canton Vianden, 9360, Lëtzebuerg","address":{"hamlet":"Këppenhaff","village":"Brandenbourg","county":"Canton Vianden","ISO3166-2-lvl6":"LU-VD","postcode":"9360","country":"Lëtzebuerg","country_code":"lu"},"population":6,"osm_type":"node","osm_id":293847183,"type":"hamlet","location":[6.1337164,49.9028162],"bbox":[6.1137164,49.8828162,6.1537164,49.9228162]}
{"name":"Kierchermillen","other_names":{"name:lb":"Kierchermillen","loc_name":"Kirchermillen"},"display_name":"Kierchermillen, Basbellain, Troisvierges, Canton Clervaux, 9942, Lëtzebuerg","address":{"hamlet":"Kierchermillen","village":"Basbellain","town":"Troisvierges","county":"Canton Clervaux","ISO3166-2-lvl6":"LU-CL","postcode":"9942","country":"Lëtzebuerg","country_code":"lu"},"osm_type":"node","osm_id":6202288812,"type":"hamlet","location":[5.9714716,50.13801],"bbox":[5.9514716,50.11801,5.9914716,50.15801]}
{"name":"Kimm","other_names":{"name:fr":"Bigonville-Poteau","name:lb":"Kimm"},"display_name":"Kimm, Bigonville, Rambrouch, Canton Redange, 8812, Lëtzebuerg","address":{"hamlet":"Kimm","village":"Bigonville","county":"Canton Redange","ISO3166-2-lvl6":"LU-RD","postcode":"8812","country":"Lëtzebuerg","country_code":"lu"},"osm_type":"node","osm_id":290722336,"type":"hamlet","location":[5.7830256,49.8384428],"bbox":[5.7630256,49.8184428,5.8030256,49.8584428]}
{"name":"Kisfurt","other_names":{"name:de":"Käsfurt","name:lb":"Kisfurt","alt_name":"Kaesfurt"},"display_name":"Kisfurt, Beiler, Weiswampach, Canton Clervaux, 9944, Lëtzebuerg","address":{"hamlet":"Kisfurt","village":"Beiler","county":"Canton Clervaux","ISO3166-2-lvl6":"LU-CL","postcode":"9944","country":"Lëtzebuerg","country_code":"lu"},"population":3,"osm_type":"node","osm_id":5416034592,"type":"hamlet","location":[6.0789158,50.1565886],"bbox":[6.0589158,50.1365886,6.0989158,50.1765886]}
{"name":"Klosmillen","display_name":"Klosmillen, Boudler, Biwer, Canton Grevenmacher, 6835, Lëtzebuerg","address":{"hamlet":"Klosmillen","village":"Boudler","county":"Canton Grevenmacher","ISO3166-2-lvl6":"LU-GR","postcode":"6835","country":"Lëtzebuerg","country_code":"lu"},"osm_type":"node","osm_id":1500314951,"type":"hamlet","location":[6.3585782,49.7135874],"bbox":[6.3385782,49.6935874,6.3785782,49.7335874]}
{"name":"Kobenbour","other_names":{"name:lb":"Kuebebur"},"display_name":"Kobenbour, Bech, Canton Echternach, 6239, Lëtzebuerg","address":{"hamlet":"Kobenbour","village":"Bech","county":"Canton Echternach","ISO3166-2-lvl6":"LU-EC","postcode":"6239","country":"Lëtzebuerg","country_code":"lu"},"population":52,"osm_type":"node","osm_id":313407508,"type":"hamlet","location":[6.3060871,49.7550825],"bbox":[6.2860871,49.7350825,6.3260871,49.7750825]}
{"name":"Kockelscheuer","other_names":{"name:lb":"Kockelscheier"},"display_name":"Kockelscheuer, Roeser, Canton Esch-sur-Alzette, 1899, Lëtzebuerg","address":{"hamlet":"Kockelscheuer","village":"Roeser","county":"Canton Esch-sur-Alzette","ISO3166-2-lvl6":"LU-ES","postcode":"1899","country":"Lëtzebuerg","country_code":"lu"},"population":277,"osm_type":"node","osm_id":71642864,"type":"hamlet","location":[6.1056884,49.5553859],"bbox":[6.0856884,49.5353859,6.1256884,49.5753859]}
{"name":"Koedange","other_names":{"name:lb":"Kéideng"},"display_name":"Koedange, Fischbach, Canton Mersch, 6155, Lëtzebuerg","address":{"hamlet":"Koedange","village":"Fischbach","county":"Canton Mersch","ISO3166-2-lvl6":"LU-ME","postcode":"6155","country":"Lëtzebuerg","country_code":"lu"},"population":10,"osm_type":"node","osm_id":3914875620,"type":"hamlet","location":[6.20864,49.7354159],"bbox":[6.18864,49.7154159,6.22864,49.7554159]}
{"name":"Konerhaff","other_names":{"alt_name":"Um Konerhaff"},"display_name":"Konerhaff, Alscheid, Kiischpelt, Canton Wiltz, 9632, Lëtzebuerg","address":{"hamlet":"Konerhaff","village":"Alscheid","city":"Kiischpelt","county":"Canton Wiltz","ISO3166-2-lvl6":"LU-WI","postcode":"9632","country":"Lëtzebuerg","country_code":"lu"},"osm_type":"node","osm_id":1385181562,"type":"hamlet","location":[6.008075,49.9646285],"bbox":[5.988075,49.9446285,6.028075,49.9846285]}
{"name":"Kounenhaff","other_names":{"name:de":"Kohnenhof","name:lb":"Kounenhaff"},"display_name":"Kounenhaff, Hosingen, Parc Hosingen, Canton Clervaux, 9838, Lëtzebuerg","address":{"hamlet":"Kounenhaff","city_district":"Hosingen","city":"Parc Hosingen","county":"Canton Clervaux","ISO3166-2-lvl6":"LU-CL","postcode":"9838","country":"Lëtzebuerg","country_code":"lu"},"osm_type":"node","osm_id":9671188547,"type":"hamlet","location":[6.1367836,50.0166463],"bbox":[6.1167836,49.9966463,6.1567836,50.0366463]}
{"name":"Kreizerbuch","display_name":"Kreizerbuch, Habscht, Canton Capellen, 8370, Lëtzebuerg","address":{"hamlet":"Kreizerbuch","city":"Habscht","county":"Canton Capellen","ISO3166-2-lvl6":"LU-CA","postcode":"8370","country":"Lëtzebuerg","country_code":"lu"},"osm_type":"node","osm_id":267035803,"type":"hamlet","location":[5.9150483,49.7013538],"bbox":[5.8950483,49.6813538,5.9350483,49.7213538]}
{"name":"Kreuzweg","other_names":{"name:lb":"Kräizwee"},"display_name":"Kreuzweg, Olm, Kehlen, Canton Capellen, 8393, Lëtzebuerg","address":{"hamlet":"Kreuzweg","village":"Olm","county":"Canton Capellen","ISO3166-2-lvl6":"LU-CA","postcode":"8393","country":"Lëtzebuerg","country_code":"lu"},"osm_type":"node","osm_id":621424029,"type":"hamlet","location":[5.9949682,49.651529],"bbox":[5.9749682,49.631529,6.0149682,49.671529]}
{"name":"Kroentgeshof","other_names":{"name:de":"Kroentgeshof","name:fr":"Kroentgeshof","name:lb":"Kréintgeshaff"},"display_name":"Kroentgeshof, Contern, Canton Luxembourg, 5324, Lëtzebuerg","address":{"hamlet":"Kroentgeshof","village":"Contern","county":"Canton Luxembourg","ISO3166-2-lvl6":"LU-LU","postcode":"5324","country":"Lëtzebuerg","country_code":"lu"},"osm_type":"node","osm_id":8705448840,"type":"hamlet","location":[6.2308359,49.6027909],"bbox":[6.2108359,49.5827909,6.2508359,49.6227909]}
{"name":"Lafewier","display_name":"Lafewier, Berdorf, Canton Echternach, 6590, Lëtzebuerg","address":{"hamlet":"Lafewier","village":"Berdorf","county":"Canton Echternach","ISO3166-2-lvl6":"LU-EC","postcode":"6590","country":"Lëtzebuerg","country_code":"lu"},"osm_type":"node","osm_id":5297530559,"type":"hamlet","location":[6.3749132,49.840244],"bbox":[6.3549132,49.820244,6.3949132,49.860244]}
{"name":"Lameschmillen","display_name":"Lameschmillen, Roullingen, Wiltz, Canton Wiltz, 9559, Lëtzebuerg","address":{"hamlet":"Lameschmillen","village":"Roullingen","town":"Wiltz","county":"Canton Wiltz","ISO3166-2-lvl6":"LU-WI","postcode":"9559","country":"Lëtzebuerg","country_code":"lu"},"osm_type":"node","osm_id":1707561571,"type":"hamlet","location":[5.904495,49.9638053],"bbox":[5.884495,49.9438053,5.924495,49.9838053]}
{"name":"Lamescht","display_name":"Lamescht, Stolzembourg, Putscheid, Canton Vianden, 9463, Lëtzebuerg","address":{"hamlet":"Lamescht","village":"Stolzembourg","county":"Canton Vianden","ISO3166-2-lvl6":"LU-VD","postcode":"9463","country":"Lëtzebuerg","country_code":"lu"},"osm_type":"node","osm_id":292856769,"type":"hamlet","location":[6.1733142,49.9574086],"bbox":[6.1533142,49.9374086,6.1933142,49.9774086]}
{"name":"Lannenerbierg","display_name":"Lannenerbierg, Lannen, Redange-sur-Attert, Canton Redange, 8542, Lëtzebuerg","address":{"hamlet":"Lannenerbierg","village":"Lannen","city":"Redange-sur-Attert","county":"Canton Redange","ISO3166-2-lvl6":"LU-RD","postcode":"8542","country":"Lëtzebuerg","country_code":"lu"},"osm_type":"node","osm_id":8372039043,"type":"hamlet","location":[5.8370517,49.8021253],"bbox":[5.8170517,49.7821253,5.8570517,49.8221253]}
{"name":"Lausdorn","other_names":{"name:lb":"Lausduer"},"display_name":"Lausdorn, Weiswampach, Canton Clervaux, 9968, Lëtzebuerg","address":{"hamlet":"Lausdorn","village":"Weiswampach","county":"Canton Clervaux","ISO3166-2-lvl6":"LU-CL","postcode":"9968","country":"Lëtzebuerg","country_code":"lu"},"population":21,"osm_type":"node","osm_id":301093296,"type":"hamlet","location":[6.0827999,50.1184115],"bbox":[6.0627999,50.0984115,6.1027999,50.1384115]}
{"name":"Lauterborn","other_names":{"name:de":"Lauterborn","name:fr":"Lauterborn","name:lb":"Lauterbuer"},"display_name":"Lauterborn, Echternach, Canton Echternach, 6472, Lëtzebuerg","address":{"hamlet":"Lauterborn","town":"Echternach","county":"Canton Echternach","ISO3166-2-lvl6":"LU-EC","postcode":"6472","country":"Lëtzebuerg","country_code":"lu"},"osm_type":"node","osm_id":316322161,"type":"hamlet","location":[6.3888396,49.797912],"bbox":[6.3688396,49.777912,6.4088396,49.817912]}
{"name":"Leesbach","other_names":{"name:lb":"Léisbech"},"display_name":"Leesbach, Greisch, Habscht, Canton Capellen, 8363, Lëtzebuerg","address":{"hamlet":"Leesbach","village":"Greisch","city":"Habscht","county":"Canton Capellen","ISO3166-2-lvl6":"LU-CA","postcode":"8363","country":"Lëtzebuerg","country_code":"lu"},"osm_type":"node","osm_id":258718194,"type":"hamlet","location":[5.9853898,49.7019085],"bbox":[5.9653898,49.6819085,6.0053898,49.7219085]}
{"name":"Lehmkaul","other_names":{"name:lb":"Leemkaul"},"display_name":"Lehmkaul, Hosingen, Parc Hosingen, Canton Clervaux, 9833, Lëtzebuerg","address":{"hamlet":"Lehmkaul","city_district":"Hosingen","city":"Parc Hosingen","county":"Canton Clervaux","ISO3166-2-lvl6":"LU-CL","postcode":"9833","country":"Lëtzebuerg","country_code":"lu"},"osm_type":"node","osm_id":314824289,"type":"hamlet","location":[6.0803561,50.0417681],"bbox":[6.0603561,50.0217681,6.1003561,50.0617681]}
{"name":"Lehrhof","other_names":{"name:de":"Lehrhof","name:lb":"Léierhaff","alt_name":"Lehrhaff","loc_name":"Op der Léier"},"display_name":"Lehrhof, Dellen, Groussbus-Wal, Canton Redange, 9144, Lëtzebuerg","address":{"hamlet":"Lehrhof","village":"Dellen","city":"Groussbus-Wal","county":"Canton Redange","ISO3166-2-lvl6":"LU-RD","postcode":"9144","country":"Lëtzebuerg","country_code":"lu"},"population":17,"osm_type":"node","osm_id":2378290427,"type":"hamlet","location":[5.940518,49.8594965],"bbox":[5.920518,49.8394965,5.960518,49.8794965]}
{"name":"Leidenbach","other_names":{"name:lb":"Leedebach"},"display_name":"Leidenbach, Larochette, Canton Mersch, 7618, Lëtzebuerg","address":{"hamlet":"Leidenbach","village":"Larochette","county":"Canton Mersch","ISO3166-2-lvl6":"LU-ME","postcode":"7618","country":"Lëtzebuerg","country_code":"lu"},"osm_type":"node","osm_id":5509570898,"type":"hamlet","location":[6.2303876,49.7925677],"bbox":[6.2103876,49.7725677,6.2503876,49.8125677]}
{"name":"Lëpschter-Dellt","other_names":{"name:de":"Lipperscheid-Dellt","name:lb":"Lëpschter-Dellt","alt_name":"Lëpschter-Dällt;Lipperscheiderdelt"},"display_name":"Lëpschter-Dellt, Lipperscheid, Bourscheid, Canton Diekirch, 9164, Lëtzebuerg","address":{"hamlet":"Lëpschter-Dellt","village":"Lipperscheid","county":"Canton Diekirch","ISO3166-2-lvl6":"LU-DI","postcode":"9164","country":"Lëtzebuerg","country_code":"lu"},"osm_type":"node","osm_id":2805181357,"type":"hamlet","location":[6.0931777,49.9226192],"bbox":[6.0731777,49.9026192,6.1131777,49.9426192]}
{"name":"Leudelange-Gare","other_names":{"name:lb":"Leidelenger Gare"},"display_name":"Leudelange-Gare, Leudelange, Canton Esch-sur-Alzette, 3355, Lëtzebuerg","address":{"hamlet":"Leudelange-Gare","village":"Leudelange","county":"Canton Esch-sur-Alzette","ISO3166-2-lvl6":"LU-ES","postcode":"3355","country":"Lëtzebuerg","country_code":"lu"},"osm_type":"node","osm_id":544379861,"type":"hamlet","location":[6.0598326,49.5851965],"bbox":[6.0398326,49.5651965,6.0798326,49.6051965]}
{"name":"Lilien","other_names":{"name:de":"Lilien","name:fr":"Lilien","name:lb":"Liljen"},"display_name":"Lilien, Rosport-Mompach, Canton Echternach, 6831, Lëtzebuerg","address":{"hamlet":"Lilien","city":"Rosport-Mompach","county":"Canton Echternach","ISO3166-2-lvl6":"LU-EC","postcode":"6831","country":"Lëtzebuerg","country_code":"lu"},"population":7,"osm_type":"node","osm_id":317639417,"type":"hamlet","location":[6.3954355,49.7539701],"bbox":[6.3754355,49.7339701,6.4154355,49.7739701]}
{"name":"Maarkebach","display_name":"Maarkebach, Hoscheid, Parc Hosingen, Canton Clervaux, 9378, Lëtzebuerg","address":{"hamlet":"Maarkebach","city_district":"Hoscheid","city":"Parc Hosingen","county":"Canton Clervaux","ISO3166-2-lvl6":"LU-CL","postcode":"9378","country":"Lëtzebuerg","country_code":"lu"},"osm_type":"node","osm_id":311542826,"type":"hamlet","location":[6.0847655,49.9361905],"bbox":[6.0647655,49.9161905,6.1047655,49.9561905]}
{"name":"Mäerkelzer Millen","display_name":"Mäerkelzer Millen, Merkholtz, Kiischpelt, Canton Wiltz, 9670, Lëtzebuerg","address":{"hamlet":"Mäerkelzer Millen","village":"Merkholtz","city":"Kiischpelt","county":"Canton Wiltz","ISO3166-2-lvl6":"LU-WI","postcode":"9670","country":"Lëtzebuerg","country_code":"lu"},"osm_type":"node","osm_id":2149020074,"type":"hamlet","location":[5.9806762,49.956366],"bbox":[5.9606762,49.936366,6.0006762,49.976366]}
{"name":"Mariendallerhaff","other_names":{"name:de":"Marienthaler Hof","name:lb":"Maerrjendallerhaff","alt_name":"Maerrjendallerhaff"},"display_name":"Mariendallerhaff, Helperknapp, Canton Mersch, 8293, Lëtzebuerg","address":{"hamlet":"Mariendallerhaff","city":"Helperknapp","county":"Canton Mersch","ISO3166-2-lvl6":"LU-ME","postcode":"8293","country":"Lëtzebuerg","country_code":"lu"},"osm_type":"node","osm_id":1375332043,"type":"hamlet","location":[6.0709359,49.7062275],"bbox":[6.0509359,49.6862275,6.0909359,49.7262275]}
{"name":"Marienthal","other_names":{"name:de":"Marienthal","name:en":"Marienthal","name:fr":"Marienthal","name:lb":"Mariendall"},"display_name":"Marienthal, Hollenfels, Helperknapp, Canton Mersch, 7435, Lëtzebuerg","address":{"hamlet":"Marienthal","village":"Hollenfels","city":"Helperknapp","county":"Canton Mersch","ISO3166-2-lvl6":"LU-ME","postcode":"7435","country":"Lëtzebuerg","country_code":"lu"},"population":99,"osm_type":"node","osm_id":258747684,"type":"hamlet","location":[6.0606549,49.7096772],"bbox":[6.0406549,49.6896772,6.0806549,49.7296772]}
{"name":"Marscherwald","other_names":{"name:de":"Marscherwald","name:en":"Marscherwald","name:fr":"Marscherwald","name:lb":"Marscherwald"},"display_name":"Marscherwald, Colbette, Consdorf, Canton Echternach, 6239, Lëtzebuerg","address":{"hamlet":"Marscherwald","village":"Colbette","county":"Canton Echternach","ISO3166-2-lvl6":"LU-EC","postcode":"6239","country":"Lëtzebuerg","country_code":"lu"},"population":11,"osm_type":"node","osm_id":1492768926,"type":"hamlet","location":[6.2846407,49.764317],"bbox":[6.2646407,49.744317,6.3046407,49.784317]}
{"name":"Marxmillen","display_name":"Marxmillen, Boudler, Biwer, Canton Grevenmacher, 6834, Lëtzebuerg","address":{"hamlet":"Marxmillen","village":"Boudler","county":"Canton Grevenmacher","ISO3166-2-lvl6":"LU-GR","postcode":"6834","country":"Lëtzebuerg","country_code":"lu"},"osm_type":"node","osm_id":1500314952,"type":"hamlet","location":[6.3672403,49.71168],"bbox":[6.3472403,49.69168,6.3872403,49.73168]}
{"name":"Masseler","other_names":{"name:lb":"Masseler"},"display_name":"Masseler, Goesdorf, Canton Wiltz, 9668, Lëtzebuerg","address":{"hamlet":"Masseler","village":"Goesdorf","county":"Canton Wiltz","ISO3166-2-lvl6":"LU-WI","postcode":"9668","country":"Lëtzebuerg","country_code":"lu"},"population":39,"osm_type":"node","osm_id":268808546,"type":"hamlet","location":[6.0348705,49.9297776],"bbox":[6.0148705,49.9097776,6.0548705,49.9497776]}
{"name":"Maulesmillen","other_names":{"name:de":"Maulusmühle"},"display_name":"Maulesmillen, Weiswampach, Canton Clervaux, 9974, Lëtzebuerg","address":{"hamlet":"Maulesmillen","village":"Weiswampach","county":"Canton Clervaux","ISO3166-2-lvl6":"LU-CL","postcode":"9974","country":"Lëtzebuerg","country_code":"lu"},"population":14,"osm_type":"node","osm_id":1773883715,"type":"hamlet","location":[6.0258312,50.0948864],"bbox":[6.0058312,50.0748864,6.0458312,50.1148864]}
{"name":"Melickshof","other_names":{"name:lb":"Melickshaff"},"display_name":"Melickshof, Echternach, Canton Echternach, 6472, Lëtzebuerg","address":{"hamlet":"Melickshof","town":"Echternach","county":"Canton Echternach","ISO3166-2-lvl6":"LU-EC","postcode":"6472","country":"Lëtzebuerg","country_code":"lu"},"osm_type":"node","osm_id":309328855,"type":"hamlet","location":[6.3928591,49.8054958],"bbox":[6.3728591,49.7854958,6.4128591,49.8254958]}
{"name":"Meysembourg","other_names":{"name:lb":"Meesebuerg"},"display_name":"Meysembourg, Larochette, Canton Mersch, 7430, Lëtzebuerg","address":{"hamlet":"Meysembourg","village":"Larochette","county":"Canton Mersch","ISO3166-2-lvl6":"LU-ME","postcode":"7430","country":"Lëtzebuerg","country_code":"lu"},"population":2,"osm_type":"node","osm_id":309830683,"type":"hamlet","location":[6.1871803,49.7689268],"bbox":[6.1671803,49.7489268,6.2071803,49.7889268]}
{"name":"Moserhaff","display_name":"Moserhaff, Vallée de l'Ernz, Canton Diekirch, 9368, Lëtzebuerg","address":{"hamlet":"Moserhaff","city":"Vallée de l'Ernz","county":"Canton Diekirch","ISO3166-2-lvl6":"LU-DI","postcode":"9368","country":"Lëtzebuerg","country_code":"lu"},"osm_type":"node","osm_id":7921307726,"type":"hamlet","location":[6.2067056,49.8485446],"bbox":[6.1867056,49.8285446,6.2267056,49.8685446]}
{"name":"Moulin d'Eschweiler","display_name":"Moulin d'Eschweiler, Knaphoscheid, Wiltz, Canton Wiltz, 9651, Lëtzebuerg","address":{"hamlet":"Moulin d'Eschweiler","village":"Knaphoscheid","town":"Wiltz","county":"Canton Wiltz","ISO3166-2-lvl6":"LU-WI","postcode":"9651","country":"Lëtzebuerg","country_code":"lu"},"osm_type":"node","osm_id":8237673664,"type":"hamlet","location":[5.9559283,50.0049757],"bbox":[5.9359283,49.9849757,5.9759283,50.0249757]}
{"name":"Moulin de Kalborn","other_names":{"name:de":"Kalborner Mühle","name:lb":"Kalbermillen","alt_name":"Kalborn-Moulin"},"display_name":"Moulin de Kalborn, Heinerscheid, Clervaux, Canton Clervaux, 9758, Lëtzebuerg","address":{"hamlet":"Moulin de Kalborn","city_district":"Heinerscheid","town":"Clervaux","county":"Canton Clervaux","ISO3166-2-lvl6":"LU-CL","postcode":"9758","country":"Lëtzebuerg","country_code":"lu"},"population":0,"osm_type":"node","osm_id":1419586550,"type":"hamlet","location":[6.1320363,50.1030265],"bbox":[6.1120363,50.0830265,6.1520363,50.1230265]}
{"name":"Mullerthal","other_names":{"name:de":"Müllerthal","name:lb":"Mëllerdall"},"display_name":"Mullerthal, Waldbillig, Canton Echternach, 6245, Lëtzebuerg","address":{"hamlet":"Mullerthal","village":"Waldbillig","county":"Canton Echternach","ISO3166-2-lvl6":"LU-EC","postcode":"6245","country":"Lëtzebuerg","country_code":"lu"},"population":47,"osm_type":"node","osm_id":273185693,"type":"hamlet","location":[6.3071067,49.7902688],"bbox":[6.2871067,49.7702688,6.3271067,49.8102688]}
{"name":"Neimillen","display_name":"Neimillen, Grosbous, Groussbus-Wal, Canton Redange, 9154, Lëtzebuerg","address":{"hamlet":"Neimillen","village":"Grosbous","city":"Groussbus-Wal","county":"Canton Redange","ISO3166-2-lvl6":"LU-RD","postcode":"9154","country":"Lëtzebuerg","country_code":"lu"},"osm_type":"node","osm_id":8398259264,"type":"hamlet","location":[5.9564969,49.8335174],"bbox":[5.9364969,49.8135174,5.9764969,49.8535174]}
{"name":"Neuhaeusgen Bas","display_name":"Neuhaeusgen Bas, Neuhaeusgen, Schuttrange, Canton Luxembourg, 5291, Lëtzebuerg","address":{"hamlet":"Neuhaeusgen Bas","village":"Neuhaeusgen","county":"Canton Luxembourg","ISO3166-2-lvl6":"LU-LU","postcode":"5291","country":"Lëtzebuerg","country_code":"lu"},"osm_type":"node","osm_id":1423456945,"type":"hamlet","location":[6.23405,49.6241154],"bbox":[6.21405,49.6041154,6.25405,49.6441154]}
{"name":"Neuhaeusgen Haut","display_name":"Neuhaeusgen Haut, Neuhaeusgen, Schuttrange, Canton Luxembourg, 5290, Lëtzebuerg","address":{"hamlet":"Neuhaeusgen Haut","village":"Neuhaeusgen","county":"Canton Luxembourg","ISO3166-2-lvl6":"LU-LU","postcode":"5290","country":"Lëtzebuerg","country_code":"lu"},"osm_type":"node","osm_id":1423456947,"type":"hamlet","location":[6.2425494,49.6232068],"bbox":[6.2225494,49.6032068,6.2625494,49.6432068]}
{"name":"Neumühle","other_names":{"name:lb":"Neimillen"},"display_name":"Neumühle, Ermsdorf, Vallée de l'Ernz, Canton Diekirch, 9366, Lëtzebuerg","address":{"hamlet":"Neumühle","village":"Ermsdorf","city":"Vallée de l'Ernz","county":"Canton Diekirch","ISO3166-2-lvl6":"LU-DI","postcode":"9366","country":"Lëtzebuerg","country_code":"lu"},"osm_type":"node","osm_id":181552090,"type":"hamlet","location":[6.2248014,49.838387],"bbox":[6.2048014,49.818387,6.2448014,49.858387]}
{"name":"Nidderpallener Millen","display_name":"Nidderpallener Millen, Niederpallen, Redange-sur-Attert, Canton Redange, 8545, Lëtzebuerg","address":{"hamlet":"Nidderpallener Millen","village":"Niederpallen","city":"Redange-sur-Attert","county":"Canton Redange","ISO3166-2-lvl6":"LU-RD","postcode":"8545","country":"Lëtzebuerg","country_code":"lu"},"osm_type":"node","osm_id":9017994353,"type":"hamlet","location":[5.9169127,49.7646871],"bbox":[5.8969127,49.7446871,5.9369127,49.7846871]}
{"name":"Niederglabach","other_names":{"name:lb":"Nidderglabech"},"display_name":"Niederglabach, Oberglabach, Nommern, Canton Mersch, 7431, Lëtzebuerg","address":{"hamlet":"Niederglabach","village":"Oberglabach","county":"Canton Mersch","ISO3166-2-lvl6":"LU-ME","postcode":"7431","country":"Lëtzebuerg","country_code":"lu"},"population":10,"osm_type":"node","osm_id":5277776301,"type":"hamlet","location":[6.1546462,49.7921278],"bbox":[6.1346462,49.7721278,6.1746462,49.8121278]}
{"name":"Niederwiltz","display_name":"Niederwiltz, Weidingen, Wiltz, Canton Wiltz, 9510, Lëtzebuerg","address":{"hamlet":"Niederwiltz","village":"Weidingen","town":"Wiltz","county":"Canton Wiltz","ISO3166-2-lvl6":"LU-WI","postcode":"9510","country":"Lëtzebuerg","country_code":"lu"},"osm_type":"node","osm_id":8736538944,"type":"hamlet","location":[5.9260726,49.9709733],"bbox":[5.9060726,49.9509733,5.9460726,49.9909733]}
{"name":"Niklosbierg","display_name":"Niklosbierg, Vianden, Canton Vianden, 9423, Lëtzebuerg","address":{"hamlet":"Niklosbierg","town":"Vianden","county":"Canton Vianden","ISO3166-2-lvl6":"LU-VD","postcode":"9423","country":"Lëtzebuerg","country_code":"lu"},"osm_type":"node","osm_id":8741316364,"type":"hamlet","location":[6.1652559,49.9463235],"bbox":[6.1452559,49.9263235,6.1852559,49.9663235]}
{"name":"Nocher-Route","display_name":"Nocher-Route, Nocher, Goesdorf, Canton Wiltz, 9674, Lëtzebuerg","address":{"hamlet":"Nocher-Route","village":"Nocher","county":"Canton Wiltz","ISO3166-2-lvl6":"LU-WI","postcode":"9674","country":"Lëtzebuerg","country_code":"lu"},"population":167,"osm_type":"node","osm_id":7215296703,"type":"hamlet","location":[5.9634742,49.9471446],"bbox":[5.9434742,49.9271446,5.9834742,49.9671446]}
{"name":"Nogemerbierg","display_name":"Nogemerbierg, Nagem, Redange-sur-Attert, Canton Redange, 8542, Lëtzebuerg","address":{"hamlet":"Nogemerbierg","village":"Nagem","city":"Redange-sur-Attert","county":"Canton Redange","ISO3166-2-lvl6":"LU-RD","postcode":"8542","country":"Lëtzebuerg","country_code":"lu"},"osm_type":"node","osm_id":8372039042,"type":"hamlet","location":[5.8470386,49.7935107],"bbox":[5.8270386,49.7735107,5.8670386,49.8135107]}
{"name":"Oberschlinder","other_names":{"name:de":"Oberschlinder","name:fr":"Oberschlinder","name:lb":"Uewerschlënner"},"display_name":"Oberschlinder, Bourscheid, Canton Diekirch, 9377, Lëtzebuerg","address":{"hamlet":"Oberschlinder","village":"Bourscheid","county":"Canton Diekirch","ISO3166-2-lvl6":"LU-DI","postcode":"9377","country":"Lëtzebuerg","country_code":"lu"},"population":0,"osm_type":"node","osm_id":2805882212,"type":"hamlet","location":[6.0641033,49.9539569],"bbox":[6.0441033,49.9339569,6.0841033,49.9739569]}
{"name":"Op d'Geissbréck","display_name":"Op d'Geissbréck, Basbellain, Troisvierges, Canton Clervaux, 9942, Lëtzebuerg","address":{"hamlet":"Op d'Geissbréck","village":"Basbellain","town":"Troisvierges","county":"Canton Clervaux","ISO3166-2-lvl6":"LU-CL","postcode":"9942","country":"Lëtzebuerg","country_code":"lu"},"osm_type":"node","osm_id":6202323173,"type":"hamlet","location":[5.9841987,50.1334393],"bbox":[5.9641987,50.1134393,6.0041987,50.1534393]}
{"name":"Openthalt","display_name":"Openthalt, Grevenknapp, Helperknapp, Canton Mersch, 7425, Lëtzebuerg","address":{"hamlet":"Openthalt","village":"Grevenknapp","city":"Helperknapp","county":"Canton Mersch","ISO3166-2-lvl6":"LU-ME","postcode":"7425","country":"Lëtzebuerg","country_code":"lu"},"population":13,"osm_type":"node","osm_id":2799198225,"type":"hamlet","location":[6.0355989,49.7511472],"bbox":[6.0155989,49.7311472,6.0555989,49.7711472]}
{"name":"Osterholz","other_names":{"name:lb":"Ousterholz"},"display_name":"Osterholz, Consdorf, Canton Echternach, 6213, Lëtzebuerg","address":{"hamlet":"Osterholz","village":"Consdorf","county":"Canton Echternach","ISO3166-2-lvl6":"LU-EC","postcode":"6213","country":"Lëtzebuerg","country_code":"lu"},"osm_type":"node","osm_id":912591606,"type":"hamlet","location":[6.334597,49.7928466],"bbox":[6.314597,49.7728466,6.354597,49.8128466]}
{"name":"Ousterbur","display_name":"Ousterbur, Nagem, Redange-sur-Attert, Canton Redange, 8544, Lëtzebuerg","address":{"hamlet":"Ousterbur","village":"Nagem","city":"Redange-sur-Attert","county":"Canton Redange","ISO3166-2-lvl6":"LU-RD","postcode":"8544","country":"Lëtzebuerg","country_code":"lu"},"osm_type":"node","osm_id":8372036906,"type":"hamlet","location":[5.867418,49.7815862],"bbox":[5.847418,49.7615862,5.887418,49.8015862]}
{"name":"Pafebierg","display_name":"Pafebierg, Rosport-Mompach, Canton Echternach, 6695, Lëtzebuerg","address":{"hamlet":"Pafebierg","city":"Rosport-Mompach","county":"Canton Echternach","ISO3166-2-lvl6":"LU-EC","postcode":"6695","country":"Lëtzebuerg","country_code":"lu"},"osm_type":"node","osm_id":1459042781,"type":"hamlet","location":[6.4522926,49.7665638],"bbox":[6.4322926,49.7465638,6.4722926,49.7865638]}
{"name":"Pleitrange","other_names":{"name:lb":"Pläitreng"},"display_name":"Pleitrange, Moutfort, Contern, Canton Luxembourg, 5423, Lëtzebuerg","address":{"hamlet":"Pleitrange","village":"Moutfort","county":"Canton Luxembourg","ISO3166-2-lvl6":"LU-LU","postcode":"5423","country":"Lëtzebuerg","country_code":"lu"},"osm_type":"node","osm_id":2166190314,"type":"hamlet","location":[6.2791061,49.5915286],"bbox":[6.2591061,49.5715286,6.2991061,49.6115286]}
{"name":"Pletschette","other_names":{"name:fr":"Pletschette","name:lb":"Pletschette"},"display_name":"Pletschette, Medernach, Vallée de l'Ernz, Canton Diekirch, 6380, Lëtzebuerg","address":{"hamlet":"Pletschette","city_district":"Medernach","city":"Vallée de l'Ernz","county":"Canton Diekirch","ISO3166-2-lvl6":"LU-DI","postcode":"6380","country":"Lëtzebuerg","country_code":"lu"},"osm_type":"node","osm_id":2848358747,"type":"hamlet","location":[6.2623162,49.818325],"bbox":[6.2423162,49.798325,6.2823162,49.838325]}
{"name":"Poteau de Harlange","other_names":{"name:fr":"Poteau de Harlange","name:lb":"Hareler Poteau"},"display_name":"Poteau de Harlange, Baschleiden, Boulaide, Canton Wiltz, 9633, Lëtzebuerg","address":{"hamlet":"Poteau de Harlange","village":"Baschleiden","county":"Canton Wiltz","ISO3166-2-lvl6":"LU-WI","postcode":"9633","country":"Lëtzebuerg","country_code":"lu"},"osm_type":"node","osm_id":9638817881,"type":"hamlet","location":[5.8084907,49.9078476],"bbox":[5.7884907,49.8878476,5.8284907,49.9278476]}
{"name":"Poul","display_name":"Poul, Nachtmanderscheid, Putscheid, Canton Vianden, 9461, Lëtzebuerg","address":{"hamlet":"Poul","village":"Nachtmanderscheid","county":"Canton Vianden","ISO3166-2-lvl6":"LU-VD","postcode":"9461","country":"Lëtzebuerg","country_code":"lu"},"osm_type":"node","osm_id":291290398,"type":"hamlet","location":[6.1385048,49.9485507],"bbox":[6.1185048,49.9285507,6.1585048,49.9685507]}
{"name":"Prévent","display_name":"Prévent, Blaschette, Lorentzweiler, Canton Mersch, 7391, Lëtzebuerg","address":{"hamlet":"Prévent","village":"Blaschette","county":"Canton Mersch","ISO3166-2-lvl6":"LU-ME","postcode":"7391","country":"Lëtzebuerg","country_code":"lu"},"osm_type":"node","osm_id":1588434211,"type":"hamlet","location":[6.1745529,49.7099641],"bbox":[6.1545529,49.6899641,6.1945529,49.7299641]}
{"name":"Quatre-Vents","other_names":{"name:de":"Quatre-Vents","name:fr":"Quatre-Vents","name:lb":"Katrewang"},"display_name":"Quatre-Vents, Kehlen, Canton Capellen, 8283, Lëtzebuerg","address":{"hamlet":"Quatre-Vents","village":"Kehlen","county":"Canton Capellen","ISO3166-2-lvl6":"LU-CA","postcode":"8283","country":"Lëtzebuerg","country_code":"lu"},"osm_type":"node","osm_id":258810373,"type":"hamlet","location":[6.0438113,49.6784679],"bbox":[6.0238113,49.6584679,6.0638113,49.6984679]}
{"name":"Reilandermillen","display_name":"Reilandermillen, Reuland, Heffingen, Canton Mersch, 7639, Lëtzebuerg","address":{"hamlet":"Reilandermillen","village":"Reuland","county":"Canton Mersch","ISO3166-2-lvl6":"LU-ME","postcode":"7639","country":"Lëtzebuerg","country_code":"lu"},"osm_type":"node","osm_id":1370364530,"type":"hamlet","location":[6.2706169,49.7521709],"bbox":[6.2506169,49.7321709,6.2906169,49.7721709]}
{"name":"Reineschhaff","display_name":"Reineschhaff, Medernach, Vallée de l'Ernz, Canton Diekirch, 7634, Lëtzebuerg","address":{"hamlet":"Reineschhaff","city_district":"Medernach","city":"Vallée de l'Ernz","county":"Canton Diekirch","ISO3166-2-lvl6":"LU-DI","postcode":"7634","country":"Lëtzebuerg","country_code":"lu"},"osm_type":"node","osm_id":8421587116,"type":"hamlet","location":[6.2347197,49.8126536],"bbox":[6.2147197,49.7926536,6.2547197,49.8326536]}
{"name":"Reisermillen","other_names":{"name:lb":"Reisermillen"},"display_name":"Reisermillen, Vallée de l'Ernz, Canton Diekirch, 9364, Lëtzebuerg","address":{"hamlet":"Reisermillen","city":"Vallée de l'Ernz","county":"Canton Diekirch","ISO3166-2-lvl6":"LU-DI","postcode":"9364","country":"Lëtzebuerg","country_code":"lu"},"osm_type":"node","osm_id":157090409,"type":"hamlet","location":[6.2253937,49.8418434],"bbox":[6.2053937,49.8218434,6.2453937,49.8618434]}
{"name":"Riesenhof","other_names":{"name:lb":"Riesenhaff"},"display_name":"Riesenhof, Arsdorf, Rambrouch, Canton Redange, 8821, Lëtzebuerg","address":{"hamlet":"Riesenhof","village":"Arsdorf","county":"Canton Redange","ISO3166-2-lvl6":"LU-RD","postcode":"8821","country":"Lëtzebuerg","country_code":"lu"},"population":21,"osm_type":"node","osm_id":266203206,"type":"hamlet","location":[5.8152038,49.8395087],"bbox":[5.7952038,49.8195087,5.8352038,49.8595087]}
{"name":"Rodershausen","other_names":{"name:lb":"Rouderssen"},"display_name":"Rodershausen, Hosingen, Parc Hosingen, Canton Clervaux, 9839, Lëtzebuerg","address":{"hamlet":"Rodershausen","city_district":"Hosingen","city":"Parc Hosingen","county":"Canton Clervaux","ISO3166-2-lvl6":"LU-CL","postcode":"9839","country":"Lëtzebuerg","country_code":"lu"},"population":125,"osm_type":"node","osm_id":264696741,"type":"hamlet","location":[6.1309992,50.037913],"bbox":[6.1109992,50.017913,6.1509992,50.057913]}
{"name":"Ronnebësch","other_names":{"name:de":"Ronnenbusch","name:fr":"Ronnenbusch","name:lb":"Ronnebësch"},"display_name":"Ronnebësch, Tandel, Canton Vianden, 9458, Lëtzebuerg","address":{"hamlet":"Ronnebësch","village":"Tandel","county":"Canton Vianden","ISO3166-2-lvl6":"LU-VD","postcode":"9458","country":"Lëtzebuerg","country_code":"lu"},"osm_type":"node","osm_id":291542710,"type":"hamlet","location":[6.1427628,49.9425526],"bbox":[6.1227628,49.9225526,6.1627628,49.9625526]}
{"name":"Rossmillen","other_names":{"name:de":"Rossmühle"},"display_name":"Rossmillen, Binsfeld, Weiswampach, Canton Clervaux, 9946, Lëtzebuerg","address":{"hamlet":"Rossmillen","village":"Binsfeld","county":"Canton Clervaux","ISO3166-2-lvl6":"LU-CL","postcode":"9946","country":"Lëtzebuerg","country_code":"lu"},"population":0,"osm_type":"node","osm_id":3497669895,"type":"hamlet","location":[6.0450999,50.1102995],"bbox":[6.0250999,50.0902995,6.0650999,50.1302995]}
{"name":"Rotbach","other_names":{"name:de":"Rotbach","name:lb":"Roudbaach"},"display_name":"Rotbach, Bettborn, Préizerdaul, Canton Redange, 8558, Lëtzebuerg","address":{"hamlet":"Rotbach","city_district":"Bettborn","city":"Préizerdaul","county":"Canton Redange","ISO3166-2-lvl6":"LU-RD","postcode":"8558","country":"Lëtzebuerg","country_code":"lu"},"osm_type":"node","osm_id":5445578513,"type":"hamlet","location":[5.9343277,49.7789775],"bbox":[5.9143277,49.7589775,5.9543277,49.7989775]}
{"name":"Schack","display_name":"Schack, Bascharage, Käerjeng, Canton Capellen, 4795, Lëtzebuerg","address":{"hamlet":"Schack","city_district":"Bascharage","city":"Käerjeng","county":"Canton Capellen","ISO3166-2-lvl6":"LU-CA","postcode":"4795","country":"Lëtzebuerg","country_code":"lu"},"osm_type":"node","osm_id":266820356,"type":"hamlet","location":[5.8931948,49.5762117],"bbox":[5.8731948,49.5562117,5.9131948,49.5962117]}
{"name":"Scheedheck","display_name":"Scheedheck, Reisdorf, Canton Diekirch, Lëtzebuerg","address":{"hamlet":"Scheedheck","village":"Reisdorf","county":"Canton Diekirch","ISO3166-2-lvl6":"LU-DI","country":"Lëtzebuerg","country_code":"lu"},"osm_type":"way","osm_id":534224871,"type":"hamlet","location":[6.310272252815538,49.86033975],"bbox":[6.3087863,49.8595857,6.3109736,49.8611791]}
{"name":"Scheuerberg","other_names":{"name:de":"Scheuerberg","name:fr":"Scheuerberg","name:lb":"Scheierbierg"},"display_name":"Scheuerberg, Erpeldange, Bous-Waldbredimus, Canton Remich, 5422, Lëtzebuerg","address":{"hamlet":"Scheuerberg","village":"Erpeldange","city":"Bous-Waldbredimus","county":"Canton Remich","ISO3166-2-lvl6":"LU-RM","postcode":"5422","country":"Lëtzebuerg","country_code":"lu"},"osm_type":"node","osm_id":895528224,"type":"hamlet","location":[6.3332436,49.5378839],"bbox":[6.3132436,49.5178839,6.3532436,49.5578839]}
{"name":"Schiltzberg","other_names":{"name:lb":"Schiltzbierg"},"display_name":"Schiltzberg, Fischbach, Canton Mersch, 6175, Lëtzebuerg","address":{"hamlet":"Schiltzberg","village":"Fischbach","county":"Canton Mersch","ISO3166-2-lvl6":"LU-ME","postcode":"6175","country":"Lëtzebuerg","country_code":"lu"},"population":13,"osm_type":"node","osm_id":2066245881,"type":"hamlet","location":[6.2218925,49.7385488],"bbox":[6.2018925,49.7185488,6.2418925,49.7585488]}
{"name":"Schlammestee","display_name":"Schlammestee, Weiler-la-Tour, Canton Luxembourg, 5773, Lëtzebuerg","address":{"hamlet":"Schlammestee","village":"Weiler-la-Tour","county":"Canton Luxembourg","ISO3166-2-lvl6":"LU-LU","postcode":"5773","country":"Lëtzebuerg","country_code":"lu"},"osm_type":"node","osm_id":290495956,"type":"hamlet","location":[6.1801657,49.5336552],"bbox":[6.1601657,49.5136552,6.2001657,49.5536552]}
{"name":"Schleif","other_names":{"name:lb":"Schleef"},"display_name":"Schleif, Grümelscheid, Winseler, Canton Wiltz, 9654, Lëtzebuerg","address":{"hamlet":"Schleif","village":"Grümelscheid","county":"Canton Wiltz","ISO3166-2-lvl6":"LU-WI","postcode":"9654","country":"Lëtzebuerg","country_code":"lu"},"population":13,"osm_type":"node","osm_id":311103893,"type":"hamlet","location":[5.8569234,49.990154],"bbox":[5.8369234,49.970154,5.8769234,50.010154]}
{"name":"Schléiwenhaff","display_name":"Schléiwenhaff, Leudelange, Canton Esch-sur-Alzette, 3371, Lëtzebuerg","address":{"hamlet":"Schléiwenhaff","village":"Leudelange","county":"Canton Esch-sur-Alzette","ISO3166-2-lvl6":"LU-ES","postcode":"3371","country":"Lëtzebuerg","country_code":"lu"},"osm_type":"node","osm_id":685602948,"type":"hamlet","location":[6.0582613,49.5787454],"bbox":[6.0382613,49.5587454,6.0782613,49.5987454]}
{"name":"Schmuelen","display_name":"Schmuelen, Weiler, Putscheid, Canton Vianden, 9841, Lëtzebuerg","address":{"hamlet":"Schmuelen","village":"Weiler","county":"Canton Vianden","ISO3166-2-lvl6":"LU-VD","postcode":"9841","country":"Lëtzebuerg","country_code":"lu"},"osm_type":"node","osm_id":293611393,"type":"hamlet","location":[6.1182594,49.9748375],"bbox":[6.0982594,49.9548375,6.1382594,49.9948375]}
{"name":"Schorenshaff","other_names":{"name:lb":"Schorenshaff"},"display_name":"Schorenshaff, Manternach, Canton Grevenmacher, 6852, Lëtzebuerg","address":{"hamlet":"Schorenshaff","village":"Manternach","county":"Canton Grevenmacher","ISO3166-2-lvl6":"LU-GR","postcode":"6852","country":"Lëtzebuerg","country_code":"lu"},"osm_type":"node","osm_id":360584563,"type":"hamlet","location":[6.4065032,49.6909242],"bbox":[6.3865032,49.6709242,6.4265032,49.7109242]}
{"name":"Schrassig-Kuelebierg","display_name":"Schrassig-Kuelebierg, Schrassig, Schuttrange, Canton Luxembourg, 5299, Lëtzebuerg","address":{"hamlet":"Schrassig-Kuelebierg","village":"Schrassig","county":"Canton Luxembourg","ISO3166-2-lvl6":"LU-LU","postcode":"5299","country":"Lëtzebuerg","country_code":"lu"},"osm_type":"node","osm_id":8746016412,"type":"hamlet","location":[6.2467039,49.6080681],"bbox":[6.2267039,49.5880681,6.2667039,49.6280681]}
{"name":"Schumannseck","display_name":"Schumannseck, Wiltz, Canton Wiltz, 9678, Lëtzebuerg","address":{"hamlet":"Schumannseck","town":"Wiltz","county":"Canton Wiltz","ISO3166-2-lvl6":"LU-WI","postcode":"9678","country":"Lëtzebuerg","country_code":"lu"},"osm_type":"node","osm_id":1707548067,"type":"hamlet","location":[5.8796459,49.9460248],"bbox":[5.8596459,49.9260248,5.8996459,49.9660248]}
{"name":"Schwanenthal","other_names":{"name:lb":"Schwunnendall"},"display_name":"Schwanenthal, Hunsdorf, Lorentzweiler, Canton Mersch, 7396, Lëtzebuerg","address":{"hamlet":"Schwanenthal","city_district":"Hunsdorf","village":"Lorentzweiler","county":"Canton Mersch","ISO3166-2-lvl6":"LU-ME","postcode":"7396","country":"Lëtzebuerg","country_code":"lu"},"osm_type":"node","osm_id":5555440142,"type":"hamlet","location":[6.1171022,49.7029921],"bbox":[6.0971022,49.6829921,6.1371022,49.7229921]}
{"name":"Schwebach-Pont","display_name":"Schwebach-Pont, Schwebach, Saeul, Canton Redange, 8561, Lëtzebuerg","address":{"hamlet":"Schwebach-Pont","village":"Schwebach","county":"Canton Redange","ISO3166-2-lvl6":"LU-RD","postcode":"8561","country":"Lëtzebuerg","country_code":"lu"},"osm_type":"node","osm_id":1848608173,"type":"hamlet","location":[5.9748098,49.747002],"bbox":[5.9548098,49.727002,5.9948098,49.767002]}
{"name":"Simmerfarm","other_names":{"name:de":"Simmerschmelz","name:fr":"Simmerschmelz","name:lb":"Simmerschmelz"},"display_name":"Simmerfarm, Greisch, Habscht, Canton Capellen, 8363, Lëtzebuerg","address":{"hamlet":"Simmerfarm","village":"Greisch","city":"Habscht","county":"Canton Capellen","ISO3166-2-lvl6":"LU-CA","postcode":"8363","country":"Lëtzebuerg","country_code":"lu"},"population":81,"osm_type":"node","osm_id":5406962594,"type":"hamlet","location":[5.9865858,49.6956334],"bbox":[5.9665858,49.6756334,6.0065858,49.7156334]}
{"name":"Simmerschmelz","other_names":{"name:lb":"Simmerschmelz"},"display_name":"Simmerschmelz, Septfontaines, Habscht, Canton Capellen, 8363, Lëtzebuerg","address":{"hamlet":"Simmerschmelz","village":"Septfontaines","city":"Habscht","county":"Canton Capellen","ISO3166-2-lvl6":"LU-CA","postcode":"8363","country":"Lëtzebuerg","country_code":"lu"},"population":14,"osm_type":"node","osm_id":258730242,"type":"hamlet","location":[5.9860045,49.6946041],"bbox":[5.9660045,49.6746041,6.0060045,49.7146041]}
{"name":"Soup","other_names":{"name:lb":"Supp"},"display_name":"Soup, Heffingen, Canton Mersch, 7673, Lëtzebuerg","address":{"hamlet":"Soup","village":"Heffingen","county":"Canton Mersch","ISO3166-2-lvl6":"LU-ME","postcode":"7673","country":"Lëtzebuerg","country_code":"lu"},"osm_type":"node","osm_id":1756123552,"type":"hamlet","location":[6.2304581,49.7675352],"bbox":[6.2104581,49.7475352,6.2504581,49.7875352]}
{"name":"Stafelter","other_names":{"name:de":"Staffelstein"},"display_name":"Stafelter, Niederanven, Canton Luxembourg, 2712, Lëtzebuerg","address":{"hamlet":"Stafelter","village":"Niederanven","county":"Canton Luxembourg","ISO3166-2-lvl6":"LU-LU","postcode":"2712","country":"Lëtzebuerg","country_code":"lu"},"osm_type":"node","osm_id":1880472228,"type":"hamlet","location":[6.1740822,49.6585263],"bbox":[6.1540822,49.6385263,6.1940822,49.6785263]}
{"name":"Stuppicht","other_names":{"name:lb":"Stuppecht"},"display_name":"Stuppicht, Fischbach, Canton Mersch, 6155, Lëtzebuerg","address":{"hamlet":"Stuppicht","village":"Fischbach","county":"Canton Mersch","ISO3166-2-lvl6":"LU-ME","postcode":"6155","country":"Lëtzebuerg","country_code":"lu"},"population":6,"osm_type":"node","osm_id":410923314,"type":"hamlet","location":[6.1876226,49.7254772],"bbox":[6.1676226,49.7054772,6.2076226,49.7454772]}
{"name":"Tintesmühle","other_names":{"name:de":"Tintesmühle","name:lb":"Tëntesmillen"},"display_name":"Tintesmühle, Heinerscheid, Clervaux, Canton Clervaux, 9758, Lëtzebuerg","address":{"hamlet":"Tintesmühle","city_district":"Heinerscheid","town":"Clervaux","county":"Canton Clervaux","ISO3166-2-lvl6":"LU-CL","postcode":"9758","country":"Lëtzebuerg","country_code":"lu"},"population":5,"osm_type":"node","osm_id":339949047,"type":"hamlet","location":[6.125998,50.0935166],"bbox":[6.105998,50.0735166,6.145998,50.1135166]}
{"name":"Toodlermillen","display_name":"Toodlermillen, Tadler, Esch-sur-Sûre, Canton Wiltz, 9181, Lëtzebuerg","address":{"hamlet":"Toodlermillen","village":"Tadler","county":"Canton Wiltz","ISO3166-2-lvl6":"LU-WI","postcode":"9181","country":"Lëtzebuerg","country_code":"lu"},"osm_type":"node","osm_id":2397413773,"type":"hamlet","location":[6.0001506,49.9127628],"bbox":[5.9801506,49.8927628,6.0201506,49.9327628]}
{"name":"Troine-Route","other_names":{"name:fr":"Troine-Route","name:lb":"Trätter Strooss"},"display_name":"Troine-Route, Allerborn, Wincrange, Canton Clervaux, 9773, Lëtzebuerg","address":{"hamlet":"Troine-Route","village":"Allerborn","county":"Canton Clervaux","ISO3166-2-lvl6":"LU-CL","postcode":"9773","country":"Lëtzebuerg","country_code":"lu"},"population":106,"osm_type":"node","osm_id":1374528889,"type":"hamlet","location":[5.8766932,50.0458858],"bbox":[5.8566932,50.0258858,5.8966932,50.0658858]}
{"name":"Uelgsmillen","display_name":"Uelgsmillen, Medernach, Vallée de l'Ernz, Canton Diekirch, 7661, Lëtzebuerg","address":{"hamlet":"Uelgsmillen","city_district":"Medernach","city":"Vallée de l'Ernz","county":"Canton Diekirch","ISO3166-2-lvl6":"LU-DI","postcode":"7661","country":"Lëtzebuerg","country_code":"lu"},"osm_type":"node","osm_id":11805134039,"type":"hamlet","location":[6.2175972,49.7992944],"bbox":[6.1975972,49.7792944,6.2375972,49.8192944]}
{"name":"Unterschlinder","other_names":{"name:lb":"Ënnerschlënner","alt_name":"Schlinder"},"display_name":"Unterschlinder, Hoscheid, Parc Hosingen, Canton Clervaux, 9183, Lëtzebuerg","address":{"hamlet":"Unterschlinder","city_district":"Hoscheid","city":"Parc Hosingen","county":"Canton Clervaux","ISO3166-2-lvl6":"LU-CL","postcode":"9183","country":"Lëtzebuerg","country_code":"lu"},"osm_type":"node","osm_id":291568502,"type":"hamlet","location":[6.0706398,49.9347793],"bbox":[6.0506398,49.9147793,6.0906398,49.9547793]}
{"name":"Valeriushaff","display_name":"Valeriushaff, Seltz, Tandel, Canton Vianden, 9359, Lëtzebuerg","address":{"hamlet":"Valeriushaff","village":"Seltz","county":"Canton Vianden","ISO3166-2-lvl6":"LU-VD","postcode":"9359","country":"Lëtzebuerg","country_code":"lu"},"osm_type":"node","osm_id":290938535,"type":"hamlet","location":[6.1856258,49.8851556],"bbox":[6.1656258,49.8651556,6.2056258,49.9051556]}
{"name":"Waldbierg","other_names":{"name:de":"Waldberg","name:lb":"Waldbierg"},"display_name":"Waldbierg, Hosingen, Parc Hosingen, Canton Clervaux, 9839, Lëtzebuerg","address":{"hamlet":"Waldbierg","city_district":"Hosingen","city":"Parc Hosingen","county":"Canton Clervaux","ISO3166-2-lvl6":"LU-CL","postcode":"9839","country":"Lëtzebuerg","country_code":"lu"},"osm_type":"node","osm_id":314855554,"type":"hamlet","location":[6.1156909,50.0487618],"bbox":[6.0956909,50.0287618,6.1356909,50.0687618]}
{"name":"Weidendall","display_name":"Weidendall, Kehlen, Canton Capellen, 8199, Lëtzebuerg","address":{"hamlet":"Weidendall","village":"Kehlen","county":"Canton Capellen","ISO3166-2-lvl6":"LU-CA","postcode":"8199","country":"Lëtzebuerg","country_code":"lu"},"osm_type":"node","osm_id":1375332011,"type":"hamlet","location":[6.0670497,49.6574105],"bbox":[6.0470497,49.6374105,6.0870497,49.6774105]}
{"name":"Weilerbach","other_names":{"name:lb":"Weilerbaach","old_name":"Institut Heliar"},"display_name":"Weilerbach, Berdorf, Canton Echternach, 6590, Lëtzebuerg","address":{"hamlet":"Weilerbach","village":"Berdorf","county":"Canton Echternach","ISO3166-2-lvl6":"LU-EC","postcode":"6590","country":"Lëtzebuerg","country_code":"lu"},"population":129,"osm_type":"node","osm_id":311929675,"type":"hamlet","location":[6.383081,49.8328511],"bbox":[6.363081,49.8128511,6.403081,49.8528511]}
{"name":"Welsdorf","other_names":{"name:lb":"Welsdref"},"display_name":"Welsdorf, Colmar, Colmar-Berg, Canton Mersch, 7723, Lëtzebuerg","address":{"hamlet":"Welsdorf","village":"Colmar","county":"Canton Mersch","ISO3166-2-lvl6":"LU-ME","postcode":"7723","country":"Lëtzebuerg","country_code":"lu"},"population":197,"osm_type":"node","osm_id":1850662387,"type":"hamlet","location":[6.0928398,49.817951],"bbox":[6.0728398,49.797951,6.1128398,49.837951]}
{"name":"Wemperhardt","other_names":{"name:lb":"Wämperhaart"},"display_name":"Wemperhardt, Weiswampach, Canton Clervaux, 9999, Lëtzebuerg","address":{"hamlet":"Wemperhardt","village":"Weiswampach","county":"Canton Clervaux","ISO3166-2-lvl6":"LU-CL","postcode":"9999","country":"Lëtzebuerg","country_code":"lu"},"population":16,"osm_type":"node","osm_id":306369253,"type":"hamlet","location":[6.051633,50.1547499],"bbox":[6.031633,50.1347499,6.071633,50.1747499]}
{"name":"Weydig","other_names":{"name:lb":"Weidig"},"display_name":"Weydig, Brouch, Biwer, Canton Grevenmacher, 6880, Lëtzebuerg","address":{"hamlet":"Weydig","village":"Brouch","county":"Canton Grevenmacher","ISO3166-2-lvl6":"LU-GR","postcode":"6880","country":"Lëtzebuerg","country_code":"lu"},"population":21,"osm_type":"node","osm_id":315133794,"type":"hamlet","location":[6.3300145,49.7166441],"bbox":[6.3100145,49.6966441,6.3500145,49.7366441]}
{"name":"Weyer","other_names":{"name:lb":"Weier"},"display_name":"Weyer, Fischbach, Canton Mersch, 6155, Lëtzebuerg","address":{"hamlet":"Weyer","village":"Fischbach","county":"Canton Mersch","ISO3166-2-lvl6":"LU-ME","postcode":"6155","country":"Lëtzebuerg","country_code":"lu"},"population":10,"osm_type":"node","osm_id":287051581,"type":"hamlet","location":[6.1995604,49.7265713],"bbox":[6.1795604,49.7065713,6.2195604,49.7465713]}
{"name":"Willspull","other_names":{"name:lb":"Um Willspull"},"display_name":"Willspull, Michelau, Bourscheid, Canton Diekirch, 9172, Lëtzebuerg","address":{"hamlet":"Willspull","village":"Michelau","county":"Canton Diekirch","ISO3166-2-lvl6":"LU-DI","postcode":"9172","country":"Lëtzebuerg","country_code":"lu"},"osm_type":"node","osm_id":8260349749,"type":"hamlet","location":[6.0973424,49.8880646],"bbox":[6.0773424,49.8680646,6.1173424,49.9080646]}
{"name":"Zëtteger Millen","display_name":"Zëtteger Millen, Zittig, Bech, Canton Echternach, 6837, Lëtzebuerg","address":{"hamlet":"Zëtteger Millen","village":"Zittig","county":"Canton Echternach","ISO3166-2-lvl6":"LU-EC","postcode":"6837","country":"Lëtzebuerg","country_code":"lu"},"osm_type":"node","osm_id":1522764166,"type":"hamlet","location":[6.3435486,49.7364637],"bbox":[6.3235486,49.7164637,6.3635486,49.7564637]}
