{"name":"Achacachi","other_names":{"alt_name":"Villa Lealtad de Caceres"},"display_name":"Achacachi, Municipio Achacachi, Provincia Omasuyos, La Paz, Bolivia","address":{"town":"Achacachi","city":"Municipio Achacachi","county":"Provincia Omasuyos","state":"La Paz","ISO3166-2-lvl4":"BO-L","country":"Bolivia","country_code":"bo"},"population":9302,"osm_type":"node","osm_id":795493675,"type":"town","location":[-68.6849563,-16.0438951],"bbox":[-68.7249563,-16.0838951,-68.6449563,-16.0038951],"border":{"name":"Achacachi","other_names":{"alt_name":"Villa Lealtad de Caceres"},"display_name":"Achacachi, Municipio Achacachi, Provincia Omasuyos, La Paz, Bolivia","address":{"town":"Achacachi","city":"Municipio Achacachi","county":"Provincia Omasuyos","state":"La Paz","ISO3166-2-lvl4":"BO-L","country":"Bolivia","country_code":"bo"},"population":9302,"osm_type":"way","osm_id":876316525,"type":"town","location":[-68.6849563,-16.0438951],"bbox":[-68.6980137,-16.0588088,-68.672823,-16.0295609]}}
{"name":"Achocalla","display_name":"Achocalla, Pedro Domingo Murillo, La Paz, Bolivia","address":{"town":"Achocalla","county":"Pedro Domingo Murillo","state":"La Paz","ISO3166-2-lvl4":"BO-L","country":"Bolivia","country_code":"bo"},"population":18722,"osm_type":"node","osm_id":5235136671,"type":"town","location":[-68.1709563,-16.5680741],"bbox":[-68.2109563,-16.6080741,-68.1309563,-16.5280741],"border":{"name":"Achocalla","other_names":{"official_name":"Municipio Achocalla"},"display_name":"Achocalla, Pedro Domingo Murillo, La Paz, Bolivia","address":{"town":"Achocalla","county":"Pedro Domingo Murillo","state":"La Paz","ISO3166-2-lvl4":"BO-L","country":"Bolivia","country_code":"bo"},"population":13105,"osm_type":"relation","osm_id":4499868,"type":"administrative","location":[-68.1709563,-16.5680741],"bbox":[-68.1849991,-16.7663815,-68.0677517,-16.5398418]}}
{"name":"Aiquile","display_name":"Aiquile, Municipio Aiquile, Campero, Cochabamba, Bolivia","address":{"town":"Aiquile","city":"Municipio Aiquile","county":"Campero","state":"Cochabamba","ISO3166-2-lvl4":"BO-C","country":"Bolivia","country_code":"bo"},"population":7863,"osm_type":"node","osm_id":795493601,"type":"town","location":[-65.1806293,-18.2002218],"bbox":[-65.2206293,-18.2402218,-65.1406293,-18.1602218],"border":{"name":"Aiquile","display_name":"Aiquile, Municipio Aiquile, Campero, Cochabamba, Bolivia","address":{"town":"Aiquile","city":"Municipio Aiquile","county":"Campero","state":"Cochabamba","ISO3166-2-lvl4":"BO-C","country":"Bolivia","country_code":"bo"},"population":7863,"osm_type":"way","osm_id":406257284,"type":"town","location":[-65.1806293,-18.2002218],"bbox":[-65.2008523,-18.2216954,-65.169973,-18.1925956]}}
{"name":"Apolo","display_name":"Apolo, Municipio Apolo, Provincia Franz Tamayo, La Paz, Bolivia","address":{"town":"Apolo","county":"Provincia Franz Tamayo","state":"La Paz","ISO3166-2-lvl4":"BO-L","country":"Bolivia","country_code":"bo"},"population":6376,"osm_type":"node","osm_id":797097615,"type":"town","location":[-68.4176615,-14.7153938],"bbox":[-68.4576615,-14.7553938,-68.3776615,-14.6753938],"border":[{"name":"Apolo","display_name":"Apolo, Municipio Apolo, Provincia Franz Tamayo, La Paz, Bolivia","address":{"town":"Apolo","county":"Provincia Franz Tamayo","state":"La Paz","ISO3166-2-lvl4":"BO-L","country":"Bolivia","country_code":"bo"},"osm_type":"relation","osm_id":13417284,"type":"town","location":[-68.42004346184744,-14.720714],"bbox":[-68.4309089,-14.7331747,-68.4069836,-14.7068003]},{"name":"Municipio Apolo","other_names":{"alt":"Apolo"},"display_name":"Municipio Apolo, Provincia Franz Tamayo, La Paz, Bolivia","address":{"town":"Municipio Apolo","county":"Provincia Franz Tamayo","state":"La Paz","ISO3166-2-lvl4":"BO-L","country":"Bolivia","country_code":"bo"},"population":12877,"osm_type":"relation","osm_id":4499594,"type":"administrative","location":[-68.4176615,-14.7153938],"bbox":[-69.1153836,-15.2490867,-67.3911554,-13.9290991]}]}
{"name":"Arroyo Concepción","display_name":"Arroyo Concepción, Puerto Quijarro, Germán Busch, Santa Cruz, Bolivia","address":{"town":"Arroyo Concepción","city":"Puerto Quijarro","county":"Germán Busch","state":"Santa Cruz","ISO3166-2-lvl4":"BO-S","country":"Bolivia","country_code":"bo"},"population":5302,"osm_type":"node","osm_id":795668307,"type":"town","location":[-57.7096304,-19.0229175],"bbox":[-57.7496304,-19.0629175,-57.6696304,-18.9829175]}
{"name":"Camargo","other_names":{"alt_name":"Jose Vicente Camargo","old_name":"Pazpaya y Villa Santiago"},"display_name":"Camargo, Provincia Nor Cinti, Chuquisaca, Bolivia","address":{"town":"Camargo","county":"Provincia Nor Cinti","state":"Chuquisaca","ISO3166-2-lvl4":"BO-H","country":"Bolivia","country_code":"bo"},"population":5263,"osm_type":"node","osm_id":795601545,"type":"town","location":[-65.2092,-20.6410979],"bbox":[-65.2492,-20.6810979,-65.1692,-20.6010979]}
{"name":"Capinota","display_name":"Capinota, Municipio Capinota, Capinota, Cochabamba, Bolivia","address":{"town":"Capinota","city":"Municipio Capinota","county":"Capinota","state":"Cochabamba","ISO3166-2-lvl4":"BO-C","country":"Bolivia","country_code":"bo"},"population":5264,"osm_type":"node","osm_id":795628874,"type":"town","location":[-66.2628331,-17.7146234],"bbox":[-66.3028331,-17.7546234,-66.2228331,-17.6746234],"border":[{"name":"Capinota","display_name":"Capinota, Municipio Capinota, Capinota, Cochabamba, Bolivia","address":{"town":"Capinota","city":"Municipio Capinota","county":"Capinota","state":"Cochabamba","ISO3166-2-lvl4":"BO-C","country":"Bolivia","country_code":"bo"},"population":5264,"osm_type":"way","osm_id":688724361,"type":"town","location":[-66.2628331,-17.7146234],"bbox":[-66.2694129,-17.7206057,-66.2591609,-17.6998573]},{"name":"Capinota","other_names":{"official_name":"Provincia Capinota"},"display_name":"Capinota, Cochabamba, Bolivia","address":{"county":"Capinota","state":"Cochabamba","ISO3166-2-lvl4":"BO-C","country":"Bolivia","country_code":"bo"},"population":29744,"osm_type":"relation","osm_id":4503225,"type":"administrative","location":[-66.26793902322893,-17.7120194],"bbox":[-66.3938348,-17.9517162,-66.1073734,-17.4725905]}]}
{"name":"Caracollo","display_name":"Caracollo, Municipio Caracollo, Provincia Cercado, Oruro, Bolivia","address":{"town":"Caracollo","county":"Provincia Cercado","state":"Oruro","ISO3166-2-lvl4":"BO-O","country":"Bolivia","country_code":"bo"},"population":6361,"osm_type":"node","osm_id":795663053,"type":"town","location":[-67.20853,-17.6491026],"bbox":[-67.24853,-17.6891026,-67.16853,-17.6091026],"border":{"name":"Municipio Caracollo","other_names":{"alt":"Caracollo"},"display_name":"Municipio Caracollo, Provincia Cercado, Oruro, Bolivia","address":{"town":"Municipio Caracollo","county":"Provincia Cercado","state":"Oruro","ISO3166-2-lvl4":"BO-O","country":"Bolivia","country_code":"bo"},"population":14849,"osm_type":"relation","osm_id":4494694,"type":"administrative","location":[-67.20853,-17.6491026],"bbox":[-67.7328043,-17.9533536,-67.0003155,-17.3204699]}}
{"name":"Chimoré","other_names":{"alt_name":"Chimore"},"display_name":"Chimoré, Municipio Chimore, Carrasco, Cochabamba, Bolivia","address":{"town":"Chimoré","city":"Municipio Chimore","county":"Carrasco","state":"Cochabamba","ISO3166-2-lvl4":"BO-C","country":"Bolivia","country_code":"bo"},"population":6260,"osm_type":"node","osm_id":795493574,"type":"town","location":[-65.1504578,-16.9939202],"bbox":[-65.1904578,-17.0339202,-65.1104578,-16.9539202]}
{"name":"Cliza","display_name":"Cliza, Germán Jordán, Cochabamba, Bolivia","address":{"town":"Cliza","county":"Germán Jordán","state":"Cochabamba","ISO3166-2-lvl4":"BO-C","country":"Bolivia","country_code":"bo"},"population":8518,"osm_type":"node","osm_id":795493578,"type":"town","location":[-65.9341813,-17.5918058],"bbox":[-65.9741813,-17.6318058,-65.8941813,-17.5518058],"border":{"name":"Cliza","other_names":{"official_name":"Municipio Cliza"},"display_name":"Cliza, Germán Jordán, Cochabamba, Bolivia","address":{"town":"Cliza","county":"Germán Jordán","state":"Cochabamba","ISO3166-2-lvl4":"BO-C","country":"Bolivia","country_code":"bo"},"population":15838,"osm_type":"relation","osm_id":4505781,"type":"administrative","location":[-65.9341813,-17.5918058],"bbox":[-65.9871653,-17.6309615,-65.8866375,-17.5302367]}}
{"name":"Colonia Belice","other_names":{"alt_name":"Belize"},"display_name":"Colonia Belice, Belize, Municipio Pailón, Chiquitos, Santa Cruz, Bolivia","address":{"town":"Colonia Belice","city":"Municipio Pailón","county":"Chiquitos","state":"Santa Cruz","ISO3166-2-lvl4":"BO-S","country":"Bolivia","country_code":"bo"},"population":2502,"osm_type":"node","osm_id":5187094974,"type":"town","location":[-62.1509004,-17.5812329],"bbox":[-62.1909004,-17.6212329,-62.1109004,-17.5412329],"border":{"name":"Belize","other_names":{"alt_name":"Belize","alt":"Colonia Belice"},"display_name":"Belize, Municipio Pailón, Chiquitos, Santa Cruz, Bolivia","address":{"town":"Belize","city":"Municipio Pailón","county":"Chiquitos","state":"Santa Cruz","ISO3166-2-lvl4":"BO-S","country":"Bolivia","country_code":"bo"},"population":2502,"osm_type":"relation","osm_id":18295233,"type":"administrative","location":[-62.1509004,-17.5812329],"bbox":[-62.2125323,-17.6207408,-62.0149569,-17.4435138]}}
{"name":"Colonia Casas Grandes","other_names":{"alt_name":"Colonia Menonita Casa Grande"},"display_name":"Colonia Casas Grandes, Casas Grandes Mennonite Community, Municipio Charagua, Provincia Cordillera, Santa Cruz, Bolivia","address":{"town":"Colonia Casas Grandes","city":"Municipio Charagua","county":"Provincia Cordillera","state":"Santa Cruz","ISO3166-2-lvl4":"BO-S","country":"Bolivia","country_code":"bo"},"population":1229,"osm_type":"node","osm_id":4653493457,"type":"town","location":[-62.8963054,-19.7095101],"bbox":[-62.9363054,-19.7495101,-62.8563054,-19.6695101],"border":{"name":"Casas Grandes Mennonite Community","other_names":{"alt_name":"Colonia Menonita Casa Grande","alt":"Colonia Casas Grandes"},"display_name":"Casas Grandes Mennonite Community, Municipio Charagua, Provincia Cordillera, Santa Cruz, Bolivia","address":{"town":"Casas Grandes Mennonite Community","city":"Municipio Charagua","county":"Provincia Cordillera","state":"Santa Cruz","ISO3166-2-lvl4":"BO-S","country":"Bolivia","country_code":"bo"},"population":1229,"osm_type":"relation","osm_id":18298082,"type":"administrative","location":[-62.8963054,-19.7095101],"bbox":[-63.0457076,-19.7578775,-62.813085,-19.6486093]}}
{"name":"Colonia El Cerro","display_name":"Colonia El Cerro, El Cerro Mennonite Community, Municipio Pailón, Chiquitos, Santa Cruz, Bolivia","address":{"town":"Colonia El Cerro","city":"Municipio Pailón","county":"Chiquitos","state":"Santa Cruz","ISO3166-2-lvl4":"BO-S","country":"Bolivia","country_code":"bo"},"osm_type":"node","osm_id":12349148451,"type":"town","location":[-61.5607876,-17.4051051],"bbox":[-61.6007876,-17.4451051,-61.5207876,-17.3651051],"border":{"name":"El Cerro Mennonite Community","other_names":{"alt":"Colonia El Cerro"},"display_name":"El Cerro Mennonite Community, Municipio Pailón, Chiquitos, Santa Cruz, Bolivia","address":{"town":"El Cerro Mennonite Community","city":"Municipio Pailón","county":"Chiquitos","state":"Santa Cruz","ISO3166-2-lvl4":"BO-S","country":"Bolivia","country_code":"bo"},"osm_type":"relation","osm_id":18298088,"type":"administrative","location":[-61.5607876,-17.4051051],"bbox":[-61.6195108,-17.4638649,-61.5138436,-17.3496757]}}
{"name":"Colonia El Dorado","display_name":"Colonia El Dorado, El Dorado Mennonite Community, Municipio Cabezas, Provincia Cordillera, Santa Cruz, Bolivia","address":{"town":"Colonia El Dorado","city":"Municipio Cabezas","county":"Provincia Cordillera","state":"Santa Cruz","ISO3166-2-lvl4":"BO-S","country":"Bolivia","country_code":"bo"},"osm_type":"node","osm_id":12349152666,"type":"town","location":[-63.0045367,-18.3879087],"bbox":[-63.0445367,-18.4279087,-62.9645367,-18.3479087],"border":{"name":"El Dorado Mennonite Community","other_names":{"alt":"Colonia El Dorado"},"display_name":"El Dorado Mennonite Community, Municipio Cabezas, Provincia Cordillera, Santa Cruz, Bolivia","address":{"town":"El Dorado Mennonite Community","city":"Municipio Cabezas","county":"Provincia Cordillera","state":"Santa Cruz","ISO3166-2-lvl4":"BO-S","country":"Bolivia","country_code":"bo"},"osm_type":"relation","osm_id":18298347,"type":"administrative","location":[-63.0045367,-18.3879087],"bbox":[-63.1069369,-18.4619728,-62.9408975,-18.327333]}}
{"name":"Colonia El Palmar","display_name":"Colonia El Palmar, El Palmar Mennonite Community, Villa Montes, Gran Chaco, Tarija, Bolivia","address":{"town":"Colonia El Palmar","city":"Villa Montes","county":"Gran Chaco","state":"Tarija","ISO3166-2-lvl4":"BO-T","country":"Bolivia","country_code":"bo"},"osm_type":"node","osm_id":12349537693,"type":"town","location":[-63.2751684,-21.2728544],"bbox":[-63.3151684,-21.3128544,-63.2351684,-21.2328544],"border":{"name":"El Palmar Mennonite Community","other_names":{"alt":"Colonia El Palmar"},"display_name":"El Palmar Mennonite Community, Villa Montes, Gran Chaco, Tarija, Bolivia","address":{"town":"El Palmar Mennonite Community","city":"Villa Montes","county":"Gran Chaco","state":"Tarija","ISO3166-2-lvl4":"BO-T","country":"Bolivia","country_code":"bo"},"osm_type":"relation","osm_id":18298562,"type":"administrative","location":[-63.2751684,-21.2728544],"bbox":[-63.3113731,-21.3202041,-63.2398831,-21.222919]}}
{"name":"Colonia Manitoba","other_names":{"alt_name":"Comunidad Manitoba"},"display_name":"Colonia Manitoba, Manitoba, Municipio Cuatro Cañadas, Provincia Ñuflo de Chávez, Santa Cruz, Bolivia","address":{"town":"Colonia Manitoba","county":"Provincia Ñuflo de Chávez","state":"Santa Cruz","ISO3166-2-lvl4":"BO-S","country":"Bolivia","country_code":"bo"},"population":577,"osm_type":"node","osm_id":5238549392,"type":"town","location":[-61.9282589,-17.3592848],"bbox":[-61.9682589,-17.3992848,-61.8882589,-17.3192848],"border":{"name":"Manitoba","other_names":{"alt_name":"Comunidad Manitoba","alt":"Colonia Manitoba"},"display_name":"Manitoba, Municipio Cuatro Cañadas, Provincia Ñuflo de Chávez, Santa Cruz, Bolivia","address":{"town":"Manitoba","county":"Provincia Ñuflo de Chávez","state":"Santa Cruz","ISO3166-2-lvl4":"BO-S","country":"Bolivia","country_code":"bo"},"population":577,"osm_type":"relation","osm_id":18297925,"type":"administrative","location":[-61.9282589,-17.3592848],"bbox":[-62.0284457,-17.4404014,-61.8405919,-17.2144643]}}
{"name":"Colonia Menonita Canadiense 2","other_names":{"alt_name":"Colonia Canadiense 2"},"display_name":"Colonia Menonita Canadiense 2, Colonia Canadiense 2, Municipio Pailón, Chiquitos, Santa Cruz, Bolivia","address":{"town":"Colonia Menonita Canadiense 2","city":"Municipio Pailón","county":"Chiquitos","state":"Santa Cruz","ISO3166-2-lvl4":"BO-S","country":"Bolivia","country_code":"bo"},"population":0,"osm_type":"node","osm_id":11147742772,"type":"town","location":[-62.576769,-17.8879058],"bbox":[-62.616769,-17.9279058,-62.536769,-17.8479058],"border":{"name":"Colonia Canadiense 2","other_names":{"alt_name":"Colonia Canadiense 2","alt":"Colonia Menonita Canadiense 2"},"display_name":"Colonia Canadiense 2, Municipio Pailón, Chiquitos, Santa Cruz, Bolivia","address":{"town":"Colonia Canadiense 2","city":"Municipio Pailón","county":"Chiquitos","state":"Santa Cruz","ISO3166-2-lvl4":"BO-S","country":"Bolivia","country_code":"bo"},"population":0,"osm_type":"relation","osm_id":18295136,"type":"administrative","location":[-62.576769,-17.8879058],"bbox":[-62.7216358,-17.9395327,-62.4041258,-17.8326743]}}
{"name":"Colonia Menonita El Tinto","display_name":"Colonia Menonita El Tinto, El Tinto Mennonite Community, Municipio Pailón, Chiquitos, Santa Cruz, Bolivia","address":{"town":"Colonia Menonita El Tinto","city":"Municipio Pailón","county":"Chiquitos","state":"Santa Cruz","ISO3166-2-lvl4":"BO-S","country":"Bolivia","country_code":"bo"},"population":0,"osm_type":"node","osm_id":6751325416,"type":"town","location":[-61.5441612,-17.8201034],"bbox":[-61.5841612,-17.8601034,-61.5041612,-17.7801034],"border":{"name":"El Tinto Mennonite Community","other_names":{"alt":"Colonia Menonita El Tinto"},"display_name":"El Tinto Mennonite Community, Municipio Pailón, Chiquitos, Santa Cruz, Bolivia","address":{"town":"El Tinto Mennonite Community","city":"Municipio Pailón","county":"Chiquitos","state":"Santa Cruz","ISO3166-2-lvl4":"BO-S","country":"Bolivia","country_code":"bo"},"population":0,"osm_type":"relation","osm_id":18298523,"type":"administrative","location":[-61.5441612,-17.8201034],"bbox":[-61.6509291,-17.8886985,-61.4369961,-17.6586175]}}
{"name":"Colonia Menonita Iboperenda","display_name":"Colonia Menonita Iboperenda, Municipio Charagua, Provincia Cordillera, Santa Cruz, Bolivia","address":{"town":"Colonia Menonita Iboperenda","city":"Municipio Charagua","county":"Provincia Cordillera","state":"Santa Cruz","ISO3166-2-lvl4":"BO-S","country":"Bolivia","country_code":"bo"},"osm_type":"node","osm_id":12787581980,"type":"town","location":[-62.4227716,-19.0808563],"bbox":[-62.4627716,-19.1208563,-62.3827716,-19.0408563]}
{"name":"Colonia Menonita Las Piedras 2","display_name":"Colonia Menonita Las Piedras 2, Las Piedras 2, Municipio Pailón, Chiquitos, Santa Cruz, Bolivia","address":{"town":"Colonia Menonita Las Piedras 2","city":"Municipio Pailón","county":"Chiquitos","state":"Santa Cruz","ISO3166-2-lvl4":"BO-S","country":"Bolivia","country_code":"bo"},"population":869,"osm_type":"node","osm_id":4717536894,"type":"town","location":[-62.1350904,-17.4675745],"bbox":[-62.1750904,-17.5075745,-62.0950904,-17.4275745],"border":{"name":"Las Piedras 2","other_names":{"alt":"Colonia Menonita Las Piedras 2"},"display_name":"Las Piedras 2, Municipio Pailón, Chiquitos, Santa Cruz, Bolivia","address":{"town":"Las Piedras 2","city":"Municipio Pailón","county":"Chiquitos","state":"Santa Cruz","ISO3166-2-lvl4":"BO-S","country":"Bolivia","country_code":"bo"},"population":869,"osm_type":"relation","osm_id":18295234,"type":"administrative","location":[-62.1350904,-17.4675745],"bbox":[-62.1848588,-17.5080258,-62.0452885,-17.3605036]}}
{"name":"Colonia Nuevo Valle","other_names":{"alt_name":"Valle Nuevo"},"display_name":"Colonia Nuevo Valle, Valle Nuevo, Municipio Pailón, Chiquitos, Santa Cruz, Bolivia","address":{"town":"Colonia Nuevo Valle","city":"Municipio Pailón","county":"Chiquitos","state":"Santa Cruz","ISO3166-2-lvl4":"BO-S","country":"Bolivia","country_code":"bo"},"osm_type":"node","osm_id":12349078476,"type":"town","location":[-62.3366926,-17.8231301],"bbox":[-62.3766926,-17.8631301,-62.2966926,-17.7831301],"border":{"name":"Valle Nuevo","other_names":{"alt_name":"Valle Nuevo","alt":"Colonia Nuevo Valle"},"display_name":"Valle Nuevo, Municipio Pailón, Chiquitos, Santa Cruz, Bolivia","address":{"town":"Valle Nuevo","city":"Municipio Pailón","county":"Chiquitos","state":"Santa Cruz","ISO3166-2-lvl4":"BO-S","country":"Bolivia","country_code":"bo"},"osm_type":"relation","osm_id":18297924,"type":"administrative","location":[-62.3366926,-17.8231301],"bbox":[-62.4042807,-17.9132369,-62.271668,-17.7216179]}}
{"name":"Colonia Rivas Palacios","other_names":{"official_name":"Menonita Rivas Palacio"},"display_name":"Colonia Rivas Palacios, Riva Palacios, Municipio Cabezas, Provincia Cordillera, Santa Cruz, Bolivia","address":{"town":"Colonia Rivas Palacios","city":"Municipio Cabezas","county":"Provincia Cordillera","state":"Santa Cruz","ISO3166-2-lvl4":"BO-S","country":"Bolivia","country_code":"bo"},"population":5152,"osm_type":"node","osm_id":5172134684,"type":"town","location":[-62.997756,-18.1661375],"bbox":[-63.037756,-18.2061375,-62.957756,-18.1261375],"border":{"name":"Riva Palacios","other_names":{"official_name":"Menonita Rivas Palacio","alt":"Colonia Rivas Palacios"},"display_name":"Riva Palacios, Municipio Cabezas, Provincia Cordillera, Santa Cruz, Bolivia","address":{"town":"Riva Palacios","city":"Municipio Cabezas","county":"Provincia Cordillera","state":"Santa Cruz","ISO3166-2-lvl4":"BO-S","country":"Bolivia","country_code":"bo"},"population":5152,"osm_type":"relation","osm_id":18294953,"type":"administrative","location":[-62.997756,-18.1661375],"bbox":[-63.134235,-18.2434541,-62.9237996,-18.0973358]}}
{"name":"Colonia Swift Current","display_name":"Colonia Swift Current, Swift Current, Municipio Cabezas, Provincia Cordillera, Santa Cruz, Bolivia","address":{"town":"Colonia Swift Current","city":"Municipio Cabezas","county":"Provincia Cordillera","state":"Santa Cruz","ISO3166-2-lvl4":"BO-S","country":"Bolivia","country_code":"bo"},"population":671,"osm_type":"node","osm_id":5213651624,"type":"town","location":[-63.0466765,-18.068917],"bbox":[-63.0866765,-18.108917,-63.0066765,-18.028917],"border":{"name":"Swift Current","other_names":{"alt":"Colonia Swift Current"},"display_name":"Swift Current, Municipio Cabezas, Provincia Cordillera, Santa Cruz, Bolivia","address":{"town":"Swift Current","city":"Municipio Cabezas","county":"Provincia Cordillera","state":"Santa Cruz","ISO3166-2-lvl4":"BO-S","country":"Bolivia","country_code":"bo"},"population":671,"osm_type":"relation","osm_id":18294979,"type":"administrative","location":[-63.0466765,-18.068917],"bbox":[-63.1821065,-18.1100082,-62.9102351,-18.0233828]}}
{"name":"Colquiri","other_names":{"official_name":"Campamento Colquiri"},"display_name":"Colquiri, Municipio Colquiri, Provincia Inquisivi, La Paz, Bolivia","address":{"town":"Colquiri","city":"Municipio Colquiri","county":"Provincia Inquisivi","state":"La Paz","ISO3166-2-lvl4":"BO-L","country":"Bolivia","country_code":"bo"},"population":5972,"osm_type":"node","osm_id":2641508127,"type":"town","location":[-67.1249034,-17.3918791],"bbox":[-67.1649034,-17.4318791,-67.0849034,-17.3518791],"border":{"name":"Colquiri","other_names":{"official_name":"Campamento Colquiri"},"display_name":"Colquiri, Municipio Colquiri, Provincia Inquisivi, La Paz, Bolivia","address":{"town":"Colquiri","city":"Municipio Colquiri","county":"Provincia Inquisivi","state":"La Paz","ISO3166-2-lvl4":"BO-L","country":"Bolivia","country_code":"bo"},"population":5972,"osm_type":"way","osm_id":180775732,"type":"town","location":[-67.1249034,-17.3918791],"bbox":[-67.1331622,-17.3992341,-67.1208606,-17.3863748]}}
{"name":"Comarapa","other_names":{"old_name":"Santa María de la Guardia y Mendoza"},"display_name":"Comarapa, Municipio Comarapa, Provincia Manuel M. Caballero, Santa Cruz, Bolivia","address":{"town":"Comarapa","city":"Municipio Comarapa","county":"Provincia Manuel M. Caballero","state":"Santa Cruz","ISO3166-2-lvl4":"BO-S","country":"Bolivia","country_code":"bo"},"population":5315,"osm_type":"node","osm_id":795648133,"type":"town","location":[-64.5295941,-17.9136428],"bbox":[-64.5695941,-17.9536428,-64.4895941,-17.8736428],"border":{"name":"Comarapa","other_names":{"old_name":"Santa María de la Guardia y Mendoza"},"display_name":"Comarapa, Municipio Comarapa, Provincia Manuel M. Caballero, Santa Cruz, Bolivia","address":{"town":"Comarapa","city":"Municipio Comarapa","county":"Provincia Manuel M. Caballero","state":"Santa Cruz","ISO3166-2-lvl4":"BO-S","country":"Bolivia","country_code":"bo"},"population":5315,"osm_type":"way","osm_id":440695385,"type":"town","location":[-64.5295941,-17.9136428],"bbox":[-64.5354196,-17.9264492,-64.5174401,-17.9090448]}}
{"name":"Concepción","display_name":"Concepción, Municipio Concepción, Provincia Ñuflo de Chávez, Santa Cruz, Bolivia","address":{"town":"Concepción","city":"Municipio Concepción","county":"Provincia Ñuflo de Chávez","state":"Santa Cruz","ISO3166-2-lvl4":"BO-S","country":"Bolivia","country_code":"bo"},"population":9915,"osm_type":"node","osm_id":795493591,"type":"town","location":[-62.0239275,-16.1349051],"bbox":[-62.0639275,-16.1749051,-61.9839275,-16.0949051]}
{"name":"Copacabana","display_name":"Copacabana, Provincia Manco Kapac, La Paz, Bolivia","address":{"town":"Copacabana","county":"Provincia Manco Kapac","state":"La Paz","ISO3166-2-lvl4":"BO-L","country":"Bolivia","country_code":"bo"},"population":5731,"osm_type":"node","osm_id":795662927,"type":"town","location":[-69.0854397,-16.1657276],"bbox":[-69.1254397,-16.2057276,-69.0454397,-16.1257276]}
{"name":"Cuatro Cañadas","other_names":{"alt_name":"4 Cañadas"},"display_name":"Cuatro Cañadas, Municipio Cuatro Cañadas, Provincia Ñuflo de Chávez, Santa Cruz, Bolivia","address":{"town":"Cuatro Cañadas","county":"Provincia Ñuflo de Chávez","state":"Santa Cruz","ISO3166-2-lvl4":"BO-S","country":"Bolivia","country_code":"bo"},"population":8195,"osm_type":"node","osm_id":795493689,"type":"town","location":[-62.5571442,-17.2663127],"bbox":[-62.5971442,-17.3063127,-62.5171442,-17.2263127],"border":{"name":"Municipio Cuatro Cañadas","other_names":{"alt_name":"4 Cañadas","alt":"Cuatro Cañadas"},"display_name":"Municipio Cuatro Cañadas, Provincia Ñuflo de Chávez, Santa Cruz, Bolivia","address":{"town":"Municipio Cuatro Cañadas","county":"Provincia Ñuflo de Chávez","state":"Santa Cruz","ISO3166-2-lvl4":"BO-S","country":"Bolivia","country_code":"bo"},"population":8195,"osm_type":"relation","osm_id":4511272,"type":"administrative","location":[-62.5571442,-17.2663127],"bbox":[-62.7878983,-17.5253753,-61.5685663,-17.0271029]}}
{"name":"Durango","other_names":{"alt_name":"Colonia Menonita Durango"},"display_name":"Durango, Durango 1 Mennonite Community, Municipio Charagua, Provincia Cordillera, Santa Cruz, Bolivia","address":{"town":"Durango","city":"Municipio Charagua","county":"Provincia Cordillera","state":"Santa Cruz","ISO3166-2-lvl4":"BO-S","country":"Bolivia","country_code":"bo"},"population":2917,"osm_type":"node","osm_id":4647732990,"type":"town","location":[-62.8354263,-19.8307529],"bbox":[-62.8754263,-19.8707529,-62.7954263,-19.7907529],"border":{"name":"Durango 1 Mennonite Community","other_names":{"alt_name":"Colonia Menonita Durango","alt":"Durango"},"display_name":"Durango 1 Mennonite Community, Municipio Charagua, Provincia Cordillera, Santa Cruz, Bolivia","address":{"town":"Durango 1 Mennonite Community","city":"Municipio Charagua","county":"Provincia Cordillera","state":"Santa Cruz","ISO3166-2-lvl4":"BO-S","country":"Bolivia","country_code":"bo"},"population":2917,"osm_type":"relation","osm_id":18297976,"type":"administrative","location":[-62.8354263,-19.8307529],"bbox":[-62.9597435,-19.8895312,-62.7357559,-19.7558984]}}
{"name":"El Paso","display_name":"El Paso, Quillacollo, Cochabamba, Bolivia","address":{"town":"El Paso","county":"Quillacollo","state":"Cochabamba","ISO3166-2-lvl4":"BO-C","country":"Bolivia","country_code":"bo"},"population":6117,"osm_type":"node","osm_id":795675619,"type":"town","location":[-66.2655476,-17.3381339],"bbox":[-66.3055476,-17.3781339,-66.2255476,-17.2981339]}
{"name":"Entre Ríos","other_names":{"alt_name":"Entre Rios"},"display_name":"Entre Ríos, Entre Rios, Municipio Entre Ríos, Carrasco, Cochabamba, Bolivia","address":{"town":"Entre Ríos","city":"Municipio Entre Ríos","county":"Carrasco","state":"Cochabamba","ISO3166-2-lvl4":"BO-C","country":"Bolivia","country_code":"bo"},"population":7477,"osm_type":"node","osm_id":795663048,"type":"town","location":[-64.5353901,-17.1969527],"bbox":[-64.5753901,-17.2369527,-64.4953901,-17.1569527],"border":{"name":"Entre Rios","other_names":{"alt_name":"Entre Rios","alt":"Entre Ríos"},"display_name":"Entre Rios, Municipio Entre Ríos, Carrasco, Cochabamba, Bolivia","address":{"town":"Entre Rios","city":"Municipio Entre Ríos","county":"Carrasco","state":"Cochabamba","ISO3166-2-lvl4":"BO-C","country":"Bolivia","country_code":"bo"},"population":7477,"osm_type":"way","osm_id":103130407,"type":"town","location":[-64.5353901,-17.1969527],"bbox":[-64.5576628,-17.2193152,-64.5230472,-17.1874791]}}
{"name":"Fernandez Alonso","display_name":"Fernandez Alonso, Municipio Fernández Alonso, Provincia Obispo Santistevan, Santa Cruz, Bolivia","address":{"town":"Fernandez Alonso","city":"Municipio Fernández Alonso","county":"Provincia Obispo Santistevan","state":"Santa Cruz","ISO3166-2-lvl4":"BO-S","country":"Bolivia","country_code":"bo"},"population":5363,"osm_type":"node","osm_id":795493658,"type":"town","location":[-63.23234,-17.0097948],"bbox":[-63.27234,-17.0497948,-63.19234,-16.9697948],"border":{"name":"Fernandez Alonso","display_name":"Fernandez Alonso, Municipio Fernández Alonso, Provincia Obispo Santistevan, Santa Cruz, Bolivia","address":{"town":"Fernandez Alonso","city":"Municipio Fernández Alonso","county":"Provincia Obispo Santistevan","state":"Santa Cruz","ISO3166-2-lvl4":"BO-S","country":"Bolivia","country_code":"bo"},"population":5363,"osm_type":"way","osm_id":166428522,"type":"town","location":[-63.23234,-17.0097948],"bbox":[-63.2362047,-17.0200439,-63.2183117,-17.0045543]}}
{"name":"General Saavedra","other_names":{"alt_name":"Saavedra"},"display_name":"General Saavedra, Municipio General Saavedra, Provincia Obispo Santistevan, Santa Cruz, Bolivia","address":{"town":"General Saavedra","city":"Municipio General Saavedra","county":"Provincia Obispo Santistevan","state":"Santa Cruz","ISO3166-2-lvl4":"BO-S","country":"Bolivia","country_code":"bo"},"population":5267,"osm_type":"node","osm_id":4112429475,"type":"town","location":[-63.2143516,-17.2250784],"bbox":[-63.2543516,-17.2650784,-63.1743516,-17.1850784]}
{"name":"Ivirgarzama","display_name":"Ivirgarzama, Municipio Puerto Villarroel, Carrasco, Cochabamba, Bolivia","address":{"town":"Ivirgarzama","village":"Municipio Puerto Villarroel","county":"Carrasco","state":"Cochabamba","ISO3166-2-lvl4":"BO-C","country":"Bolivia","country_code":"bo"},"population":8255,"osm_type":"node","osm_id":495944629,"type":"town","location":[-64.8575169,-17.0337524],"bbox":[-64.8975169,-17.0737524,-64.8175169,-16.9937524]}
{"name":"Lahuachaca","other_names":{"alt_name":"Lawachaca"},"display_name":"Lahuachaca, Municipio Sica Sica, Provincia Aroma, La Paz, Bolivia","address":{"town":"Lahuachaca","village":"Municipio Sica Sica","county":"Provincia Aroma","state":"La Paz","ISO3166-2-lvl4":"BO-L","country":"Bolivia","country_code":"bo"},"population":5874,"osm_type":"node","osm_id":1414639721,"type":"town","location":[-67.6746016,-17.3764769],"bbox":[-67.7146016,-17.4164769,-67.6346016,-17.3364769],"border":{"name":"Lahuachaca","other_names":{"alt_name":"Lawachaca"},"display_name":"Lahuachaca, Municipio Sica Sica, Provincia Aroma, La Paz, Bolivia","address":{"town":"Lahuachaca","village":"Municipio Sica Sica","county":"Provincia Aroma","state":"La Paz","ISO3166-2-lvl4":"BO-L","country":"Bolivia","country_code":"bo"},"population":5874,"osm_type":"way","osm_id":127910206,"type":"town","location":[-67.6746016,-17.3764769],"bbox":[-67.6923874,-17.3837271,-67.6659926,-17.3644894]}}
{"name":"Magdalena","other_names":{"official_name":"Nuestra Señora de la Magdalena"},"display_name":"Magdalena, Canton Magdalena, Municipio Magdalena, Provincia de Iténez, Beni, Bolivia","address":{"town":"Magdalena","city_district":"Canton Magdalena","city":"Municipio Magdalena","county":"Provincia de Iténez","state":"Beni","ISO3166-2-lvl4":"BO-B","country":"Bolivia","country_code":"bo"},"population":5516,"osm_type":"node","osm_id":1573616750,"type":"town","location":[-64.0544595,-13.2637193],"bbox":[-64.0944595,-13.3037193,-64.0144595,-13.2237193],"border":{"name":"Magdalena","other_names":{"official_name":"Nuestra Señora de la Magdalena"},"display_name":"Magdalena, Canton Magdalena, Municipio Magdalena, Provincia de Iténez, Beni, Bolivia","address":{"town":"Magdalena","city_district":"Canton Magdalena","city":"Municipio Magdalena","county":"Provincia de Iténez","state":"Beni","ISO3166-2-lvl4":"BO-B","country":"Bolivia","country_code":"bo"},"population":5516,"osm_type":"way","osm_id":187152100,"type":"town","location":[-64.0544595,-13.2637193],"bbox":[-64.0689611,-13.2711596,-64.0446667,-13.2448914]}}
{"name":"Mairana","display_name":"Mairana, Municipio Mairana, Provincia Florida, Santa Cruz, Bolivia","address":{"town":"Mairana","city":"Municipio Mairana","county":"Provincia Florida","state":"Santa Cruz","ISO3166-2-lvl4":"BO-S","country":"Bolivia","country_code":"bo"},"population":6756,"osm_type":"node","osm_id":10770359963,"type":"town","location":[-63.9563621,-18.1193379],"bbox":[-63.9963621,-18.1593379,-63.9163621,-18.0793379]}
{"name":"Mayaya","display_name":"Mayaya, Municipio Teoponte, Provincia Larecaja, La Paz, Bolivia","address":{"town":"Mayaya","city":"Municipio Teoponte","county":"Provincia Larecaja","state":"La Paz","ISO3166-2-lvl4":"BO-L","country":"Bolivia","country_code":"bo"},"population":959,"osm_type":"node","osm_id":5703948305,"type":"town","location":[-67.6103691,-15.4113617],"bbox":[-67.6503691,-15.4513617,-67.5703691,-15.3713617]}
{"name":"Monteagudo","display_name":"Monteagudo, Provincia Hernando Siles, Chuquisaca, Bolivia","address":{"town":"Monteagudo","county":"Provincia Hernando Siles","state":"Chuquisaca","ISO3166-2-lvl4":"BO-H","country":"Bolivia","country_code":"bo"},"population":9135,"osm_type":"node","osm_id":795493520,"type":"town","location":[-63.9551052,-19.8028386],"bbox":[-63.9951052,-19.8428386,-63.9151052,-19.7628386]}
{"name":"Okinawa","other_names":{"alt_name":"San Juan de Okinawa"},"display_name":"Okinawa, Municipio Okinawa Uno, Provincia Warnes, Santa Cruz, Bolivia","address":{"town":"Okinawa","city":"Municipio Okinawa Uno","county":"Provincia Warnes","state":"Santa Cruz","ISO3166-2-lvl4":"BO-S","country":"Bolivia","country_code":"bo"},"population":6446,"osm_type":"node","osm_id":795601547,"type":"town","location":[-62.8946437,-17.2187172],"bbox":[-62.9346437,-17.2587172,-62.8546437,-17.1787172],"border":{"name":"Okinawa","other_names":{"alt_name":"San Juan de Okinawa"},"display_name":"Okinawa, Municipio Okinawa Uno, Provincia Warnes, Santa Cruz, Bolivia","address":{"town":"Okinawa","city":"Municipio Okinawa Uno","county":"Provincia Warnes","state":"Santa Cruz","ISO3166-2-lvl4":"BO-S","country":"Bolivia","country_code":"bo"},"population":6446,"osm_type":"way","osm_id":409317619,"type":"town","location":[-62.8946437,-17.2187172],"bbox":[-62.9040557,-17.2264865,-62.8816596,-17.2092747]}}
{"name":"Pailón","display_name":"Pailón, Chiquitos, Santa Cruz, Bolivia","address":{"town":"Pailón","county":"Chiquitos","state":"Santa Cruz","ISO3166-2-lvl4":"BO-S","country":"Bolivia","country_code":"bo"},"population":9850,"osm_type":"node","osm_id":499155761,"type":"town","location":[-62.7197122,-17.6596808],"bbox":[-62.7597122,-17.6996808,-62.6797122,-17.6196808]}
{"name":"Palos Blancos","display_name":"Palos Blancos, Municipio Palos Blancos, Provincia Sud Yungas, La Paz, Bolivia","address":{"town":"Palos Blancos","county":"Provincia Sud Yungas","state":"La Paz","ISO3166-2-lvl4":"BO-L","country":"Bolivia","country_code":"bo"},"population":5478,"osm_type":"node","osm_id":1412549574,"type":"town","location":[-67.2502218,-15.5864887],"bbox":[-67.2902218,-15.6264887,-67.2102218,-15.5464887],"border":{"name":"Municipio Palos Blancos","other_names":{"alt":"Palos Blancos"},"display_name":"Municipio Palos Blancos, Provincia Sud Yungas, La Paz, Bolivia","address":{"town":"Municipio Palos Blancos","county":"Provincia Sud Yungas","state":"La Paz","ISO3166-2-lvl4":"BO-L","country":"Bolivia","country_code":"bo"},"population":12643,"osm_type":"relation","osm_id":4499814,"type":"administrative","location":[-67.2502218,-15.5864887],"bbox":[-67.6645767,-15.9370332,-66.8027978,-14.9219403]}}
{"name":"Pandoja","display_name":"Pandoja, Quillacollo, Cochabamba, Bolivia","address":{"town":"Pandoja","county":"Quillacollo","state":"Cochabamba","ISO3166-2-lvl4":"BO-C","country":"Bolivia","country_code":"bo"},"population":6611,"osm_type":"node","osm_id":796498693,"type":"town","location":[-66.2684841,-17.3642619],"bbox":[-66.3084841,-17.4042619,-66.2284841,-17.3242619]}
{"name":"Pocpocollo","display_name":"Pocpocollo, Quillacollo, Cochabamba, Bolivia","address":{"town":"Pocpocollo","county":"Quillacollo","state":"Cochabamba","ISO3166-2-lvl4":"BO-C","country":"Bolivia","country_code":"bo"},"osm_type":"node","osm_id":7579082351,"type":"town","location":[-66.2549276,-17.373477],"bbox":[-66.2949276,-17.413477,-66.2149276,-17.333477]}
{"name":"Porco","other_names":{"alt_name":"Ingenio Porco"},"display_name":"Porco, Municipio Porco, Antonio Quijarro, Potosí, Bolivia","address":{"town":"Porco","city":"Municipio Porco","county":"Antonio Quijarro","state":"Potosí","ISO3166-2-lvl4":"BO-P","country":"Bolivia","country_code":"bo"},"population":5287,"osm_type":"node","osm_id":796768624,"type":"town","location":[-65.9877907,-19.7993313],"bbox":[-66.0277907,-19.8393313,-65.9477907,-19.7593313]}
{"name":"San Ignacio de Velasco","display_name":"San Ignacio de Velasco, Velasco, Santa Cruz, Bolivia","address":{"town":"San Ignacio de Velasco","city":"San Ignacio de Velasco","county":"Velasco","state":"Santa Cruz","ISO3166-2-lvl4":"BO-S","country":"Bolivia","country_code":"bo"},"osm_type":"way","osm_id":160460028,"type":"town","location":[-60.96573378655334,-16.376108799999997],"bbox":[-60.9821376,-16.395544,-60.9492485,-16.3571989]}
{"name":"San Javier","display_name":"San Javier, Provincia Ñuflo de Chávez, Santa Cruz, Bolivia","address":{"town":"San Javier","county":"Provincia Ñuflo de Chávez","state":"Santa Cruz","ISO3166-2-lvl4":"BO-S","country":"Bolivia","country_code":"bo"},"population":7119,"osm_type":"node","osm_id":795493608,"type":"town","location":[-62.5044287,-16.2739191],"bbox":[-62.5444287,-16.3139191,-62.4644287,-16.2339191]}
{"name":"San Juan de Yapacaní","other_names":{"alt_name":"Colonia Japonesa San Juan de Yapacaní"},"display_name":"San Juan de Yapacaní, Municipio San Juan, Provincia Ichilo, Santa Cruz, Bolivia","address":{"town":"San Juan de Yapacaní","city":"Municipio San Juan","county":"Provincia Ichilo","state":"Santa Cruz","ISO3166-2-lvl4":"BO-S","country":"Bolivia","country_code":"bo"},"population":5401,"osm_type":"node","osm_id":497265814,"type":"town","location":[-63.8470843,-17.2915516],"bbox":[-63.8870843,-17.3315516,-63.8070843,-17.2515516],"border":{"name":"San Juan","other_names":{"alt_name":"San Juan de Yapacaní"},"display_name":"San Juan, Municipio San Juan, Provincia Ichilo, Santa Cruz, Bolivia","address":{"town":"San Juan","city":"Municipio San Juan","county":"Provincia Ichilo","state":"Santa Cruz","ISO3166-2-lvl4":"BO-S","country":"Bolivia","country_code":"bo"},"osm_type":"way","osm_id":323276083,"type":"town","location":[-63.85062421776837,-17.292065049999998],"bbox":[-63.8612711,-17.3006678,-63.8399022,-17.2828933]}}
{"name":"San Matías","display_name":"San Matías, San Matias, Provincia Ángel Sandóval, Santa Cruz, Bolivia","address":{"town":"San Matías","county":"Provincia Ángel Sandóval","state":"Santa Cruz","ISO3166-2-lvl4":"BO-S","country":"Bolivia","country_code":"bo"},"population":6336,"osm_type":"node","osm_id":795493582,"type":"town","location":[-58.4001944,-16.3598435],"bbox":[-58.4401944,-16.3998435,-58.3601944,-16.3198435]}
{"name":"San Ramón","display_name":"San Ramón, Municipio San Ramón, Provincia Ñuflo de Chávez, Santa Cruz, Bolivia","address":{"town":"San Ramón","city":"Municipio San Ramón","county":"Provincia Ñuflo de Chávez","state":"Santa Cruz","ISO3166-2-lvl4":"BO-S","country":"Bolivia","country_code":"bo"},"population":6398,"osm_type":"node","osm_id":795493652,"type":"town","location":[-62.500201,-16.6151671],"bbox":[-62.540201,-16.6551671,-62.460201,-16.5751671]}
{"name":"Santa Fe","other_names":{"alt_name":"Santa Fe de Yapacani"},"display_name":"Santa Fe, Provincia Ichilo, Santa Cruz, Bolivia","address":{"town":"Santa Fe","county":"Provincia Ichilo","state":"Santa Cruz","ISO3166-2-lvl4":"BO-S","country":"Bolivia","country_code":"bo"},"population":8454,"osm_type":"relation","osm_id":13417010,"type":"town","location":[-63.827596225211764,-17.39221125],"bbox":[-63.8369063,-17.4011914,-63.8159528,-17.3817869]}
{"name":"Santa Rosa del Sara","display_name":"Santa Rosa del Sara, Municipio Santa Rosa del Sara, Sara, Santa Cruz, Bolivia","address":{"town":"Santa Rosa del Sara","city":"Municipio Santa Rosa del Sara","county":"Sara","state":"Santa Cruz","ISO3166-2-lvl4":"BO-S","country":"Bolivia","country_code":"bo"},"population":5238,"osm_type":"node","osm_id":795663056,"type":"town","location":[-63.5990338,-17.1096766],"bbox":[-63.6390338,-17.1496766,-63.5590338,-17.0696766]}
{"name":"Santos Reyes","other_names":{"name:ru":"Рейес","alt_name":"Reyes"},"display_name":"Santos Reyes, Canton Reyes, Reyes, General José Ballivián Segurola, Beni, Bolivia","address":{"town":"Santos Reyes","city_district":"Canton Reyes","city":"Reyes","county":"General José Ballivián Segurola","state":"Beni","ISO3166-2-lvl4":"BO-B","country":"Bolivia","country_code":"bo"},"population":7202,"osm_type":"node","osm_id":795493662,"type":"town","location":[-67.335855,-14.2952193],"bbox":[-67.375855,-14.3352193,-67.295855,-14.2552193],"border":[{"name":"Santos Reyes","other_names":{"name:ru":"Рейес","alt_name":"Reyes"},"display_name":"Santos Reyes, Canton Reyes, Reyes, General José Ballivián Segurola, Beni, Bolivia","address":{"town":"Santos Reyes","city_district":"Canton Reyes","city":"Reyes","county":"General José Ballivián Segurola","state":"Beni","ISO3166-2-lvl4":"BO-B","country":"Bolivia","country_code":"bo"},"population":7202,"osm_type":"way","osm_id":232519173,"type":"town","location":[-67.335855,-14.2952193],"bbox":[-67.3423081,-14.3061742,-67.3225719,-14.2898101]},{"name":"Reyes","other_names":{"official_name":"Municipio Reyes"},"display_name":"Reyes, General José Ballivián Segurola, Beni, Bolivia","address":{"city":"Reyes","county":"General José Ballivián Segurola","state":"Beni","ISO3166-2-lvl4":"BO-B","country":"Bolivia","country_code":"bo"},"population":13668,"osm_type":"relation","osm_id":4055250,"type":"administrative","location":[-66.94720138242407,-13.15571885],"bbox":[-67.5648882,-14.6170836,-66.5945424,-11.6931889]}]}
{"name":"Shinahota","display_name":"Shinahota, Municipio Shinahota, Tiraque, Cochabamba, Bolivia","address":{"town":"Shinahota","city":"Municipio Shinahota","county":"Tiraque","state":"Cochabamba","ISO3166-2-lvl4":"BO-C","country":"Bolivia","country_code":"bo"},"population":5669,"osm_type":"node","osm_id":795628868,"type":"town","location":[-65.2454909,-16.9962125],"bbox":[-65.2854909,-17.0362125,-65.2054909,-16.9562125]}
{"name":"Siglo XX","display_name":"Siglo XX, Llallagua, Provincia Rafael Bustillo, Potosí, Bolivia","address":{"town":"Siglo XX","city":"Llallagua","county":"Provincia Rafael Bustillo","state":"Potosí","ISO3166-2-lvl4":"BO-P","country":"Bolivia","country_code":"bo"},"population":5834,"osm_type":"node","osm_id":795493670,"type":"town","location":[-66.5890636,-18.4214947],"bbox":[-66.6290636,-18.4614947,-66.5490636,-18.3814947]}
{"name":"Sipe Sipe","other_names":{"name:qu":"Sipi Sipi"},"display_name":"Sipe Sipe, Quillacollo, Cochabamba, Bolivia","address":{"town":"Sipe Sipe","county":"Quillacollo","state":"Cochabamba","ISO3166-2-lvl4":"BO-C","country":"Bolivia","country_code":"bo"},"population":11860,"osm_type":"node","osm_id":795673006,"type":"town","location":[-66.3575415,-17.4535441],"bbox":[-66.3975415,-17.4935441,-66.3175415,-17.4135441],"border":{"name":"Sipe Sipe","other_names":{"official_name":"Municipio Sipe Sipe","name:qu":"Sipi Sipi"},"display_name":"Sipe Sipe, Quillacollo, Cochabamba, Bolivia","address":{"town":"Sipe Sipe","county":"Quillacollo","state":"Cochabamba","ISO3166-2-lvl4":"BO-C","country":"Bolivia","country_code":"bo"},"population":41571,"osm_type":"relation","osm_id":4505698,"type":"administrative","location":[-66.3575415,-17.4535441],"bbox":[-66.5389132,-17.7073383,-66.2737167,-17.2838274]}}
{"name":"Uncía","display_name":"Uncía, Municipio Uncía, Provincia Rafael Bustillo, Potosí, Bolivia","address":{"town":"Uncía","county":"Provincia Rafael Bustillo","state":"Potosí","ISO3166-2-lvl4":"BO-P","country":"Bolivia","country_code":"bo"},"population":8902,"osm_type":"node","osm_id":794378368,"type":"town","location":[-66.5681946,-18.4665145],"bbox":[-66.6081946,-18.5065145,-66.5281946,-18.4265145],"border":{"name":"Municipio Uncía","other_names":{"alt":"Uncía"},"display_name":"Municipio Uncía, Provincia Rafael Bustillo, Potosí, Bolivia","address":{"town":"Municipio Uncía","county":"Provincia Rafael Bustillo","state":"Potosí","ISO3166-2-lvl4":"BO-P","country":"Bolivia","country_code":"bo"},"population":8902,"osm_type":"relation","osm_id":4126929,"type":"administrative","location":[-66.5681946,-18.4665145],"bbox":[-66.7382737,-18.7726707,-66.2673173,-18.4284134]}}
